OBJECTID,UnitID,UnitID2,Name,UnitType,Status,PW Grid No,GLOBALID,Flow direction,Shape__Length
97,81353,81355,,CREEK,ACT,60-446,4f53b36d-7506-4eb4-90ae-30cb70eecebd,1,1825.957442
252,81655,81656,,CREEK,ACT,57-446,2c262eb3-7e44-49fa-bbd1-fc0aecce5dac,1,225.6802545
423,14990,15039,,CREEK,ACT,30-474,c138b913-abab-41bc-bfb1-042dd246e82c,1,344.4983883
425,40059,40058,Pettyjohn Creek (Trib. Willamette R.),CREEK,ACT,27-462,82a63cda-3e94-42c6-999b-010b8406a166,1,1300.941873
428,37249,27081,,CREEK,ACT,51-458,9855b9a5-80c4-4672-aa79-f39275d9b91c,1,56.88888257
431,36981,38173,,CREEK,ACT,51-458,806a45de-2346-444b-981d-34367e57e2c3,1,1163.568282
432,27722,41012,,CREEK,ACT,54-460,9700b8a3-a987-4133-a971-f4d0fdffa173,1,129.5702601
433,41013,41015,,CREEK,ACT,54-460,8821e47a-38e0-4a25-80c8-ab9afa4752bb,1,129.152398
434,41014,41016,,CREEK,ACT,54-458,fdc8ceb5-220d-4f01-ba94-6371688d1bce,1,26.2827558
435,41020,41022,,CREEK,ACT,54-460,c12d83b5-e706-43a2-a0d0-698645b740fb,1,557.3927544
436,41019,41021,,CREEK,ACT,54-460,5f0c2227-2420-466a-aba0-ecbfbb849797,1,232.4796589
459,46152,46157,Trib. West Middle Fork Little Pudding River,CREEK,ACT,60-462,ffd7e6eb-3451-4467-be18-96a106b4fa55,1,741.8291324
463,37284,47732,,CREEK,ACT,18-458,bb00ed02-6db8-407b-b8f4-508d0ecb0fe1,1,5565.696597
465,47734,47734,,CREEK,ACT,21-458,a125fdfd-5946-41b5-bc46-676a15fbdb76,1,1716.985413
466,47735,38208,,CREEK,ACT,21-458,f361e404-bd4e-4e19-b210-ffbaea041c5e,1,5.172637476
480,51252,48387,,CREEK,ACT,33-484,b2c7c134-202e-431f-a4f5-4b2904b22ce4,1,146.5774144
546,41979,41980,,CREEK,ACT,54-498,d4f75e92-ec62-4aaf-9ca9-74a4c1aaf810,1,2109.635417
547,33081,42931,,CREEK,ACT,51-450,de23e07f-4697-4ed0-9037-1cc80c85d67b,1,65.91601052
549,4830,4829,,CREEK,ACT,54-482,c6c404d7-8318-4ac9-a6f3-62d8baafd192,1,18.48513667
563,26970,27002,,CREEK,ACT,39-458,c74aec8f-ccd7-4c5e-992d-1ab364ff321e,1,391.7877238
564,41017,41018,,CREEK,ACT,54-458,d2ee7782-c361-4572-84e2-23e0526878bf,1,1868.332319
566,31687,42623,,CREEK,ACT,51-452,6f7f4da3-302f-4f5c-9e2c-890c532275aa,1,1842.086007
567,26483,37905,,CREEK,ACT,51-460,8e1649e8-456e-4a42-b546-86248933991f,1,1318.206909
571,28695,28146,,CREEK,ACT,45-456,71126010-0f15-4105-9e1b-faa24e0b8f81,1,1750.123904
577,4829,4202,,CREEK,ACT,54-482,65a97020-41fc-4ed7-b680-b5feeddae58d,1,1022.506158
578,4202,4197,,CREEK,ACT,54-484,455cda1d-bcd1-4957-a090-71570824db1f,1,7.851676879
582,27004,26964,,CREEK,ACT,39-458,2f670d57-2da1-460d-aee7-1943e96b0603,1,94.53771178
588,12237,11026,Hidden Echo Creek,CREEK,ACT,27-476,110dcfe6-60b4-4756-bc45-29c97c47f451,1,844.7747377
590,27017,26958,,CREEK,ACT,39-458,b91c9947-cf30-4427-b573-70a99c0f7d01,1,201.9520916
594,31344,31334,,CREEK,ACT,45-452,1b54d8bc-60bb-4d75-93b3-ed60ec84c08f,1,16.09381211
595,31334,31307,,CREEK,ACT,45-452,efa99b98-f5c4-44b3-bbd0-48b50fb1d8e0,1,34.32097084
600,34868,34425,,CREEK,ACT,36-448,21701392-41bb-4cb4-97c9-7c4bf167b641,1,805.1775591
620,27979,62777,,CREEK,ACT,51-458,0280d37b-3c50-4c20-980c-2b4696c395d2,1,689.7242301
623,35407,35609,,CREEK,ACT,42-446,44b95e73-e0b5-4191-95e1-8caf23a19a56,1,666.6836413
625,15447,15419,,CREEK,ACT,30-474,6232826c-5b24-4df5-b060-8e38ddede0d6,1,350.5173571
636,41977,41978,,CREEK,ACT,54-498,4bc6131c-5273-4243-a51e-06a67edd89c0,1,855.9244715
665,123892,,,CREEK,ACT,48-452,1a4a2fd9-49fb-433f-af69-c90624048c7d,1,6.713792307
718,33683,89670,,CREEK,ACT,30-452,ac57360a-feb2-4844-b85e-c660ba15446c,1,713.7800383
719,89670,89671,,CREEK,ACT,30-452,f600ae67-56ad-48fa-b6f9-74d422675aea,1,283.9014848
737,37105,36809,,CREEK,ACT,48-452,67cf29ca-6f91-46b2-9921-0a9074415d2a,1,108.1343139
745,37830,36950,,CREEK,ACT,48-484,a896709a-45fa-46a9-b81e-d2d2bce57972,1,132.0867892
746,37874,36904,,CREEK,ACT,48-484,cca7c003-af0f-4f62-975a-f3f1f695912b,1,95.51428466
747,37828,36903,,CREEK,ACT,48-484,55e8d5bb-41ea-438f-ba92-16e78ff0365c,1,53.71297619
761,94770,97106,,CREEK,ACT,60-462,127e4bc3-7e22-4b82-8536-d78a2cf27b56,1,1001.400559
762,33829,33687,,CREEK,ACT,33-450,6a9857a4-b5c3-4d3d-a296-664e495867ad,1,378.2191699
768,34163,33961,,CREEK,ACT,33-450,73e9aef5-53af-4d34-b3ec-1a4241fde22a,1,288.7429183
778,38037,76308,,CREEK,ACT,48-486,aba45f3c-e8f9-4c25-8a29-9f2ada68d2e2,1,306.0276914
779,37827,37113,,CREEK,ACT,48-484,cedf714e-0ea2-4640-adc4-e55aef057cdf,1,258.7120483
786,37924,23261,,CREEK,ACT,60-462,e9d39ed2-0b25-4fbe-8013-4394fbc8f116,1,363.6903853
788,37892,62772,,CREEK,ACT,51-454,f97bfb6f-4e25-45e1-8179-66761522f820,1,579.4399216
1046,22794,22750,,CREEK,ACT,60-464,b8914b26-aa4f-42a9-a326-74ef111d7311,1,473.713515
1057,24060,38138,,CREEK,ACT,60-462,506cfcac-e51a-4d4d-9232-e9df5b9c9dcc,1,33.56415103
1058,37214,94770,,CREEK,ACT,60-462,9ab02993-4afe-4ffa-a875-b429495bb66d,1,204.5394171
1252,29538,36968,,CREEK,ACT,51-454,4ceac6b5-ba7d-4a7b-85f9-9e04b7d8817b,1,155.0532695
1253,30496,29538,,CREEK,ACT,51-454,faec148c-c35a-42c9-9909-f75740082a41,1,1920.307379
1256,31307,30717,,CREEK,ACT,45-452,3bd05e9c-dd6c-4a11-9238-1cc678054134,1,570.680956
1263,8633,7573,,CREEK,ACT,54-478,21e573b5-0662-4916-ae4a-934c86ba368e,1,1078.715637
1264,33503,33795,,CREEK,ACT,42-450,6f36f456-6d72-43af-852f-e41ab29d1033,1,468.3271099
1266,557,659,,CREEK,ACT,51-492,344ad9ea-62e8-42ae-9df8-0ff180b70a4a,1,115.9751881
1267,7329,7082,,CREEK,REM,57-480,5401c9f2-c820-4cf8-9e11-810df4e5eb97,1,254.7617051
1277,27221,27070,Clark Creek,CREEK,ACT,36-458,8c6410cd-6866-4d74-b5a6-1a37d2504722,1,187.712712
1282,37264,120050,,CREEK,ACT,51-494,04d3ff41-6dce-4d6c-bbfa-bb48d79fb1a7,1,484.565776
1285,123900,38029,,CREEK,ACT,48-452,e74cbb53-2da8-460c-a7cf-cc218e2419ea,1,87.91880488
1286,123894,123899,,CREEK,ACT,48-452,c1350cdb-ca61-45b9-ac28-1d262f297ca2,1,35.56111053
1287,123584,123893,,CREEK,ACT,48-452,d3df1a25-75ef-4c69-ba64-42aaf735cd88,1,53.23872578
1288,123577,123579,,CREEK,ACT,48-452,f9008076-378d-41c3-bddb-b8e54cd84e8a,1,95.99317108
1289,123579,123580,,CREEK,ACT,48-452,7c55c9e7-97df-49e7-a1f0-ea7cf29e95aa,1,9.691348359
1290,123583,123584,,CREEK,ACT,48-452,6e7bac58-fda1-4cb9-814f-ff5bd8dc8342,1,9.629305004
1291,123582,123584,,CREEK,ACT,48-452,86b37667-35d4-4233-9f5d-502003dd3f2f,1,9.274026378
1292,123893,123585,,CREEK,ACT,48-452,4410a5b8-2c5f-4198-8943-2b75b1618d37,1,7.265502706
1293,123891,123894,,CREEK,ACT,48-452,e3bc510a-690d-41e8-b926-5eaea5bc1ee6,1,7.09256058
1294,123899,123895,,CREEK,ACT,48-452,b11f164b-6218-43bd-aa90-d41b73d9aaa3,1,12.91942672
1295,123897,123900,,CREEK,ACT,48-452,a8a65381-ab47-4e86-8096-e41282081b1e,1,8.623537496
1296,123898,123900,,CREEK,ACT,48-452,6dd9b1f1-90bc-4296-92c4-d36d9e954630,1,6.482500443
1312,30418,110770,West Middle Fork Little Pudding River,CREEK,REM,51-454,77a798ce-aea5-4b61-8109-91faa1ee3a55,1,1362.959058
1313,30485,30418,,CREEK,ACT,51-454,e26c8af9-34e7-44a4-8b64-fd326534e056,1,972.9725671
1314,111091,7741,,CREEK,ACT,57-480,945d554d-8faf-4760-af78-4b98813bdcc7,1,1045.56215
1348,68903,101175,North Fork Little Pudding River,CREEKEPH,ACT,60-490,5b4ab7c5-4048-444b-afb4-839023e9d6b0,1,786.1550831
1462,27025,27016,,CREEK,ACT,39-458,5303010e-9804-46b4-99a5-7c70e77d6cc0,1,17.75823417
1463,27011,27016,,CREEK,ACT,39-458,5354d445-b53a-45c8-9800-879e7e78abd4,1,20.94139893
1541,808,149170,,CREEK,ACT,54-492,59f1d500-5c56-43ce-82a8-3c5b44984cc6,1,134.3110461
1542,930,149172,,CREEK,ACT,54-492,508c666b-abef-4b5e-ba01-3516bf09d9e8,1,737.0711012
1543,149171,741,,CREEK,ACT,51-492,8a4f9a54-cf89-4fbf-8d05-e8eb5e1676b8,1,258.2772459
1738,26553,123570,Clark Creek,CREEK,ACT,36-460,d24c2881-a3f5-40c8-b784-4926478a5a5e,1,316.5746293
1813,182835,182836,Battle Creek,CREEK,ACT,33-444,dd4e8d05-2af2-4702-afcf-2876ba9421ad,1,68.93924671
1814,182831,182832,Battle Creek,CREEK,ACT,33-442,15987854-698a-4386-9c6b-ffe8f104cbde,1,19.5260243
1815,182829,182830,Battle Creek,CREEK,ACT,33-442,238cc5c5-0b6f-43c6-a163-dca93b7d14d7,1,17.30787393
1816,182827,182828,Battle Creek,CREEK,ACT,27-444,980d74d9-7f77-49ae-869c-6575360e688d,1,31.23750728
1817,182819,182820,Ruggles Swale (Trib. Battle Creek),CREEK,ACT,27-446,b351ebb4-7030-43bd-a873-110f6cf0af59,1,193.3115268
1818,182818,182819,Ruggles Swale (Trib. Battle Creek),CREEK,ACT,27-446,b056b861-a754-4c97-94de-6783570f8fe3,1,51.39309292
1819,182825,182826,Ruggles Swale (Trib. Battle Creek),CREEK,ACT,30-446,431faeef-fcfd-4a55-a7fe-59c04b5dae74,1,98.53054356
1820,182771,182772,Cole Brook (Trib. S Fork Battle Creek) ,CREEK,ACT,,cabcb7c7-9ae4-401c-b014-933cfefaec24,1,54.74294119
1821,182772,89012,Cole Brook (Trib. S Fork Battle Creek) ,CREEK,ACT,,edec3a03-73d4-46f3-a044-50350dc80de7,1,1523.524201
1822,182822,182823,Ruggles Swale (Trib. Battle Creek),CREEK,ACT,27-446,3df57ece-d8c8-453e-8247-79a093b0c869,1,46.37297077
1823,182821,182822,Ruggles Swale (Trib. Battle Creek),CREEK,ACT,27-446,0c25a803-ebd6-4cc4-8807-619d3ba3137f,1,50.87169597
1824,182820,182821,Ruggles Swale (Trib. Battle Creek),CREEK,ACT,27-446,e69480fa-9067-4748-aee0-2df3fa969195,1,94.03729317
1825,182833,182834,Battle Creek,CREEK,ACT,33-442,30315722-82e8-4921-95ac-66632a2ea175,1,20.8023696
1826,48392,48391,,CREEK,ACT,33-446,2fda6db9-bdfe-4e51-a027-69765da726c4,1,1429.669205
1828,182837,182838,Battle Creek,CREEK,ACT,36-444,6e15322e-691d-44d6-af87-96c3bc4a0cc0,1,17.95829378
1829,54451,54450,Battle Creek,CREEK,ACT,39-444,ae9ca1ff-c953-46fc-ba26-7ef2a6b99ae9,1,72.68603046
1830,48390,35912,Jory Creek (Trib. Battle Creek),CREEK,ACT,36-446,4e5e60e3-a718-416c-9e55-1741a2217886,1,70.00490461
1831,48389,48388,Jory Creek (Trib. Battle Creek),CREEK,ACT,36-446,5db0984b-49f5-4515-973b-3bc457ca3b15,1,25.2136728
1834,131271,127442,Waln Creek (Trib. Battle Creek),CREEK,ACT,36-450,c23a30d9-eb20-4eb7-b098-52a52748db2f,1,12.26142694
1835,127443,131272,Waln Creek (Trib. Battle Creek),CREEK,ACT,36-450,3288d060-9582-431a-abb1-5d6d1d779139,1,11.25529204
1836,182465,183090,Ruggles Swale (Trib. Battle Creek),CREEK,ACT,27-446,51379649-4ad7-4ea4-b74d-adeab18c7bb1,1,624.2763799
1837,183100,182833,Battle Creek,CREEK,ACT,33-442,4db3f32f-0e38-4daa-87ae-d73490b495c1,1,375.618226
1838,37503,36579,Battle Creek,CREEK,ACT,42-446,2d06e6d7-cb6c-46ae-b4f0-12091ec0a279,1,48.09332581
1839,182843,182844,South Fork Battle Creek,CREEK,ACT,,73456c87-aaa8-4002-9a31-f51c02ffd6c0,1,520.0956095
1840,182844,89017,South Fork Battle Creek,CREEK,ACT,,ae2db44c-650e-4436-a24d-2532b41a0eaa,1,38.65022271
1841,182848,182845,South Fork Battle Creek,CREEK,ACT,,eaf5cf7e-6a26-42a9-aff5-ebd1c87080f2,1,247.7164905
1842,182847,182848,South Fork Battle Creek,CREEK,ACT,,ef5e2632-16dd-4bd9-8bf4-1ebc054f3436,1,43.88817448
1843,182839,183114,Jory Creek (Trib. Battle Creek),CREEK,ACT,36-446,a93b180b-25e8-4a4b-945e-c859772efd62,1,2189.840368
1844,183114,183115,Jory Creek (Trib. Battle Creek),CREEK,ACT,36-446,e1782c44-190f-4565-a99d-e25b1105d16b,1,60.49914665
1845,183119,52211,Jory Creek (Trib. Battle Creek),CREEK,ACT,36-446,abc1e784-6502-4f83-8f45-942aaefff057,1,1018.009369
1846,183116,183117,Jory Creek (Trib. Battle Creek),CREEK,ACT,36-446,a0d0b2b7-2d2f-40b7-bbdb-0d9b5cb3e2f7,1,13.54421466
1847,183117,183118,Jory Creek (Trib. Battle Creek),CREEK,ACT,36-446,ba10f718-4d2f-482f-b11d-79d92aefc0ec,1,75.77358845
1848,183118,183119,Jory Creek (Trib. Battle Creek),CREEK,ACT,36-446,6da1d256-361f-40c9-9599-5883e52cbb08,1,8.889017955
1849,183125,183126,Battle Creek,CREEK,ACT,42-446,00f81c99-dc9e-4268-adac-61f6bbef610e,1,457.1020265
1850,183120,183121,Battle Creek,CREEK,ACT,42-446,3ae6872b-7570-489c-9f55-a601a77f4289,1,13.12696284
1851,183121,183122,Battle Creek,CREEK,ACT,42-446,f3e616b4-01cf-4e47-b0b2-ac6549a88605,1,471.5101676
1852,183122,183123,Battle Creek,CREEK,ACT,42-446,0da32f95-d51f-4877-b496-08931b13c66d,1,6.675018853
1853,183123,183124,Battle Creek,CREEK,ACT,42-446,1c16ea64-1b32-48f9-aabc-7256b8179164,1,189.3564669
1854,183124,183125,Battle Creek,CREEK,ACT,42-446,e7ec747b-66bf-441e-a34e-d8d93d8b695b,1,20.41096803
1855,183127,37503,Battle Creek,CREEK,ACT,42-446,81171b06-fbc2-4180-9789-f4c70b919d50,1,164.1342681
1856,183126,183127,Battle Creek,CREEK,ACT,42-446,dc839951-d3e2-4acb-abc9-b27cd6666c2b,1,14.97344039
1857,88724,183128,Battle Creek,CREEK,ACT,42-446,56a823f7-da79-43a8-9424-1870dcde3673,1,109.2205051
1858,183095,183134,Powell Creek (Trib. Battle Creek),CREEK,ACT,39-442,8c066d3b-a9ca-4986-9b9d-825190ae95f1,1,931.3381895
1859,183134,183135,Powell Creek (Trib. Battle Creek),CREEK,ACT,39-442,614ff762-5962-4371-9c91-5151ad1615a1,1,58.92863008
1860,76233,76232,Powell Creek (Trib. Battle Creek),CREEK,ACT,39-442,9b2511e7-4075-4034-ad0f-7d36fe00c645,1,27.22480577
1861,76231,76230,Powell Creek (Trib. Battle Creek),CREEK,ACT,39-442,4889305e-7c0d-40e2-9db0-4a660f3bf2f7,1,33.15293273
1862,51570,51571,Powell Creek (Trib. Battle Creek),CREEK,ACT,42-444,f1f358cb-53e2-4ae9-b011-34b6d703bb95,1,28.98881461
1863,37498,36574,Powell Creek (Trib. Battle Creek),CREEK,ACT,42-444,67da9c19-276f-4bde-a416-888352042409,1,67.28188264
1864,38254,37330,Powell Creek (Trib. Battle Creek),CREEK,ACT,42-446,fd78954a-d8ec-4379-8e51-033c5a053658,1,54.53019806
1865,37076,38000,Powell Creek (Trib. Battle Creek),CREEK,ACT,45-446,4d389a82-2f2d-4226-8677-c6581550aa5c,1,37.07991991
1866,37077,38001,Powell Creek (Trib. Battle Creek),CREEK,ACT,45-446,a489d385-dfd8-4548-9351-4405a6c0b06c,1,52.03695553
1867,36378,36368,Scotch Creek (Trib. Battle Creek),CREEK,ACT,45-442,f9a659bb-59d0-49f0-8516-0d32215406db,1,67.85575456
1868,73652,73651,Scotch Creek (Trib. Battle Creek),CREEK,ACT,45-442,b8453493-ccc6-4692-aa11-feda14a6a24b,1,68.06817083
1869,38271,37347,Scotch Creek (Trib. Battle Creek),CREEK,ACT,45-444,fa9dae6d-4d66-4c47-bff7-162853994caf,1,44.28468806
1870,50311,50312,Scotch Creek (Trib. Battle Creek),CREEK,ACT,45-444,13c90e73-93d9-42d2-ab0c-33fa8c82f683,1,22.0591039
1871,50313,50314,Scotch Creek (Trib. Battle Creek),CREEK,ACT,45-444,18157b6d-5ce8-40d6-9dc4-ad1b4b890f64,1,22.92672513
1872,36251,103058,Cinnamon Creek (Trib Battle Creek),CREEK,ACT,45-444,1980dae4-43b7-4381-bb46-df572bd6b8de,1,62.60595132
1873,37495,36571,Cinnamon Creek (Trib Battle Creek),CREEK,ACT,45-444,03776eab-2612-49bb-80c2-5d37c24958ea,1,69.8167156
1874,43250,43251,Battle Creek,CREEK,ACT,48-444,43e05171-2646-4124-b168-16dcd65d4495,1,278.5977277
1875,33139,33136,Waln Creek (Trib. Battle Creek),CREEK,ACT,33-450,8c38b90c-5f17-4dfe-8a34-06df639799a9,1,116.2051695
1876,33145,33139,Waln Creek (Trib. Battle Creek),CREEK,ACT,33-450,05a65e12-0621-41bc-bbfb-82b55e1dc978,1,164.1747189
1877,33129,33138,Waln Creek (Trib. Battle Creek),CREEK,ACT,33-450,03531afa-8fb5-4e42-a193-577376d03d26,1,185.7860822
1878,33309,33145,Waln Creek (Trib. Battle Creek),CREEK,ACT,33-450,8f5ee28c-5211-42d7-bcb4-2a80b0c6fdcd,1,241.34436
1879,33136,33129,Waln Creek (Trib. Battle Creek),CREEK,ACT,33-450,678e3d80-bff3-40f0-b64e-315429db0eb3,1,89.00919052
1880,183423,33309,Waln Creek (Trib. Battle Creek),CREEK,ACT,33-450,e578cc50-be67-4f2d-ba4a-6a55e67211b7,1,239.3687707
1881,33107,33109,Waln Creek (Trib. Battle Creek),CREEK,ACT,36-450,eb4cfa92-b60e-4d39-90bf-a16c71ea69aa,1,41.60396438
1882,33105,33107,Waln Creek (Trib. Battle Creek),CREEK,ACT,36-450,e9504872-4816-432c-b1c9-d0a217e7bb47,1,28.80934789
1883,33109,33111,Waln Creek (Trib. Battle Creek),CREEK,ACT,36-450,f78ec4c1-e910-4d34-bb75-4162d24a7674,1,14.76627079
1884,37015,37939,Waln Creek (Trib. Battle Creek),CREEK,ACT,36-450,bc920fdf-095f-48b4-ba04-71fa3e06f865,1,50.82752003
1885,52214,33306,Waln Creek (Trib. Battle Creek),CREEK,ACT,36-450,6dedba59-d673-44be-aa8c-941645161240,1,70.10437916
1886,52215,52216,Waln Creek (Trib. Battle Creek),CREEK,ACT,36-450,8c482bcc-7b20-451b-874d-062c2e0b3981,1,48.88793546
1887,127445,127444,Waln Creek (Trib. Battle Creek),CREEK,ACT,36-450,0c2cbb82-e700-4807-be52-72ba60d5f281,1,21.18626758
1888,127442,127443,Waln Creek (Trib. Battle Creek),CREEK,ACT,36-450,4e77e5da-5958-422e-a920-27f00dda9ed6,1,20.87487359
1889,131272,183424,Waln Creek (Trib. Battle Creek),CREEK,ACT,36-450,95c1c847-ea0b-4065-a02e-7b1fbaadb11f,1,70.33498611
1890,183424,183425,Waln Creek (Trib. Battle Creek),CREEK,ACT,36-450,6d7e56b4-d61e-478e-9be3-c143821328a2,1,3.869648195
1891,36600,37524,Waln Creek (Trib. Battle Creek),CREEK,ACT,36-450,04343c78-44bb-4057-8d3d-18a730232145,1,42.21617954
1892,36601,37525,Waln Creek (Trib. Battle Creek),CREEK,ACT,36-450,143b3bea-94d0-4547-b6f4-8c87ce1a4f45,1,14.17090994
1893,33305,33205,Waln Creek (Trib. Battle Creek),CREEK,ACT,39-450,8a52bb5b-8e2d-4dc9-9239-de408fda5159,1,98.77687698
1894,33205,33184,Waln Creek (Trib. Battle Creek),CREEK,ACT,39-450,307a314a-660e-4d2e-a242-ab1179121bde,1,41.54901472
1896,73653,73652,Scotch Creek (Trib. Battle Creek),CREEK,ACT,45-442,aa81a387-a344-4f85-8609-3591ddf5b08f,1,8.671724735
1897,73651,73650,Scotch Creek (Trib. Battle Creek),CREEK,ACT,45-442,a798073c-39d5-46c1-97d4-4e1eebb9a0e4,1,15.33625251
1898,36368,73650,Scotch Creek (Trib. Battle Creek),CREEK,ACT,45-442,9f7ed6d9-fcde-433d-ad91-99005d01d243,1,18.62572993
1899,183135,76233,Powell Creek (Trib. Battle Creek),CREEK,ACT,39-442,feff6195-53fa-4b64-ab60-3ffb57982ad2,1,1291.673599
1900,77500,77494,West Fork Little Pudding River,CREEK,ACT,57-470,4b680d07-5c54-4b40-81b9-9286debb8ac1,1,102.1315677
1901,80051,37385,Trib. West Middle Fork Little Pudding River,CREEK,ACT,66-458,20830975-73a2-4abd-8721-cba8a13ab2f7,1,513.38778
1902,80052,82404,Trib. West Middle Fork Little Pudding River,CREEK,ACT,66-458,114e3a0c-69a7-4278-bc01-02cbf0e34c2f,1,414.0441784
1903,80054,80053,Trib. West Middle Fork Little Pudding River,CREEK,ACT,66-458,0898fd8c-c6e9-4b77-8916-62b6d895e2d8,1,504.7765637
1904,81657,81658,Trib. East Fork Pringle Creek,CREEK,ACT,57-446,78950b1e-c551-4a79-bcbb-7f364fabda09,1,39.20485237
1905,87738,87737,Mill Creek,CREEK,ACT,45-472,9a8a9dfd-b702-4fcd-97e2-de28256c1291,1,7.248196904
1906,88378,88380,Trib. Mill Creek,CREEK,ACT,54-462,3b2ff759-cfaf-4b23-9be1-618a550171d3,1,484.9517292
1907,36578,88724,Battle Creek,CREEK,ACT,42-446,2b00e828-bd9b-43ad-bac5-6c1e62e2d120,1,521.3679274
1908,37502,36578,Battle Creek,CREEK,ACT,42-446,991f3a15-fe41-4639-875c-feca63b4479a,1,51.66367811
1909,88725,37502,Battle Creek,CREEK,ACT,42-446,b70bc542-f24a-4ba2-87fb-b785054e7205,1,442.687186
1910,89011,89010,Battle Creek,CREEK,ACT,36-444,f2317e3f-f1b1-474e-b05f-5b445b52c4f3,1,28.30109809
1911,89010,183106,Battle Creek,CREEK,ACT,36-444,f284d978-f499-4938-9f7c-a347b866ba87,1,717.6876399
1912,182838,88741,Battle Creek,CREEK,ACT,36-444,c59d15cf-f1ff-43b3-833d-b200677578f5,1,428.1872877
1913,183106,182837,Battle Creek,CREEK,ACT,36-444,b1ab524d-d81d-4460-9046-6fa3e8e1b590,1,90.01234928
1914,182836,183102,Battle Creek,CREEK,ACT,36-444,223376f6-c2a7-47ec-9ffa-6eda3403f5d3,1,320.1671283
1915,183098,183099,Battle Creek,CREEK,ACT,33-442,55038fbc-4331-4e9b-9ad9-169d9e51809a,1,906.0745977
1916,183101,182835,Battle Creek,CREEK,ACT,33-444,51dd0fc8-4cc6-4297-b0a1-d1c5807e4b1e,1,519.7257863
1917,183105,89011,Battle Creek,CREEK,ACT,36-444,48c3c172-5c3c-42ba-ac6f-9103f52e2f12,1,83.74243919
1918,183104,183105,Battle Creek,CREEK,ACT,36-444,2a67e7e4-582d-45cb-b592-ce151cc3ae5a,1,280.160881
1919,183103,183104,Battle Creek,CREEK,ACT,36-444,83b3489a-5a68-4289-9b94-773bce2ea1a8,1,346.1712273
1920,183102,183103,Battle Creek,CREEK,ACT,36-444,1e8ca29b-d138-4479-b0b5-d579616f9e88,1,116.8065108
1921,182834,183101,Battle Creek,CREEK,ACT,33-442,e2fea9c7-c5ea-4d38-a194-fb20af1ca12e,1,370.146281
1922,182832,183100,Battle Creek,CREEK,ACT,33-442,ee886486-dbbc-4d1d-975b-ddaeb8e97945,1,72.89800526
1923,183107,182831,Battle Creek,CREEK,ACT,33-442,a8f285a5-c7ba-4690-94b4-18869afe1e12,1,156.0663204
1924,182830,183107,Battle Creek,CREEK,ACT,33-442,af2822ed-bb85-4757-9694-160733b71341,1,209.9229028
1925,183099,182829,Battle Creek,CREEK,ACT,33-442,c6b834dc-a095-4205-866c-db2e4f0345f5,1,680.4921606
1926,88742,183098,Battle Creek,CREEK,ACT,33-444,cbdbdf55-317b-477e-8c52-7686b71fe93b,1,702.8793544
1927,182462,182463,Battle Creek,CREEK,ACT,27-442,d8f183e3-8b22-49f6-94ff-dd7ecc033f7f,1,36.00325782
1928,182842,182843,South Fork Battle Creek,CREEK,ACT,,cc65d413-c648-46e5-819b-2a338b6dd32e,1,23.10220535
1929,182845,182846,South Fork Battle Creek,CREEK,ACT,,10dcd45f-be75-4af4-8f27-5d9ecee62a92,1,48.99846051
1930,182788,182462,Battle Creek,CREEK,ACT,21-442,6cb32332-ba8b-4dcb-9764-7949bdb74213,1,4464.470177
1931,182828,89014,Battle Creek,CREEK,ACT,27-444,e933aa4f-dccb-4926-8a95-34c0e8c3e262,1,1872.455149
1932,183090,182818,Ruggles Swale (Trib. Battle Creek),CREEK,ACT,27-446,47624948-2ddf-4775-ae60-2f56e0576cb8,1,756.7457561
1933,182846,89012,South Fork Battle Creek,CREEK,ACT,,59572a46-3917-4c9e-af15-2a8747250447,1,404.4443594
1934,182840,89016,South Fork Battle Creek,CREEK,ACT,,d3b7d0dc-58e2-4673-acf4-8d2e0fad2b44,1,4468.843522
1935,89016,182842,South Fork Battle Creek,CREEK,ACT,,b13c84e1-6cf4-4761-b6be-561f3e88dfa7,1,2368.739311
1936,182849,89016,Trib. Battle Creek,CREEK,ACT,,81d9e688-6bde-4221-b87b-17ab7b53f005,1,2941.411527
1937,182841,89017,South Fork Battle Creek,CREEK,ACT,,a6bfb1de-a8e0-470a-b8c2-2b86d2096a80,1,670.804413
1938,89012,182786,South Fork Battle Creek,CREEK,ACT,,be9eb570-f820-4a53-b175-9e599a0bd090,1,181.1339468
1939,100852,100853,Trib. West Fork Little Pudding River,CREEK,ACT,63-490,70fbd33d-2fab-4d66-ba9f-1f371380e2bd,1,100.5721461
1940,100855,100851,Trib. West Fork Little Pudding River,CREEK,ACT,63-486,3ad03338-abdb-4c50-96b8-62c0b263b8e6,1,3889.875876
1942,52216,131271,Waln Creek (Trib. Battle Creek),CREEK,ACT,36-450,3f29e6eb-e850-476f-9adc-0da688e170c3,1,118.7756435
1943,127444,131272,Waln Creek (Trib. Battle Creek),CREEK,ACT,36-450,cacfff0c-a338-4499-97aa-c11d27b57c7b,1,12.01621702
1944,23680,23721,Grey Oak Brook (Trib. Willamette R.),CREEK,ACT,30-462,5567c38b-afa9-4b7d-b5e0-f162bb980241,1,463.7119775
1945,23734,23741,Grey Oak Brook (Trib. Willamette R.),CREEK,ACT,30-462,e705d0ae-e1d4-4235-a5ba-1aeda4c15415,1,57.68087507
1946,23747,37408,Grey Oak Brook (Trib. Willamette R.),CREEK,ACT,30-462,af6dfb87-fa6c-4314-9c56-60d52ffd4656,1,96.81971089
1947,22675,52554,Clark Creek (Trib. Pringle Creek),CREEK,ACT,42-464,fbebfc36-5776-44fb-b85a-0566eb1b2bd4,1,143.7403062
1948,23866,23739,Clark Creek (Trib. Pringle Creek),CREEK,ACT,42-462,ad7564f5-cf8f-4c69-b700-867f6179dafc,1,165.437987
1949,20616,20565,Clark Creek (Trib. Pringle Creek),CREEK,ACT,42-466,b6cf7ba9-0afe-442b-900a-463b03a585bb,1,151.2076474
1950,1170,1120,Michigan Swale (Trib. Glenn Creek),CREEK,ACT,33-490,1a166c05-7ff8-47aa-9c36-9b0546f46706,1,205.8915454
1951,36797,43250,Battle Creek,CREEK,ACT,45-444,215d63dd-d977-45b7-8942-796a65f23dea,1,1439.044274
1953,36240,37495,Cinnamon Creek (Trib Battle Creek),CREEK,ACT,45-444,c5ebf7c0-c1b8-4762-83f0-4a9048ca7cfd,1,778.3217081
1954,36571,52213,Cinnamon Creek (Trib Battle Creek),CREEK,ACT,45-444,c9768c2b-530d-4659-99e2-249ff3040c25,1,802.4877418
1959,1104,41661,Michigan Swale (Trib. Glenn Creek),CREEK,ACT,33-490,0ecf392d-7a9c-4c28-a021-8c45dd3e77b4,1,105.3019755
1960,41665,41664,Middle Michigan Swale (Trib. Glenn Creek),CREEK,ACT,33-490,38a6348f-22af-4dfe-97f3-822be8834c3f,1,54.78723764
1961,43251,43252,Battle Creek,CREEK,ACT,48-444,187be4a1-ff5a-4be4-8025-539c412a1251,1,204.3221384
1962,56076,43254,McKinney Creek,CREEK,ACT,60-434,ce924228-5a17-4b30-a04e-0a2a83ce8591,1,1351.745513
1963,43585,43607,Trib. Mill Creek,CREEK,ACT,51-470,5fe69f0d-46d7-446a-b51e-eac4c66333ac,1,1823.262792
1964,43608,52556,Trib. Mill Creek,CREEK,ACT,51-470,d3fb9d7f-2e8a-4e5e-a1ab-271ece65a4cb,1,305.4033384
1965,52210,73653,Scotch Creek (Trib. Battle Creek),CREEK,ACT,42-442,867ee6e9-f6ad-4a9d-92d0-b1f6435ed7da,1,1549.469421
1966,26226,47737,Chambers Swale (Trib. Willamette R.),CREEK,ACT,21-460,70c0ff98-c880-408c-886a-98d8971e7f21,1,297.0425
1967,47738,26162,Chambers Swale (Trib. Willamette R.),CREEK,ACT,21-460,ebf71f0c-4bc7-480f-b5d7-c922932c70fb,1,778.952094
1968,35980,36046,Trib. Battle Creek,CREEK,ACT,45-446,5c062d01-a1c3-4d20-9c6e-e56edd83576a,1,318.3169835
1969,37379,38302,Trib. Mill Creek,CREEK,ACT,60-454,9f9a59e2-7ddd-46d7-9cf2-49339e0c7639,1,700.5686541
1970,37378,38301,Trib. Mill Creek,CREEK,ACT,57-454,3b4612c2-44e2-42dd-856b-5b3e34edb23e,1,385.3523051
1971,35912,48389,Jory Creek (Trib. Battle Creek),CREEK,ACT,36-446,69b5a5fb-c5ea-4085-a929-af0aaa32ba0b,1,287.5804658
1972,50312,50313,Scotch Creek (Trib. Battle Creek),CREEK,ACT,45-444,cee0aa90-c610-4bc2-a04c-940e4b2fa133,1,54.17400574
1973,37330,36056,Powell Creek (Trib. Battle Creek),CREEK,ACT,42-446,529ee7a1-0712-437b-a498-2a9050e625ec,1,0.883623987
1974,36106,50307,Powell Creek (Trib. Battle Creek),CREEK,ACT,42-446,2deb29b7-b633-4058-ac0a-7dd3e32ca78b,1,486.5830936
1975,37328,38253,Powell Creek (Trib. Battle Creek),CREEK,ACT,42-446,7a9a2fc3-9bd3-4b8a-b09f-cf7baa704e35,1,219.5505065
1976,37329,38254,Powell Creek (Trib. Battle Creek),CREEK,ACT,42-446,a5723dcc-550c-4e1c-b3b8-2e36b0fa4b7a,1,286.2755014
1977,51571,37498,Powell Creek (Trib. Battle Creek),CREEK,ACT,42-444,57256bfb-6d8c-4e05-84a9-cbde497ad76c,1,26.00985177
1978,36056,37076,Powell Creek (Trib. Battle Creek),CREEK,ACT,42-446,fb93ee0c-84e5-4881-849e-c5976132147a,1,264.7094447
1979,38000,37077,Powell Creek (Trib. Battle Creek),CREEK,ACT,45-446,7ae45098-ca10-4031-8874-0823a44a4b67,1,343.5072891
1980,33183,37022,Waln Creek (Trib. Battle Creek),CREEK,ACT,33-450,35de0f52-e756-4948-98c7-ee96890ed906,1,414.7372133
1981,81039,38435,North Fork Little Pudding River,CREEK,ACT,60-494,774e00a8-0d44-44b4-b922-e43949ad9041,1,470.3305946
1982,37524,36601,Waln Creek (Trib. Battle Creek),CREEK,ACT,36-450,5c70abe8-0418-4e94-93ab-0608c46bacec,1,59.03194589
1983,88741,54451,Battle Creek,CREEK,ACT,39-444,c4708e63-28b9-450a-9de2-129fbc981b5a,1,2232.8148
1984,127426,127423,Clark Creek (Trib. Pringle Creek),CREEK,ACT,39-460,89ddb556-aa6b-4349-9bc2-2a41286c3411,1,55.8081264
1985,55090,55091,Davidson Creek (Trib. West Fork Little Pudding R.),CREEK,ACT,66-460,e07c1000-d688-4e71-b9af-d7a1eb185256,1,887.4738716
1986,56100,56099,Hills Swale (Trib. Croisan Creek),CREEK,ACT,30-454,37a9c53e-0dcc-405b-9572-1662b0a76d98,1,184.4765855
1987,74948,57343,West Fork Little Pudding River,CREEK,ACT,63-482,3706572f-85ba-46dc-9426-c5a82b823ec1,1,1154.088741
1988,57650,57653,West Fork Little Pudding River,CREEK,ACT,63-484,32c5cd2a-1011-4766-8dc6-b4d674fa6b6c,1,805.9853291
1989,57654,57655,West Fork Little Pudding River,CREEK,ACT,63-484,7013f98f-5db4-4a58-b3f4-86cc3bea3e11,1,138.7184982
1990,20755,20800,Trib. Mill Creek,CREEK,ACT,54-466,44285470-264a-487f-8404-182401366405,1,860.8322108
1991,69510,69509,Trib. Mill Creek,CREEK,ACT,54-466,bb561a51-6a93-41a7-b96c-bd65c4c34893,1,1016.86271
1992,50306,51570,Powell Creek (Trib. Battle Creek),CREEK,ACT,42-446,0cafc318-d132-4487-baa3-d129b2c26bcf,1,310.7622633
1993,36574,38252,Powell Creek (Trib. Battle Creek),CREEK,ACT,42-446,8fe6f06d-b407-4817-82f2-b2d7116ad94f,1,559.4528093
1994,33138,33105,Waln Creek (Trib. Battle Creek),CREEK,ACT,33-450,1947a995-1b5b-4a66-b276-464df7cadbf8,1,516.2662984
1995,33306,52215,Waln Creek (Trib. Battle Creek),CREEK,ACT,36-450,08f1730d-95dd-4dba-8dfc-8d27f5cf88f8,1,1082.670909
1996,38001,48055,Powell Creek (Trib. Battle Creek),CREEK,ACT,45-446,a319d25d-a613-4d98-8251-a0517951e6cf,1,383.9927689
1997,37946,183423,Waln Creek (Trib. Battle Creek),CREEK,ACT,33-450,3e1b26ff-0e5c-409a-845b-8078a3be15d1,1,253.7820676
1998,8833,8317,Trib. Claggett Creek (Trib. Willamette R.),CREEK,ACT,57-478,015d68cb-27d7-4df6-85b9-f4f71031ae5d,1,390.7160444
1999,38309,26469,Trib. West Middle Fork Little Pudding River,CREEK,ACT,66-460,ed3439f7-53f9-47d1-8852-95671131424f,1,153.6859081
2000,183115,183116,Jory Creek (Trib. Battle Creek),CREEK,ACT,36-446,8de56769-2720-41c8-8304-787c6c2df1f4,1,3110.804416
2001,79418,38097,Trib. West Middle Fork Little Pudding River,CREEK,ACT,63-464,60ccefc2-1f95-4700-995f-b9e120576443,1,198.4990713
2002,69501,37343,Trib. Middle Fork Pringle Creek,CREEK,ACT,45-460,86e29ae3-e65b-4395-bd7c-0fba78448c84,1,723.530076
2003,54450,183120,Battle Creek,CREEK,ACT,42-446,d9415620-3399-4665-9300-f61926d7d94b,1,3084.831409
2004,36579,88725,Battle Creek,CREEK,ACT,42-446,0c68a9ac-c878-4b7f-ab33-cfaaf250a73c,1,814.5381751
2005,37347,36224,Scotch Creek (Trib. Battle Creek),CREEK,ACT,45-444,2213195e-9adb-4629-b48c-f489207299a0,1,368.5252292
2006,50314,48056,Scotch Creek (Trib. Battle Creek),CREEK,ACT,45-446,0f2d3e4c-a52d-495e-8845-adb89875bba3,1,1157.826441
2007,33184,36602,Waln Creek (Trib. Battle Creek),CREEK,ACT,39-450,07bd8049-4f79-4438-88c3-8f0c2e5476b0,1,718.5796347
2008,36602,37526,Waln Creek (Trib. Battle Creek),CREEK,ACT,39-450,1e9ac579-10bd-4080-a069-3fda0a10fca6,1,60.86516748
2009,37526,184050,Waln Creek (Trib. Battle Creek),CREEK,ACT,39-450,780c3159-8b03-461e-9164-0dd168e50770,1,506.9845536
2010,132531,132530,Mill Creek,CREEK,ACT,63-438,5468e0be-762d-4951-a2e8-cf1c8cd8c793,1,55.52367108
2011,104691,184397,Mill Creek,CREEK,ACT,57-448,997f4aae-683b-4be0-887b-d37a6de9a8c8,1,1774.726066
2012,184397,184398,Mill Creek,CREEK,ACT,57-448,044a32be-fa83-4d17-a432-6b1383b38c4e,1,12.86985147
2013,184398,184399,Mill Creek,CREEK,ACT,57-448,184d056c-eff1-4e2c-995c-34e78e780c47,1,997.9380605
2014,184399,184400,Mill Creek,CREEK,ACT,57-448,9681f60d-9f7c-4799-985b-3bf4b52519da,1,41.28004212
2015,184400,184401,Mill Creek,CREEK,ACT,57-448,c6bb7db3-48f6-47af-a0b3-fad5e4d27fa7,1,257.1718729
2016,184401,184690,Mill Creek,CREEK,ACT,57-448,620e1745-c033-478c-be11-faa5878f0e7a,1,21.71847821
2017,184690,184691,Mill Creek,CREEK,ACT,57-448,0783488d-289d-4d04-afd3-4dc8443df99d,1,465.9593617
2018,184691,184692,Mill Creek,CREEK,ACT,57-448,30698b4f-2c57-4b14-8c5c-4845dfd184f7,1,39.72500724
2019,184693,184694,Mill Creek,CREEK,ACT,57-448,4e637977-b6b5-471e-a390-b64b4736666d,1,59.23588967
2020,184694,184695,Mill Creek,CREEK,ACT,57-448,cb126905-aaa6-4efb-9552-3b17e449566d,1,4604.48962
2021,33002,37327,Waln Creek (Trib. Battle Creek),CREEK,ACT,39-450,c8d0bf48-0355-488a-90f7-96273d036d18,1,1390.831298
2022,38251,37527,Waln Creek (Trib. Battle Creek),CREEK,ACT,39-450,de04c884-02db-40db-9150-77c2f5fc27be,1,1548.093021
2023,37336,37007,Waln Creek (Trib. Battle Creek),CREEK,ACT,42-450,df20c879-7455-43ce-b0d0-513e8b4438ca,1,1568.889402
2026,36603,38260,Waln Creek (Trib. Battle Creek),CREEK,ACT,42-450,b02698b9-98d3-4c1e-9ad0-cd39080d0095,1,438.3721074
2029,88740,88739,Battle Creek,CREEK,ACT,42-446,9e81c8d0-0ada-4172-ae36-3d7b61e5b2af,1,50.95208623
2030,132532,184389,Mill Creek,CREEK,ACT,,3f6d0887-f4e7-426d-a7e3-7ec261892a87,1,1613.090215
2031,184390,184391,Mill Creek,CREEK,ACT,69-436,9752ba80-50c1-4a84-925b-ac104fb4cbfc,1,2127.986011
2032,184394,184395,Mill Creek,CREEK,ACT,69-436,e424d1f8-839e-4869-b583-e71f76381bb4,1,2241.831315
2033,183128,183129,Battle Creek,CREEK,ACT,42-446,7df3b653-7178-498a-9fe1-ce94c92dd03e,1,15.52230234
2034,43252,43253,Battle Creek,CREEK,ACT,48-444,7288ce47-ff9d-4808-bf34-377fe0295b18,1,226.5054519
2035,184050,33002,Waln Creek (Trib. Battle Creek),CREEK,ACT,39-450,8affbc64-a8bf-43e5-9e42-a2477d3f2b59,1,11.12866132
2036,37327,38251,Waln Creek (Trib. Battle Creek),CREEK,ACT,39-450,6a83ea2e-fe6e-41b9-91ad-0455c32fef6b,1,62.4345934
2037,37527,36603,Waln Creek (Trib. Battle Creek),CREEK,ACT,42-450,44b069fe-520e-4345-a5bc-6cd6dd028eaa,1,69.94473396
2038,38260,37336,Waln Creek (Trib. Battle Creek),CREEK,ACT,42-450,f9de3462-cc17-472c-ac39-736ac7625c0d,1,61.55320272
2039,37007,37931,Waln Creek (Trib. Battle Creek),CREEK,ACT,42-450,645e2789-a9e6-4d87-b4de-1ec385b64009,1,77.9077744
2040,37346,38270,Waln Creek (Trib. Battle Creek),CREEK,ACT,45-448,4fec230d-1975-4cf7-86e7-1e21bb0a61ee,1,94.19444088
2041,52212,36797,Battle Creek,CREEK,ACT,45-444,2809cace-8e52-4087-8687-536127ade195,1,55.87704601
2042,43253,184051,Battle Creek,CREEK,ACT,60-436,daa709ec-5b43-4572-a380-77cb85001e2e,1,1473.201579
2043,184051,184052,Battle Creek,CREEK,ACT,60-436,ac2f13be-507f-4f1f-8c55-f041df3f87aa,1,21.53816615
2044,184052,184053,Battle Creek,CREEK,ACT,60-436,678fd0bd-1a08-47fa-852a-a4a0c3b4ff16,1,1271.175729
2045,184053,184054,Battle Creek,CREEK,ACT,60-436,ea63ce7a-f5c9-4c46-a5a9-1ef9de8ccbf3,1,9.188759346
2046,184054,184055,Battle Creek,CREEK,ACT,60-436,c4f21635-333a-40b7-9463-7b6a6eda5432,1,64.91827078
2047,184055,184056,Battle Creek,CREEK,ACT,60-436,b2609dc7-8640-4b35-9951-c2ec40317f23,1,17.21887299
2048,184056,184057,Battle Creek,CREEK,ACT,60-436,5225ea84-bf35-4daa-9148-2ab86085b32c,1,368.0939826
2049,184057,184058,Battle Creek,CREEK,ACT,60-436,7678e35e-429b-4c1c-be2f-2a6928d759cd,1,16.62919202
2050,184058,184059,Battle Creek,CREEK,ACT,60-436,f6b48d03-3ba4-4f9e-90ed-d836d08398ec,1,908.8605356
2051,184059,184060,Battle Creek,CREEK,ACT,60-436,3763fef1-2ecd-4fc8-877a-9003acac942f,1,18.53971415
2052,184060,184061,Battle Creek,CREEK,ACT,60-436,c132436a-c2a0-44a9-98da-0b9a4be063d4,1,1033.974359
2053,184061,184062,Battle Creek,CREEK,ACT,60-436,c0a0b18a-0ec5-4cdf-bf39-a2445f7b1bf6,1,17.69199326
2054,184062,184063,Battle Creek,CREEK,ACT,60-436,21554575-a42a-4d18-9129-632308e66529,1,1849.552495
2055,184063,184064,Battle Creek,CREEK,ACT,60-436,e3b9eaf3-4f15-4414-8d95-294be9bd48ea,1,11.55642928
2056,184064,184065,Battle Creek,CREEK,ACT,60-436,de948f24-671a-4c4f-9cd4-e64b668ae6cd,1,630.2343957
2057,184065,183732,Battle Creek,CREEK,ACT,60-436,f173129c-ce71-45e8-a5ea-9d47db4f0d8e,1,20.7705925
2058,183732,183733,Battle Creek,CREEK,ACT,60-436,aea1a8a4-d51b-430e-8558-03ce0038fad6,1,212.9434521
2059,183733,183734,Battle Creek,CREEK,ACT,60-436,e8ac5791-01f0-46b9-ab29-cc061c13a76c,1,17.15141071
2060,183734,183735,Battle Creek,CREEK,ACT,60-436,a80cfbbb-fd81-4ea0-b6af-1d98e1dffd00,1,696.4713275
2061,183735,183736,Battle Creek,CREEK,ACT,60-436,e53b68ed-95dc-42de-a9b0-9749c3b17d8b,1,12.46593462
2062,183736,183737,Battle Creek,CREEK,ACT,60-436,42db5a9b-ff4a-45a3-ad9a-b36c6e3472a7,1,347.8384251
2063,183737,183738,Battle Creek,CREEK,ACT,60-436,a22706e5-785d-44a8-a012-a26fe366fb21,1,17.39244221
2064,184371,184372,Trib. Mill Creek,CREEK,ACT,63-434,611875bf-0aa2-4136-9261-1e787c098920,1,71.54957093
2065,184372,184373,Trib. Mill Creek,CREEK,ACT,63-434,9bb972cd-007c-4a53-a958-be591a70952f,1,12.12796335
2066,184373,184374,Trib. Mill Creek,CREEK,ACT,63-434,6c53db26-2a82-48b3-8046-1db650085658,1,267.7495387
2067,183738,183739,Battle Creek,CREEK,ACT,60-436,4e136411-6d43-40dd-8c16-bce89a9549b5,1,361.2379915
2068,184377,184378,Trib. Mill Creek,CREEK,ACT,63-436,126b63d8-a4fb-4cc4-8d6c-cf23df7a36fc,1,274.78776
2069,184378,184379,Trib. Mill Creek,CREEK,ACT,63-436,db169bbb-3da9-49b9-971f-b5cd29971cb8,1,32.68282701
2070,184379,184380,Trib. Mill Creek,CREEK,ACT,63-436,13d51987-e741-4764-9946-8bb64f2e3390,1,125.4073301
2071,184383,184384,Trib. Mill Creek,CREEK,ACT,63-436,6bda3a28-aecb-4647-b7d5-c17b64e825b8,1,964.4821164
2072,184384,184385,Trib. Mill Creek,CREEK,ACT,60-438,1b925b2a-0a8f-445c-b0eb-6970b7ff179d,1,56.80664242
2073,185010,185011,Trib. Battle Creek,CREEK,ACT,36-444,098f3332-7e8f-45cb-bd1e-4085fd3b9c1d,1,1213.160179
2074,185011,185012,Trib. Battle Creek,CREEK,ACT,36-444,3732401b-b98c-4201-82d3-ebc40cd36bb4,1,46.46669745
2075,185012,88741,Trib. Battle Creek,CREEK,ACT,36-444,d1bcd1c3-d894-4c8c-8aba-61a2a1d22e57,1,357.6770951
2076,182826,183091,Ruggles Swale (Trib. Battle Creek),CREEK,ACT,30-446,a74b8310-c4db-427d-a772-841164a73018,1,1007.001352
2077,183091,181814,Ruggles Swale (Trib. Battle Creek),CREEK,ACT,,562b61cb-a38e-403f-a9d6-39011f73bb7d,1,334.6929829
2078,183092,182825,Ruggles Swale (Trib. Battle Creek),CREEK,ACT,30-446,f80bf2ca-314e-4950-8fee-76a28067ee34,1,87.91072012
2079,182824,183092,Ruggles Swale (Trib. Battle Creek),CREEK,ACT,30-446,2bd9c2fa-a127-4452-b14c-8111f2b735fc,1,219.2865155
2080,182823,182824,Ruggles Swale (Trib. Battle Creek),CREEK,ACT,30-446,fdcae3f0-a831-4371-8afb-0804471ab969,1,41.70363567
2081,181815,89014,Ruggles Swale (Trib. Battle Creek),CREEK,ACT,,d9bb2a7a-056b-4db5-9b5c-e1222112d627,1,56.0520556
2082,181814,181815,Ruggles Swale (Trib. Battle Creek),CREEK,ACT,,3e1aef29-b688-4e5a-ab77-f40c6b76bf78,1,53.39954935
2083,185679,185681,Hills Swale (Trib. Croisan Creek),CREEK,ACT,27-456,69e71382-b3a5-4498-9ef8-1365d5e5e7fe,1,413.5925824
2084,185678,185679,Hills Swale (Trib. Croisan Creek),CREEK,ACT,27-456,cb4bbdd6-0570-4e7f-8d00-1f69fdda8eab,1,16.29986442
2085,56103,56102,Hills Swale (Trib. Croisan Creek),CREEK,ACT,27-456,f4192274-d5e3-4766-999b-8c00f7148e76,1,45.07558789
2086,185680,56103,Hills Swale (Trib. Croisan Creek),CREEK,ACT,27-456,cf53204d-208f-4965-83cb-c0513c95fff9,1,30.27852477
2087,185681,185680,Hills Swale (Trib. Croisan Creek),CREEK,ACT,27-456,8bb121bf-53b8-4dcf-a17d-aca552718c74,1,31.0447557
2088,56102,185682,Hills Swale (Trib. Croisan Creek),CREEK,ACT,27-456,75492dca-834a-47ce-9a57-1f1609a228cd,1,1074.85021
2089,185682,185683,Hills Swale (Trib. Croisan Creek),CREEK,ACT,27-456,3dd8b38a-0585-4bdb-9b1e-841c86d94b25,1,32.12970707
2090,185683,185684,Hills Swale (Trib. Croisan Creek),CREEK,ACT,27-456,c701f242-4ac1-4c01-ae4b-5b72d13277a5,1,340.4873384
2091,56106,56104,Hills Swale (Trib. Croisan Creek),CREEK,ACT,30-454,d11c5568-ea8a-434f-8fef-d7d1c0fa959b,1,205.0385853
2092,56101,56100,Hills Swale (Trib. Croisan Creek),CREEK,ACT,30-454,06a3f98a-a179-4a4c-b9d3-cf2a3d03b6a6,1,61.96430486
2093,185686,89673,Croisan Creek,CREEK,ACT,30-454,bef85dee-da2e-48d8-ab0a-020819fb01a4,1,135.1606202
2094,185685,185686,Croisan Creek,CREEK,ACT,30-454,c4d503dc-a6de-4e70-b8c2-8faf40833bf5,1,16.92698869
2095,185687,185688,Croisan Creek,CREEK,ACT,30-454,d84dcf17-93a4-4b70-a730-9b6d7a8021a7,1,10.54602261
2096,185688,185689,Croisan Creek,CREEK,ACT,30-454,63935e1b-9d5f-4c86-8204-c4da20a03ccc,1,122.5108606
2097,185689,185690,Croisan Creek,CREEK,ACT,30-454,2dccec44-b577-465e-a187-e289515eeefc,1,6.530764195
2098,185690,185691,Croisan Creek,CREEK,ACT,30-454,3456081b-fa63-4fad-aa7a-2c03e80abf70,1,24.12912539
2099,185691,185692,Croisan Creek,CREEK,ACT,30-454,d762ebd6-7f8b-4e4f-bc8a-d526b50a5bc4,1,40.76684969
2100,185692,185693,Croisan Creek,CREEK,ACT,30-454,2e0817ec-0964-42a8-af91-b35a17c9f219,1,77.09557769
2101,185693,185694,Croisan Creek,CREEK,ACT,30-454,2f0a77c4-d5b2-4b0a-852e-971639908c52,1,11.53626805
2102,55742,55741,Croisan Creek,CREEK,ACT,30-456,8d4886ce-4f68-4fe2-9fc8-bf2fc0b4f60b,1,48.50773134
2103,55741,185696,Croisan Creek,CREEK,ACT,33-458,9f7c3d03-6295-4694-b6d1-e729b8b0172a,1,67.85105431
2104,185696,185695,Croisan Creek,CREEK,ACT,33-458,9fe38ded-745f-4c17-94ff-7d9b806511e9,1,14.60376596
2105,185697,89675,Croisan Creek,CREEK,ACT,33-458,236bb9ce-e502-471f-9f92-dd262d99430e,1,15.91816641
2106,89674,185698,Croisan Creek,CREEK,ACT,33-458,15e16978-3f4c-4bc8-b6e9-fb9d67d8a8e8,1,25.1869554
2107,185698,185700,Croisan Creek,CREEK,ACT,33-458,fdb2f0d1-01b9-459a-837a-f0e76f42c219,1,109.6958849
2108,185700,185699,Croisan Creek,CREEK,ACT,33-458,8345f809-3c92-44c3-abc2-792dd3f4dae1,1,33.22769823
2109,37313,38237,Croisan Creek,CREEK,ACT,33-460,7efe0d53-30ac-4c8d-9e61-38e8a1a065ea,1,33.33444532
2110,26465,26427,Trib. Croisan Creek,CREEK,ACT,33-460,84d49cf4-004d-4691-aa6d-d24867be4a66,1,91.8984998
2111,26335,26275,Trib. Croisan Creek,CREEK,ACT,33-460,555fe21a-182b-4f91-8eee-5a5d12ea01c0,1,54.77678302
2112,26427,26335,Trib. Croisan Creek,CREEK,ACT,33-460,c0e7bdde-457f-4b56-9267-70700f7c8f41,1,202.6905989
2113,27116,26465,Trib. Croisan Creek,CREEK,ACT,33-458,248d01c6-fb15-447d-84db-7a8c083e1b38,1,637.9434914
2114,26062,26036,Croisan Creek,CREEK,ACT,33-460,82c7767f-6386-40d0-a05b-67a95ca0ad96,1,60.34704505
2115,185709,36849,Croisan Creek,CREEK,ACT,33-462,4138565c-54b2-48d6-a8da-8ef6af41bbed,1,209.3703842
2116,185708,185709,Croisan Creek,CREEK,ACT,33-462,6c41ceb0-ce6d-4868-b51e-9883a0fcc948,1,12.90445953
2117,185713,92194,Croisan Creek,CREEK,ACT,33-462,d4ab48b1-144d-421b-af00-1e00849115c5,1,29.71016
2118,41985,42290,Golf Creek (Trib. Croisan Creek),CREEK,ACT,30-464,64316204-650d-4ac4-8256-fde18629b53b,1,21.60226658
2119,42292,42291,Golf Creek (Trib. Croisan Creek),CREEK,ACT,33-464,a26cae51-4829-4eda-87fb-a993db27ead2,1,669.6686496
2120,42611,42610,Golf Creek,CREEK,ACT,33-464,3ddcfe49-d2a8-4930-aa26-a1229f3c21ba,1,31.85950565
2121,21685,21659,Trib. Croisan Creek,CREEK,ACT,33-464,dbf74b50-ef08-4634-829a-d4f524f911ce,1,45.916495
2122,21659,21652,Trib. Croisan Creek,CREEK,ACT,33-464,64d57838-4278-466e-9c08-dede22f9a8e8,1,5.528835585
2123,21652,21613,Trib. Croisan Creek,CREEK,ACT,33-464,1baaead4-5006-43ed-8dd9-910012da9f38,1,78.07036113
2124,41981,185714,Croisan Creek,CREEK,ACT,39-474,23658bd1-c091-47b5-b7c5-046ea2f75d92,1,492.6944267
2125,26525,26339,Clark Creek (Trib. Pringle Creek),CREEK,ACT,39-460,c91cc8ae-0012-412c-9e38-6b84bb71a058,1,212.837741
2126,185719,127414,Clark Creek (Trib. Pringle Creek),CREEK,ACT,39-460,eb6054f3-8494-4668-8322-42245eecf653,1,14.24253227
2127,185718,185719,Clark Creek (Trib. Pringle Creek),CREEK,ACT,39-460,df9ccddd-f90d-4606-8340-0260a23cafdf,1,5.933522729
2128,127412,127411,Clark Creek (Trib. Pringle Creek),CREEK,ACT,39-460,8909c0cf-5606-4077-ac68-9b27d3eacc93,1,68.68429144
2129,26329,26278,Clark Creek (Trib. Pringle Creek),CREEK,ACT,39-460,d6de6379-e41c-4d03-87a6-9eb8fa2dfe0a,1,67.28403877
2130,185723,185720,Clark Creek (Trib. Pringle Creek),CREEK,ACT,39-460,30b3e6e7-d40d-42e1-9a8c-593b93498ed6,1,178.7699441
2131,185720,185721,Clark Creek (Trib. Pringle Creek),CREEK,ACT,39-460,a19bf526-9b7d-4fef-b3bd-ab85cf208454,1,7.751343425
2132,127413,185722,Clark Creek (Trib. Pringle Creek),CREEK,ACT,39-460,2f541fcc-a3e7-4d4a-ba57-e898644fbab7,1,14.60245694
2133,185722,185723,Clark Creek (Trib. Pringle Creek),CREEK,ACT,39-460,7645cb63-e5c4-4c17-86fa-a2461873410a,1,9.844872037
2134,29613,89668,Croisan Creek,CREEK,ACT,30-454,c306bf4d-205e-43f6-a864-ce6a45916c31,1,917.7847674
2135,89668,89669,Croisan Creek,CREEK,ACT,30-454,46baa9d6-b5e9-408e-9d84-d3c36f54e47e,1,157.3528654
2136,185694,55742,Croisan Creek,CREEK,ACT,30-454,44dfae38-736c-4bae-a6a2-def4d5647fc6,1,108.5621187
2137,89673,89672,Croisan Creek,CREEK,ACT,30-454,21ba2d75-6bc7-4ac7-b6eb-fc5c04916679,1,57.06935117
2138,185695,185697,Croisan Creek,CREEK,ACT,33-458,7e9fbb3a-272f-4272-923e-701504671764,1,909.4591502
2139,89675,89674,Croisan Creek,CREEK,ACT,33-458,a21d299a-cc41-4034-8904-dbbcfe7756d1,1,242.840814
2142,30691,123252,,CREEK,ACT,30-454,2a7844a6-e7a2-48fd-ab93-070f4a538d3f,1,586.9136013
2143,127414,26329,Clark Creek (Trib. Pringle Creek),CREEK,ACT,39-460,eaab32e9-f187-4aff-a260-7ab46770651e,1,7.992493699
2144,127411,127413,Clark Creek (Trib. Pringle Creek),CREEK,ACT,39-460,6b8c51e7-1cd5-44c9-926f-fbd212e49e1a,1,8.664867886
2145,26278,127413,Clark Creek (Trib. Pringle Creek),CREEK,ACT,39-460,bd30af72-e2a2-43ce-b3fd-493dab14ffad,1,5.360484066
2146,184396,132530,Mill Creek,CREEK,ACT,63-438,c98969b8-8568-48ab-910b-6fd25a393fbc,1,5232.659262
2148,69540,156213,Croisan Creek,CREEK,ACT,30-452,157655c8-ff6c-4377-9859-d158c8a99f73,1,3.170613087
2149,183739,183740,Battle Creek,CREEK,ACT,60-436,c396d69e-615f-416f-a270-3f156e27d3d2,1,11.26734774
2150,184695,184696,Mill Creek,CREEK,ACT,57-448,2c7903fe-5e03-4040-a88b-3c0ba61703df,1,20.87099786
2151,184696,184697,Mill Creek,CREEK,ACT,57-448,b40c0752-05c3-4708-855f-d49cf2dcedfb,1,2763.000611
2152,183740,185650,Battle Creek,CREEK,ACT,60-436,6d235a7c-501d-4d30-83ad-ddc8daedeb4b,1,169.9489433
2153,185655,185652,Trib. Mill Creek,CREEK,ACT,63-436,1d85f075-b579-4a37-b4e6-a664114e1fd6,1,89.94450675
2154,185652,185653,Trib. Mill Creek,CREEK,ACT,63-436,d6a2e13d-6a37-4da0-afb3-520ad7a666dc,1,53.00096418
2155,185653,185654,Trib. Mill Creek,CREEK,ACT,63-436,019cffde-8859-4928-afcb-77a77c7f1445,1,36.42921915
2156,182138,185656,Croisan Creek,CREEK,ACT,24-448,4fc58680-a2a6-46e1-9824-e1d19b3e4552,1,536.9729981
2157,185656,185657,Croisan Creek,CREEK,ACT,24-448,61020fef-ac6b-4cdc-b85e-4b00948a613c,1,45.31388794
2158,185659,185660,Croisan Creek,CREEK,ACT,24-448,4ae6d745-7562-40f9-ba99-ba5bfc836d64,1,1044.784112
2159,185660,185661,Croisan Creek,CREEK,ACT,27-448,f67e5685-3a8c-4abe-b599-6a9262fd90d9,1,38.87350434
2160,185661,185663,Croisan Creek,CREEK,ACT,27-448,894fd6f0-abb0-4868-8897-ca66428c2987,1,199.4798681
2161,185663,185662,Croisan Creek,CREEK,ACT,27-448,830e3774-4367-4420-b811-abb85b94989d,1,25.21179742
2162,185662,185664,Croisan Creek,CREEK,ACT,27-448,f52b2fd0-8129-4481-8147-a93774107589,1,680.4771937
2163,185664,185665,Croisan Creek,CREEK,ACT,27-448,2dfdf546-7935-4473-8911-3bb9861dc4be,1,49.71283194
2164,185665,185666,Croisan Creek,CREEK,ACT,27-448,c33dcd6f-fdc1-4ad0-892c-03376232df06,1,1256.675361
2165,185668,185669,Ballyntyne Brook (Trib. Croisan Creek),CREEK,ACT,24-452,e42a2ff1-cbcb-4523-9362-82b2feda3df8,1,1946.578427
2166,185676,185673,Ballyntyne Brook (Trib. Croisan Creek),CREEK,ACT,27-452,e6180dd0-ea13-41fc-913f-c3bcb8d75684,1,1157.428809
2167,185673,185674,Ballyntyne Brook (Trib. Croisan Creek),CREEK,ACT,30-452,f61fed91-0290-4039-a222-26af2f39364b,1,17.90364961
2168,185674,185675,Ballyntyne Brook (Trib. Croisan Creek),CREEK,ACT,30-452,4fdd8d2e-0cb6-40ab-b59c-293e2db28d3c,1,91.42833084
2169,185671,185676,Ballyntyne Brook (Trib. Croisan Creek),CREEK,ACT,27-452,ac05c8bb-8a65-443f-844d-1f20bc03142b,1,427.8553583
2170,156213,156214,Croisan Creek,CREEK,ACT,30-452,acf9fb2c-f0de-4133-b009-75b2b1b421a3,1,32.595807
2171,30801,30654,Croisan Creek,CREEK,ACT,30-454,8fdd5885-8f76-4cdf-89ee-b1e98653d1c0,1,121.4841715
2173,30654,29613,Croisan Creek,CREEK,ACT,30-454,c877af42-8e39-49b9-a3d1-5e4d4010dddc,1,1302.32472
2175,185721,26080,Clark Creek (Trib. Pringle Creek),CREEK,ACT,39-460,0b293a75-b0c0-4074-8809-221b14f23050,1,322.4538499
2176,185711,23748,Trib. Croisan Creek,CREEKINT,ACT,33-462,d2f2c9af-6a62-49ed-85d7-9ee930cebc8c,1,937.179744
2178,185706,36840,Croisan Creek,CREEK,ACT,33-462,c421f75a-ebf0-48bb-967a-f6c0ef1c9399,1,792.4563891
2179,26647,26525,Clark Creek (Trib. Pringle Creek),CREEK,ACT,39-460,34578834-bcd8-4222-ad70-6adceee8c826,1,225.4146795
2180,26339,185718,Clark Creek (Trib. Pringle Creek),CREEK,ACT,39-460,62a4624c-35cb-4b37-b7ab-df781834d553,1,36.61880129
2181,42290,42292,Golf Creek (Trib. Croisan Creek),CREEK,ACT,30-464,5819d31d-dff7-4736-bd64-b01e28de6a3a,1,147.4144387
2182,53818,41985,Golf Creek (Trib. Croisan Creek),CREEK,ACT,30-464,1011287c-ee12-4fcc-95ad-51c7ae229ab8,1,600.475856
2183,42612,42611,Golf Creek,CREEK,ACT,33-464,9ba72b83-5c7d-42e3-a669-3a57b8b6115d,1,148.716743
2184,89669,185685,Croisan Creek,CREEK,ACT,30-454,15e8f90f-f3b0-4b03-9412-a5188b8789b4,1,703.871982
2185,56104,56101,Hills Swale (Trib. Croisan Creek),CREEK,ACT,30-454,8cc18d77-4733-44ef-a84f-9d0e550d2ef1,1,71.5594354
2186,185684,56106,Hills Swale (Trib. Croisan Creek),CREEK,ACT,27-456,4dcbfda0-5367-4a5b-a923-1ec8ae6c1e99,1,738.9515587
2187,185677,185678,Hills Swale (Trib. Croisan Creek),CREEK,ACT,27-456,28536008-1a07-4030-ae07-6885be92a043,1,1041.300745
2188,156214,30801,Croisan Creek,CREEK,ACT,30-454,57cad16b-a31a-47af-915d-0ec5f3ed4991,1,1628.704376
2189,99604,99602,West Middle Fork Pringle Creek,CREEK,ACT,48-458,5e5fadb7-95ce-40c7-84af-b0f284ab3487,1,9.060645073
2190,37896,99605,West Middle Fork Pringle Creek,CREEK,ACT,48-458,ccff09fd-fd7b-4a4c-bdce-804db5703b7d,1,13.04284844
2191,99603,99605,West Middle Fork Pringle Creek,CREEK,ACT,48-458,e6eab54a-c197-4b83-a097-c9cec0ca88da,1,11.76476743
2192,99605,99606,West Middle Fork Pringle Creek,CREEK,ACT,48-458,f63ee6a0-61fe-45ef-b406-fecd131ef23b,1,55.72820041
2193,99608,99609,West Middle Fork Pringle Creek,CREEK,ACT,48-458,ce1e6c82-34fb-452c-813a-2f66de7c9a93,1,8.355688338
2194,27562,99609,West Middle Fork Pringle Creek,CREEK,ACT,48-458,e8730ab1-c360-44bf-bccd-0e9b4e3d1d3a,1,9.020708422
2195,99606,27779,West Middle Fork Pringle Creek,CREEK,ACT,48-458,1870dd0c-654d-48e8-bc02-ca83c3a78aed,1,18.45666814
2197,127418,38245,Clark Creek (Trib. Pringle Creek),CREEK,ACT,39-460,fb52f501-e4b2-4aaf-9f38-49b33068b312,1,4.972654865
2198,37321,127419,Clark Creek (Trib. Pringle Creek),CREEK,ACT,39-460,01cc2bad-7039-44b9-b58d-e39d35a3e7c7,1,7.506989877
2199,127417,127419,Clark Creek (Trib. Pringle Creek),CREEK,ACT,39-460,51f116e2-1280-45fe-8413-76a45f4a4cb1,1,6.993509385
2200,127421,127422,Clark Creek (Trib. Pringle Creek),CREEK,ACT,39-460,7effcaab-a030-4fc7-b4c9-8cef6e3e395c,1,11.06758529
2201,38243,127422,Clark Creek (Trib. Pringle Creek),CREEK,ACT,39-460,895ec233-dd95-4378-afae-1a2db7d9fef7,1,10.90896552
2202,127423,127420,Clark Creek (Trib. Pringle Creek),CREEK,ACT,39-460,b8d5ddc4-0e05-43e5-819f-eeaa4206812a,1,7.769036474
2203,127427,127424,Clark Creek (Trib. Pringle Creek),CREEK,ACT,39-460,0bf7de85-8a96-4016-b6d7-bef853c6b0e7,1,8.912847711
2204,127425,127426,Clark Creek (Trib. Pringle Creek),CREEK,ACT,39-460,d8707103-2608-46c4-b0f0-0cc8036024de,1,7.939137154
2205,54455,127426,Clark Creek (Trib. Pringle Creek),CREEK,ACT,39-460,9eac1a65-12cb-4d99-b04c-cc42d612fee9,1,8.450676843
2206,30414,132850,Trib. West Middle Fork Pringle Creek,CREEK,ACT,45-454,13761eb2-7452-46bf-980b-fad5917dcac6,1,7.885455892
2209,89672,185687,Croisan Creek,CREEK,ACT,30-454,a5b85ebc-5ff5-4579-a646-ef27cb771f24,1,239.0804397
2210,185703,26062,Croisan Creek,CREEK,ACT,33-460,c1a103c0-04ec-4253-bc74-fb898ed44e25,1,41.33534002
2211,38259,185704,Croisan Creek,CREEK,ACT,33-462,9521ebf9-01dd-406c-b0dd-f8c4319b886d,1,278.3598721
2212,53816,53817,Croisan Creek,CREEK,ACT,36-466,fe692be0-018b-4644-8568-7122152721dc,1,116.5704061
2213,41982,41981,Croisan Creek,CREEK,ACT,36-468,9c1db1ea-ac14-4b16-90a2-d86a610dc51b,1,98.29801626
2214,26055,26040,Clark Creek (Trib. Pringle Creek),CREEK,ACT,39-460,33e38b90-908e-4d29-82ca-344a1818c2d7,1,39.29848736
2215,26051,26032,Clark Creek (Trib. Pringle Creek),CREEK,ACT,39-460,a942ba37-9625-4968-8636-9017b010ba60,1,41.07461764
2216,26065,26051,Clark Creek (Trib. Pringle Creek),CREEK,ACT,39-460,5b2be0b0-3d30-4609-addd-310070a3432d,1,45.11851742
2217,26070,26055,Clark Creek (Trib. Pringle Creek),CREEK,ACT,39-460,329a6e7b-60b6-42f0-87bb-a6dde1d1ce60,1,43.99814321
2218,37318,38242,Clark Creek (Trib. Pringle Creek),CREEK,ACT,39-460,78816770-fd67-4531-a45f-591b8f6cd4a2,1,49.87747041
2219,127424,127425,Clark Creek (Trib. Pringle Creek),CREEK,ACT,39-460,9eacbc59-1862-4819-83c7-49d400f11971,1,31.12799314
2220,54454,54455,Clark Creek (Trib. Pringle Creek),CREEK,ACT,39-460,ac422719-664b-4a31-b067-3cedda5f7e38,1,30.4034956
2221,127420,127421,Clark Creek (Trib. Pringle Creek),CREEK,ACT,39-460,72d3dd44-e4a9-4b8f-be04-40b57feb6c54,1,49.4047101
2222,37319,38243,Clark Creek (Trib. Pringle Creek),CREEK,ACT,39-460,fa2e655a-562d-4f77-9907-e8bdf9484d2e,1,50.27358532
2223,37320,38244,Clark Creek (Trib. Pringle Creek),CREEK,ACT,39-460,42251c6f-4734-4104-a730-073404d5675c,1,105.246707
2224,127416,127417,Clark Creek (Trib. Pringle Creek),CREEK,ACT,39-460,03236c03-3957-4c3b-8f16-ecb9f86124a9,1,172.3807295
2225,38245,37321,Clark Creek (Trib. Pringle Creek),CREEK,ACT,39-460,def18ef2-c459-46b0-99d7-954b82eaf702,1,173.7207599
2226,25273,25229,Clark Creek (Trib. Pringle Creek),CREEK,ACT,39-460,fe1a1543-5718-4e1e-ac8b-bac9746cb840,1,246.8042168
2227,47707,47708,Clark Creek (Trib. Pringle Creek),CREEK,ACT,39-462,0c972926-8015-4ad2-84b0-234c6fa37bbb,1,150.8481287
2228,25121,24850,Clark Creek (Trib. Pringle Creek),CREEK,ACT,39-462,cf09feb5-6197-4487-bd7b-a09e552b05e2,1,276.8219376
2229,47708,24244,Clark Creek (Trib. Pringle Creek),CREEK,ACT,42-462,87495fc9-0f7e-4dc1-a70b-988a92afc99d,1,135.0374595
2230,24850,24808,Clark Creek (Trib. Pringle Creek),CREEK,ACT,39-462,b8d28c05-a1bb-4cb0-a1f5-e987a2b4d86a,1,74.8439973
2231,25229,25121,Clark Creek (Trib. Pringle Creek),CREEK,ACT,39-460,c7456235-124d-414b-8881-b114467c310a,1,85.04454933
2232,23928,23866,Clark Creek (Trib. Pringle Creek),CREEK,ACT,42-462,9dc7fa1f-cbd4-4c9e-8019-8ebf49fe61a1,1,62.15479629
2233,23739,23727,Clark Creek (Trib. Pringle Creek),CREEK,ACT,42-462,651f3522-620b-4a84-8044-2a98a409b787,1,59.14028139
2234,23642,23574,Clark Creek (Trib. Pringle Creek),CREEK,ACT,42-462,0361dde1-427e-4dfb-91fd-fdc6b1fc938c,1,120.6467787
2235,23574,185970,Clark Creek (Trib. Pringle Creek),CREEK,ACT,42-462,1abc5e2f-7fc1-4e8f-a7aa-f4a49041b6e3,1,53.28011433
2236,185970,185971,Clark Creek (Trib. Pringle Creek),CREEK,ACT,42-462,9a772ac9-015a-441d-87d7-550ec92dda66,1,11.84623074
2237,23208,23156,Clark Creek (Trib. Pringle Creek),CREEK,ACT,42-462,058f3cd2-242b-4edf-a5a9-f5ab77154f0f,1,93.3718558
2238,22931,22836,Clark Creek (Trib. Pringle Creek),CREEK,ACT,42-464,03f318ee-f314-4066-9d38-d47a3c11e7b4,1,73.6597569
2239,36879,37803,Clark Creek (Trib. Pringle Creek),CREEK,ACT,42-464,7f465e81-4dec-4e87-88ee-311cae598a9f,1,39.18333171
2240,22699,22675,Clark Creek (Trib. Pringle Creek),CREEK,ACT,42-464,9fde780b-d7ce-46cf-8a5e-966411c6e636,1,66.93717148
2241,52554,22506,Clark Creek (Trib. Pringle Creek),CREEK,ACT,42-464,4595059b-5b25-4891-9565-ffe0ddc6f176,1,348.6888964
2242,22379,22309,Clark Creek (Trib. Pringle Creek),CREEK,ACT,45-464,d934e2ff-75e7-4adf-9027-ac5ac295aa56,1,75.63376523
2243,22309,185972,Clark Creek (Trib. Pringle Creek),CREEK,ACT,45-464,ed252a33-651d-4c70-85ed-48e5040860ec,1,302.0141058
2244,185972,185973,Clark Creek (Trib. Pringle Creek),CREEK,ACT,45-464,f8cf4e50-9f0c-49de-ae2a-bd36cd5275ac,1,18.24463697
2245,36970,37894,Clark Creek (Trib. Pringle Creek),CREEK,ACT,45-466,1e785a03-9382-49a9-8498-4ff61381cd07,1,57.89731194
2246,67251,67250,Clark Creek (Trib. Pringle Creek),CREEK,ACT,42-466,bd3628e2-c9ee-410d-9f2e-8b262d6966f6,1,54.67547303
2247,36880,37804,Clark Creek (Trib. Pringle Creek),CREEK,ACT,42-466,5dcfca28-706a-4127-967e-ca9dd465c74b,1,144.1781849
2248,20648,20640,Clark Creek (Trib. Pringle Creek),CREEK,ACT,42-466,349d989d-c15a-4f37-8ee2-c9bf1bb549b8,1,6.48937549
2249,20640,20616,Clark Creek (Trib. Pringle Creek),CREEK,ACT,42-466,f39ed0b9-7619-4167-ae24-781c7985033e,1,53.44820363
2250,20660,20648,Clark Creek (Trib. Pringle Creek),CREEK,ACT,42-466,1f008d01-6676-483a-a42f-ac65e4e6af3a,1,14.46544363
2251,20565,20455,Clark Creek (Trib. Pringle Creek),CREEK,ACT,42-466,d7b20c52-0f41-490b-a1fb-9928e7fed1e8,1,215.2645749
2252,19497,19181,Clark Creek (Trib. Pringle Creek),CREEK,ACT,42-468,c02712ca-f3d3-41f4-a799-ef33dee0495e,1,704.2028741
2253,72050,19497,Clark Creek (Trib. Pringle Creek),CREEK,ACT,42-468,269195b7-3246-4268-bb97-d36fc87696bb,1,804.7334656
2254,72051,105331,Clark Creek (Trib. Pringle Creek),CREEK,ACT,42-468,ab2826e9-8688-4b02-a812-812bcdb20194,1,1330.78949
2255,105331,19161,Clark Creek (Trib. Pringle Creek),CREEK,ACT,42-468,197b7d6e-8006-403c-9f5b-8510ba40930a,1,328.1589032
2256,28328,28159,Trib. West Fork Pringle Creek,CREEK,ACT,42-456,658e6500-a7f3-49ae-97d0-a6a31f438435,1,254.8850728
2257,28412,28343,Trib. West Fork Pringle Creek,CREEK,ACT,42-456,193c3751-b65b-42d0-927a-b7e1c581b4f7,1,161.8780128
2258,28343,28328,Trib. West Fork Pringle Creek,CREEK,ACT,42-456,86f27ef3-a7f7-49fc-af9a-e2a6cb9697ff,1,19.57019236
2259,28159,28059,Trib. West Fork Pringle Creek,CREEK,ACT,45-456,f7f70a85-302b-4403-b36f-65e7c18e28a7,1,175.4344795
2260,28015,27978,Trib. West Fork Pringle Creek,CREEK,ACT,45-458,9afe33e5-4d99-4631-8051-afdd6378ef44,1,89.48135852
2261,27845,27795,Trib. West Fork Pringle Creek,CREEK,ACT,45-458,6b649a26-ed12-47fd-854c-734c859437a8,1,78.74186331
2262,27715,27574,Trib. West Fork Pringle Creek,CREEK,ACT,45-458,396c017b-f07a-40a6-ae7d-2d6b32bccd4f,1,252.0820953
2263,27416,27176,Trib. West Fork Pringle Creek,CREEK,ACT,45-458,b9059896-eb02-43d2-8ba1-6c0bbbbb2c7e,1,359.0456947
2264,27574,27416,Trib. West Fork Pringle Creek,CREEK,ACT,45-458,640ea49a-50a9-4b03-8f54-2a781568a18a,1,232.8570202
2265,27413,27363,Alderbrook Swale (Trib. West Fork Pringle Creek),CREEK,ACT,42-458,36def79c-e319-40bd-af96-873d6843785a,1,90.88450959
2266,27499,27471,Alderbrook Swale (Trib. West Fork Pringle Creek),CREEK,ACT,42-458,217d6790-c13f-4026-beab-ed5757bc06a1,1,104.5433481
2267,27342,27299,Alderbrook Swale (Trib. West Fork Pringle Creek),CREEK,ACT,42-458,f77b1d0a-7338-477c-a552-35705c3924db,1,601.9186768
2268,27278,27283,Alderbrook Swale (Trib. West Fork Pringle Creek),CREEK,ACT,42-458,73275226-8eeb-4a21-b2bc-e5404817f050,1,84.96626236
2269,27283,27365,Alderbrook Swale (Trib. West Fork Pringle Creek),CREEK,ACT,42-458,f2dd56a8-8640-41a9-b4ee-d46e02176c11,1,159.5939748
2270,27535,27499,Alderbrook Swale (Trib. West Fork Pringle Creek),CREEK,ACT,42-458,3ca57082-9c61-44e2-bf4f-f2c2527f08c0,1,26.4766958
2271,27363,27342,Alderbrook Swale (Trib. West Fork Pringle Creek),CREEK,ACT,42-458,3a7452ce-a94b-46a2-8f23-c05fbd36040d,1,76.1829897
2272,27471,27413,Alderbrook Swale (Trib. West Fork Pringle Creek),CREEK,ACT,42-458,2ad2f2a4-f119-4f7c-a0ed-8bced056d068,1,135.5248214
2273,28774,185975,Pringle Creek,CREEK,ACT,39-456,94d59143-9cbf-430d-bc7d-f8cec8a0f03b,1,235.1742883
2274,185975,185976,Pringle Creek,CREEK,ACT,39-456,b18ab4e5-3905-479e-8fb8-5af9cdc00ab5,1,27.27153857
2275,164533,164534,Pringle Creek,CREEK,ACT,39-456,49018ebe-1acd-4b50-86b4-9632778141e2,1,64.55994227
2276,185978,185979,Pringle Creek,CREEK,ACT,42-456,d69bed16-5594-4240-9950-f4bf0759246b,1,154.5686259
2277,185977,185978,Pringle Creek,CREEK,ACT,42-456,44e243a9-eaa5-4f47-b1ea-b9d04eb8b853,1,7.596322034
2278,185980,28322,Pringle Creek,CREEK,ACT,42-456,df051c49-51ad-4c62-a7b4-33a52e7b0b99,1,142.9341498
2279,185979,185980,Pringle Creek,CREEK,ACT,42-456,83652907-0e7a-4197-8a10-39e1b24b474b,1,5.442149224
2280,30134,30120,Trib. West Fork Pringle Creek,CREEK,ACT,36-454,72804cc2-62a8-4b0a-869e-a7a23c38728d,1,48.66569695
2281,186303,186304,Pringle Creek,CREEK,ACT,42-456,e26bd985-b198-4969-8efe-ba0da50c87a7,1,7.40220166
2282,186305,186306,West Fork Pringle Creek,CREEK,ACT,42-458,8bf94574-cdfe-471c-b029-9bedae7b8561,1,5.411206933
2283,28322,186305,West Fork Pringle Creek,CREEK,ACT,42-458,36525e18-9449-4f3d-b235-f6e066c48818,1,3.97955229
2284,69496,69498,Trib. Middle Fork Pringle Creek,CREEK,ACT,45-460,b1cfb32c-132e-4697-95fd-786c4d501cb4,1,131.186885
2285,69497,69499,Trib. Middle Fork Pringle Creek,CREEK,ACT,45-460,917e8506-0c6a-4c6e-bdf1-bc5bd1ce8a36,1,133.5718935
2286,37343,38267,Trib. Middle Fork Pringle Creek,CREEK,ACT,48-460,e9fc9448-b273-4fd3-b79c-1641e3f3831e,1,104.9146519
2287,36790,37714,Middle Fork Pringle Creek,CREEK,ACT,48-462,7207bb6b-e442-4884-a820-cca3b181b66f,1,94.55338202
2288,36791,37715,Middle Fork Pringle Creek,CREEK,ACT,48-462,a86084e1-a5c7-4ecc-82f1-80f52b4fda6f,1,94.56753308
2289,34470,34484,West Middle Fork Pringle Creek,CREEK,ACT,48-448,38208959-f3a5-4d5d-a6e8-731b4ae0b1b7,1,215.5849864
2290,33551,33515,West Middle Fork Pringle Creek,CREEK,ACT,45-450,24a41808-4ea6-41b5-8225-3239c2882ec4,1,67.68747986
2291,33000,32946,West Middle Fork Pringle Creek,CREEK,ACT,48-450,0029a32c-4012-4785-84b2-70d3b368a996,1,36.6588985
2292,37531,33000,West Middle Fork Pringle Creek,CREEK,ACT,48-450,75213324-12fb-4a41-9c65-4119364cc193,1,14.42600514
2293,32946,57028,West Middle Fork Pringle Creek,CREEK,ACT,48-450,1c880a06-03a8-405d-9744-890412e10fcc,1,12.17226522
2294,32300,32310,West Middle Fork Pringle Creek,CREEK,ACT,48-452,8db516ff-50cc-4fd0-a60f-4ebecfc03f6e,1,154.1515648
2295,31516,31378,West Middle Fork Pringle Creek,CREEK,ACT,48-452,04d24b52-fa56-4fb7-8181-723a05fa0d6d,1,159.6257042
2296,38150,37226,West Middle Fork Pringle Creek,CREEK,ACT,48-452,e6cb311f-a055-476b-a24a-d6d0cdab1f0c,1,72.39727397
2297,186332,36806,West Middle Fork Pringle Creek,CREEK,ACT,48-452,016e4b24-c802-4239-835d-c1637a203030,1,384.6620666
2298,186331,186332,West Middle Fork Pringle Creek,CREEK,ACT,48-452,030bd141-3c8c-448b-bca9-974d86053257,1,13.24708541
2299,36806,37730,West Middle Fork Pringle Creek,CREEK,ACT,48-454,458539fb-21d8-460b-9423-8e2bddff124f,1,116.560969
2300,37559,36635,Trib. West Middle Fork Pringle Creek,CREEK,ACT,45-454,2a19aa27-d56b-41cf-9f98-22611e6a910a,1,60.0152378
2301,56066,56067,Trib. West Middle Fork Pringle Creek,CREEK,ACT,45-454,8ae67d7f-8f7a-4eb9-a03d-f7207301be76,1,87.96675609
2302,29790,29792,Trib. West Middle Fork Pringle Creek,CREEK,ACT,48-454,95c73a0a-bf1d-4da7-9222-6964eed30909,1,124.5401533
2303,29792,29746,Trib. West Middle Fork Pringle Creek,CREEK,ACT,48-454,fd49eddb-ad05-4baf-9a98-2c3bf1a03e66,1,62.84822889
2304,29746,29760,Trib. West Middle Fork Pringle Creek,CREEK,ACT,48-454,001c2182-ec1d-47ae-9b8c-8ef9537da7b4,1,70.96840261
2305,29777,29784,Trib. West Middle Fork Pringle Creek,CREEK,ACT,48-454,b027086b-85fb-4d7d-a251-594fd801356d,1,41.45498311
2306,186334,99604,West Middle Fork Pringle Creek,CREEK,ACT,48-458,33efb5ad-89ba-41ce-976f-acacf246d871,1,452.7275259
2307,36972,37896,West Middle Fork Pringle Creek,CREEK,ACT,48-458,746d0a57-470f-41e3-a501-3b2a499dc703,1,98.83977505
2308,99602,99603,West Middle Fork Pringle Creek,CREEK,ACT,48-458,55e55584-69ed-4df5-96ec-39be9f07d0c3,1,99.83541405
2309,186335,186336,Wiltsey Swale (Trib. Pringle Creek),CREEK,ACT,54-446,9df129fd-d415-4e95-b97c-de5f94c00f3d,1,356.0073332
2310,186336,186337,Wiltsey Swale (Trib. Pringle Creek),CREEK,ACT,54-446,269f94d7-8f7c-4059-8839-e1c6403821b5,1,22.26546673
2311,186337,186611,Wiltsey Swale (Trib. Pringle Creek),CREEK,ACT,54-446,e1cf0f84-0915-4675-8221-390510c0f10e,1,1015.373892
2312,186611,186610,Wiltsey Swale (Trib. Pringle Creek),CREEK,ACT,54-448,3e0c46eb-0da1-4118-9a2b-037187706882,1,42.21870503
2313,186610,186612,Wiltsey Swale (Trib. Pringle Creek),CREEK,ACT,54-448,8b6d3783-407e-443c-80bf-9f7f7b0b4ff6,1,59.77899621
2314,186612,186613,Wiltsey Swale (Trib. Pringle Creek),CREEK,ACT,54-448,d484ca88-a9b1-4c19-b47f-1eab4f349417,1,33.3554686
2315,186614,186615,Wiltsey Swale (Trib. Pringle Creek),CREEK,ACT,54-448,24f88abd-26a1-40fc-af31-07cc53593961,1,2202.80588
2316,186615,186616,Wiltsey Swale (Trib. Pringle Creek),CREEK,ACT,54-448,ca0ffb47-925c-4ee8-a41e-b0954bd0d684,1,27.96797565
2317,186616,186612,Wiltsey Swale (Trib. Pringle Creek),CREEK,ACT,54-448,e3b9127d-4f4b-4281-8b39-07dac0dcd007,1,120.1225391
2318,186613,186618,Wiltsey Swale (Trib. Pringle Creek),CREEK,ACT,54-450,e42ee2e6-fa4f-4706-9960-0ebe3801382c,1,2429.5035
2319,81359,81650,East Fork Pringle Creek,CREEK,ACT,57-446,c5f69f0d-ed11-4dd0-b282-32db7ec74de4,1,71.30799284
2320,81650,186619,East Fork Pringle Creek,CREEK,ACT,57-446,f25d4ac5-61c6-4185-93aa-e1278bad8974,1,601.9500973
2321,186619,186620,East Fork Pringle Creek,CREEK,ACT,57-446,63457157-5baa-482e-95af-9f4405ce3185,1,27.46478898
2322,186620,186622,East Fork Pringle Creek,CREEK,ACT,57-446,3dfe194c-0d60-457f-a037-644d921d22c5,1,602.0976324
2323,186622,186621,East Fork Pringle Creek,CREEK,ACT,57-446,697fc9c3-daf3-4ce7-a31e-2cb3b88f7866,1,19.52816502
2324,186621,186623,East Fork Pringle Creek,CREEK,ACT,57-448,6e6b044b-6fb3-48f2-b9ab-1292e1eb9ed3,1,497.4088908
2325,186623,186624,East Fork Pringle Creek,CREEK,ACT,57-448,6f4542b3-e9fa-4984-bf10-602d6a400fb8,1,98.36690382
2326,186624,186626,East Fork Pringle Creek,CREEK,ACT,57-448,8a959143-2501-4cf8-a80b-8208be0a7f25,1,959.5508379
2327,186626,186625,East Fork Pringle Creek,CREEK,ACT,57-448,23c1944e-85aa-4dd4-832a-f692971b050b,1,5.933233533
2328,186625,186627,East Fork Pringle Creek,CREEK,ACT,54-448,52165a34-8e13-4cfa-91ea-b916f0986586,1,392.1353845
2329,186627,186628,East Fork Pringle Creek,CREEK,ACT,54-448,d5b883a3-5634-4dc5-bace-f6358d7d2cdd,1,50.75981612
2330,186628,71429,East Fork Pringle Creek,CREEK,ACT,54-448,3f9bb34a-6301-4d1f-b102-1cfe1615ae44,1,263.1216204
2331,71429,186629,Pringle Creek,CREEK,ACT,54-450,04d0917e-7c4b-4033-8e16-c82c1a800942,1,1104.905243
2332,186629,186617,Pringle Creek,CREEK,ACT,54-450,102331b0-73c6-4a81-be22-1ca8c22679d4,1,25.92514111
2333,71428,71427,East Fork Pringle Creek,CREEK,ACT,54-450,28644974-afc3-4fe4-91e4-7a99fd5f1468,1,32.2467011
2334,66298,66300,East Fork Pringle Creek,CREEK,ACT,54-450,cef0c14d-6e29-4ca8-ab3f-a18fcf240280,1,31.17824766
2335,33515,33331,West Middle Fork Pringle Creek,CREEK,ACT,45-450,85d46953-a415-497d-98f7-edeb09954903,1,242.2680592
2336,28532,28412,Trib. West Fork Pringle Creek,CREEK,ACT,42-456,81f1c544-828a-4df7-b885-e105f07c7509,1,311.5162951
2337,185976,164533,Pringle Creek,CREEK,ACT,39-456,0478a5e8-c309-4978-8202-ee2225c1dafa,1,389.1225112
2338,164534,185977,Pringle Creek,CREEK,ACT,42-456,096af0e2-923b-4bff-842e-bd3a1e28b1c0,1,355.970854
2339,26366,37313,Croisan Creek,CREEK,ACT,33-460,17fd861b-f2a8-400f-9d15-f1e243c12d6c,1,227.4074273
2340,26036,37335,Croisan Creek,CREEK,ACT,33-460,8721b9cf-dd8f-4298-8474-8a9676c0b748,1,315.3325051
2341,24244,23928,Clark Creek (Trib. Pringle Creek),CREEK,ACT,42-462,c24918d6-b76d-449a-ac8c-9fc33dd611a7,1,442.7322228
2342,26080,26065,Clark Creek (Trib. Pringle Creek),CREEK,ACT,39-460,f48282e4-a3b0-449c-92dc-712c15a02571,1,30.28018889
2343,26032,26029,Clark Creek (Trib. Pringle Creek),CREEK,ACT,39-460,a7ba8e0b-eb06-4aaf-9285-964fa134afc0,1,22.62694997
2344,36635,56066,Trib. West Middle Fork Pringle Creek,CREEK,ACT,45-454,a71d0ff3-f6db-484e-bae0-47a0285b6770,1,721.8913262
2345,20455,72052,Clark Creek (Trib. Pringle Creek),CREEK,ACT,42-468,f5fa7932-a44e-4fbc-aaf1-57feedc97d58,1,811.182027
2346,37226,186331,West Middle Fork Pringle Creek,CREEK,ACT,48-452,c109f766-9e83-46a3-8b20-35da37eba87b,1,887.342567
2347,27795,27715,Trib. West Fork Pringle Creek,CREEK,ACT,45-458,8553d69b-d94a-47b9-a1db-e2587ac82c6d,1,95.95455192
2348,75892,27845,Trib. West Fork Pringle Creek,CREEK,ACT,45-458,ac75000d-7b50-456a-81b8-4bcf526dc2d0,1,302.6909507
2349,28059,75893,Trib. West Fork Pringle Creek,CREEK,ACT,45-456,d44f17c2-3189-4795-a53f-8771ad4d4380,1,65.49898105
2350,19181,131570,Clark Creek (Trib. Pringle Creek),CREEK,ACT,42-468,0cb41d38-c4ca-40f0-bd72-39f79e6ac02c,1,69.75777417
2353,38237,185702,Croisan Creek,CREEK,ACT,33-460,3ed7ee6c-ce3e-4d38-89f8-c87502eecc47,1,266.2300213
2354,127419,25273,Clark Creek (Trib. Pringle Creek),CREEK,ACT,39-460,1ba4a80e-78d3-4cb5-936e-e14fb5f7d653,1,676.2622274
2355,22836,36879,Clark Creek (Trib. Pringle Creek),CREEK,ACT,42-464,21b6e790-b08f-4b85-b2bb-8e3fb7291d02,1,699.0846115
2356,37730,29785,West Middle Fork Pringle Creek,CREEK,ACT,48-454,12a567e1-6eb3-4655-a0f8-ff7bf8ba6c57,1,190.1989157
2357,31378,38150,West Middle Fork Pringle Creek,CREEK,ACT,48-452,999ab5e1-0f89-45bd-8809-c5842551ef77,1,210.6615218
2358,37894,67253,Clark Creek (Trib. Pringle Creek),CREEK,ACT,45-466,b8cac71a-6401-4f9d-9771-83eb88144f1e,1,191.3546309
2359,23727,23642,Clark Creek (Trib. Pringle Creek),CREEK,ACT,42-462,629d4b4a-be62-4511-a4d3-0503cef6f374,1,129.1910724
2360,22506,22379,Clark Creek (Trib. Pringle Creek),CREEK,ACT,42-464,27d8cf8c-4c1b-4c56-9ca7-a2746960ebc1,1,279.3402495
2362,29760,29777,Trib. West Middle Fork Pringle Creek,CREEK,ACT,48-454,34f16df7-7e35-4d48-b43a-f6b848cefa92,1,100.570154
2363,29784,29785,Trib. West Middle Fork Pringle Creek,CREEK,ACT,48-454,8065e225-8cd2-427e-8500-28885d12181c,1,189.5649724
2367,23156,22931,Clark Creek (Trib. Pringle Creek),CREEK,ACT,42-464,42721f60-eeeb-44a6-9c9a-209212cd1271,1,245.5861098
2369,37803,22699,Clark Creek (Trib. Pringle Creek),CREEK,ACT,42-464,d4adb721-bf76-44d9-af92-a6868153397d,1,805.8465424
2370,27917,185974,Alderbrook Swale (Trib. West Fork Pringle Creek),CREEK,ACT,39-458,7c598dfd-c7a9-4b04-b47f-4e918decb0a3,1,1405.630629
2371,34485,34484,West Middle Fork Pringle Creek,CREEK,ACT,48-448,90c954ff-d321-44ba-a0ec-a7f1713f471b,1,143.8657702
2372,26029,37318,Clark Creek (Trib. Pringle Creek),CREEK,ACT,39-460,69195d42-ac58-4428-8c65-38dfe386019b,1,54.52265102
2373,38242,127427,Clark Creek (Trib. Pringle Creek),CREEK,ACT,39-460,3cded268-42c3-4e4d-b249-633108a2fa8c,1,74.30493888
2374,127422,37320,Clark Creek (Trib. Pringle Creek),CREEK,ACT,39-460,4e629ebe-4285-4da2-b584-120ed66ac017,1,363.3642032
2375,38244,127418,Clark Creek (Trib. Pringle Creek),CREEK,ACT,39-460,16f97f9f-e3bb-40d9-bfd4-c12502d4ab9f,1,267.8381225
2376,28755,56050,Joplin Brook (Trib. Croisan Creek),CREEK,ACT,30-456,bd90492c-a880-4ba8-a488-605fe45d4151,1,184.4758336
2377,55744,55743,Joplin Brook (Trib. Croisan Creek),CREEK,ACT,30-456,9132264f-6bef-473c-93fd-ea5295c21d9d,1,225.3539311
2378,55745,55744,Joplin Brook (Trib. Croisan Creek),CREEK,ACT,30-456,9b84e183-f446-4744-99a9-b91b8fb08a35,1,82.70363062
2379,56050,55745,Joplin Brook (Trib. Croisan Creek),CREEK,ACT,30-456,840f7c70-53e6-4130-b7a2-e5ddb2ef7913,1,136.8570187
2380,30120,57027,Trib. West Fork Pringle Creek,CREEK,ACT,36-454,beccdbb5-693f-419a-ab6b-ab4d2d07fcc8,1,532.9574995
2383,67250,67252,Clark Creek (Trib. Pringle Creek),CREEK,ACT,42-466,efec59cb-a2a3-43fd-bbfd-6335e1382708,1,14.23108779
2384,38321,67252,Clark Creek (Trib. Pringle Creek),CREEK,ACT,42-466,bf0b5fb5-febb-4895-9197-d02a5ed2b1f6,1,14.66695712
2385,67253,37397,Clark Creek (Trib. Pringle Creek),CREEK,ACT,42-466,39738da0-3625-40e9-b64e-54f15c7e1ebb,1,14.53198031
2386,33193,37531,West Middle Fork Pringle Creek,CREEK,ACT,48-450,bb0381cf-21e3-4002-bac4-3daaf49aaeec,1,201.1715631
2387,69499,69501,Alderbrook Swale (Trib. West Fork Pringle Creek),CREEK,ACT,45-460,63537e3b-1a8f-4a5a-86d8-4f7dedb1dfc4,1,22.8225912
2388,69498,69501,Alderbrook Swale (Trib. West Fork Pringle Creek),CREEK,ACT,45-460,795d5b07-0c5c-4fd6-802b-5e89b3e85ccc,1,23.81839156
2389,69500,69497,Alderbrook Swale (Trib. West Fork Pringle Creek),CREEK,ACT,45-460,f0c164f5-7e3b-4de8-8290-a27333e59c1c,1,20.22520379
2390,72052,72051,Clark Creek (Trib. Pringle Creek),CREEK,ACT,42-468,2daee3d7-cfba-4475-b771-1a9ea8da8d7c,1,14.8143753
2392,27984,75892,Trib. West Fork Pringle Creek,CREEK,ACT,45-458,3156387f-d9de-4f6c-a448-502be7e1e571,1,17.47942646
2393,27978,75892,Trib. West Fork Pringle Creek,CREEK,ACT,45-458,26ee8215-e070-47e1-aaf5-7251c2e65f8a,1,15.53364897
2394,75893,28015,Trib. West Fork Pringle Creek,CREEK,ACT,45-458,c7363099-96ae-4231-a364-c6f58731d626,1,11.2215334
2396,164530,164531,East Fork Pringle Creek,CREEK,ACT,54-452,377ad863-f3b4-41fc-9f1d-ad7febbbf55c,1,69.81325946
2397,66308,66307,East Fork Pringle Creek,CREEK,ACT,54-452,a08f6707-946c-4a21-84fc-62c69a16c588,1,60.01254354
2398,133812,133814,East Fork Pringle Creek,CREEK,ACT,54-452,60232675-08ab-499a-9518-817ad2f5b144,1,198.769058
2399,133811,133813,East Fork Pringle Creek,CREEK,ACT,54-452,216fc870-6c88-48af-ae27-c82e5e639325,1,198.1076671
2400,37355,38279,East Fork Pringle Creek,CREEK,ACT,54-454,8827387e-f2db-4aaf-8da4-0e65c5438531,1,197.7759796
2401,71436,71437,East Fork Pringle Creek,CREEK,ACT,54-454,dccd3f61-4d9e-4915-b4d3-05c66b9b394b,1,69.31031073
2402,37354,38278,East Fork Pringle Creek,CREEK,ACT,54-454,8ba8b67b-7ccf-43f5-a441-4013edc4b006,1,70.11217442
2403,37005,37929,East Fork Pringle Creek,CREEK,ACT,54-456,47b28fb3-34ba-4e80-9484-51521b1fb79f,1,73.48892628
2404,186640,88738,East Fork Pringle Creek,CREEK,ACT,54-456,f62f3448-6f59-4b02-aa3f-88ac915a2f7e,1,183.7814047
2405,38262,37338,East Fork Pringle Creek,CREEK,ACT,51-458,729053bb-ecfc-4471-afef-290afc34a65a,1,76.1535585
2406,186641,186930,East Fork Pringle Creek,CREEK,ACT,51-460,6c4a7d02-cdf9-4826-bf6b-66e2a61e17f1,1,35.72952656
2407,186930,186931,East Fork Pringle Creek,CREEK,ACT,51-460,014fdccf-edd0-4653-bc59-9acb641ec397,1,759.8587591
2408,186931,186932,East Fork Pringle Creek,CREEK,ACT,51-460,3f5821b8-96f3-4b82-ba0a-ecc8b71c5190,1,53.89224698
2409,23560,23413,East Fork Pringle Creek,CREEK,ACT,48-462,c23e2d66-0b54-45ac-b8ef-82e8aca0a0d0,1,143.5348257
2410,186933,186934,East Fork Pringle Creek,CREEK,ACT,48-462,e2dec47b-27c5-482e-ad72-bfa96ad689e3,1,36.67497681
2411,186936,20386,East Fork Pringle Creek,CREEK,ACT,45-466,6b9ff493-12e4-48b6-a5b7-15bb6073bbbb,1,122.5769182
2412,186935,186936,East Fork Pringle Creek,CREEK,ACT,45-466,a5e66ebc-d59a-4e6e-9ab8-77ea8d89d216,1,22.47586024
2413,186939,186937,Middle Fork Pringle Creek,CREEK,ACT,54-456,57305f45-8e07-45b0-a299-6fa7122f5e8f,1,151.3710159
2414,37342,38266,Middle Fork Pringle Creek,CREEK,ACT,48-462,a4b14dc8-ab5d-45ea-84b7-dd598f3132c6,1,107.6839157
2415,23549,186940,West Fork Pringle Creek,CREEK,ACT,45-464,69d9820f-ec05-4549-b740-6a07dac4ae61,1,315.5301329
2416,186940,186941,West Fork Pringle Creek,CREEK,ACT,45-464,040bc668-efcb-49d2-90db-84e41bd7d2a0,1,20.83428431
2417,36896,37820,West Fork Pringle Creek,CREEK,ACT,45-466,e545f853-22fd-4ad7-be35-f94bc59f1a7c,1,55.82492228
2418,65347,65348,West Fork Pringle Creek,CREEK,ACT,45-466,0154b322-9cbb-483a-8cf5-852771a45be0,1,140.8130074
2419,186943,73023,Pringle Creek,CREEK,ACT,45-466,568d282d-c990-43ea-a238-a1e9b1772301,1,194.4275341
2420,186942,186943,Pringle Creek,CREEK,ACT,45-466,4a811e8a-0175-4c71-9415-bca152ee1848,1,6.917899538
2421,88726,186944,Pringle Creek,CREEK,ACT,42-468,5789cc40-7fdf-47ed-a216-85707ac543b9,1,11.53878331
2422,186944,186945,Pringle Creek,CREEK,ACT,42-468,99ae0377-cba8-421c-9e09-6400ee1c4843,1,6.834474977
2423,187250,187251,Pringle Creek,CREEK,ACT,42-468,fb0194e2-bdf7-4f30-a999-3d86b5379ed6,1,45.52317302
2424,187253,187254,Pringle Creek,CREEK,ACT,42-468,64581add-ee9e-4796-8c29-68f3f0a1f241,1,578.1000446
2425,187254,187255,Pringle Creek,CREEK,ACT,42-468,ce92cf8a-2e5f-44bf-9a34-5cd9b145bb96,1,56.69216431
2426,187255,187256,Pringle Creek,CREEK,ACT,42-468,85bef13e-642c-41b2-a58b-d215276e772c,1,78.86763733
2427,187256,187257,Pringle Creek,CREEK,ACT,42-468,a7c63846-578d-481f-ba74-fa8eeefc5755,1,306.4732495
2428,187260,187261,Pringle Creek,CREEK,ACT,42-468,77f2737c-8264-4275-9e1f-c562786c3eac,1,109.9942496
2429,187258,187259,Pringle Creek,CREEK,ACT,42-468,2e8f8f9d-b32f-4877-ab60-81368685b0bf,1,11.25378515
2430,187259,187260,Pringle Creek,CREEK,ACT,42-468,435bf894-1aa2-4c6f-a90d-5b7537afbeb6,1,164.9485212
2431,29473,29475,West Fork Pringle Creek,CREEK,ACT,36-454,f0fa0d45-d6f5-447e-8360-60bb2e756906,1,15.34957892
2432,29399,29402,West Fork Pringle Creek,CREEK,ACT,36-454,125e50b1-d03a-4eea-a651-0261ba94c453,1,9.586079738
2433,29406,29402,West Fork Pringle Creek,CREEK,ACT,36-454,f4a3cbff-1c13-4003-a53b-b36ae4569508,1,9.432781715
2434,37326,114939,West Fork Pringle Creek,CREEK,ACT,39-454,ed987595-a6fe-43c1-bdbb-b8177a6c5062,1,268.0463296
2435,185984,38250,West Fork Pringle Creek,CREEK,ACT,39-454,0ca4c72d-9bc3-4e51-83ee-9873eef60ee1,1,210.2365533
2436,29736,29659,West Fork Pringle Creek,CREEK,ACT,33-454,7700d51c-fe0b-452b-b049-a4d5510fcd61,1,135.3104299
2437,37322,38247,West Fork Pringle Creek,CREEK,ACT,39-454,6a004dc3-f8ea-4772-b033-ccbf2815cd79,1,251.084872
2438,38267,24750,Trib. Middle Fork Pringle Creek,CREEK,ACT,48-462,73c59adf-74a8-42dd-98a9-fda9ed5a433e,1,587.4757811
2439,24750,36790,Middle Fork Pringle Creek,CREEK,ACT,48-462,7059b197-b3c3-41a8-8e7b-e9f2b5535aef,1,34.53726555
2440,24863,24750,Middle Fork Pringle Creek,CREEK,ACT,48-462,3aebf205-73ce-4154-8d68-53ad64bca096,1,196.4091749
2441,29659,29560,West Fork Pringle Creek,CREEK,ACT,33-454,b8cbb4ee-3d6d-461c-9347-4d96bccef517,1,175.008852
2442,186306,28016,West Fork Pringle Creek,CREEK,ACT,42-458,04df98e8-ac82-40a4-ba04-07516bcfd918,1,876.2832338
2443,186302,186303,West Fork Pringle Creek,CREEK,ACT,42-456,60db4f5c-6ab4-4ad5-95df-7d2b53707749,1,445.1681298
2444,27867,186307,West Fork Pringle Creek,CREEK,ACT,42-458,3db9852b-0d6e-4df7-a92c-21a358c0bd32,1,942.7601182
2445,42932,186639,Trib. East Fork Pringle Creek,CREEK,ACT,51-450,fef008db-310b-44f8-a706-cd0c7cc575c8,1,2244.355915
2446,42933,186631,Tanglewood Brook (Trib. Pringle Creek),CREEK,ACT,51-450,78f6c696-36a8-408b-89c0-1fb84e7242c3,1,834.5213839
2447,42939,42941,Tanglewood Brook (Trib. Pringle Creek),CREEK,ACT,54-450,faedfff0-648c-45cb-ae51-65f65ea39f93,1,572.5938381
2448,42944,42943,,CREEK,,51-450,d7bd977b-e2d5-4677-8339-42d29a9a5be8,1,2770.356817
2449,186617,33769,Pringle Creek,CREEK,ACT,54-450,52147f77-a4ff-44e6-ade6-b650c8759307,1,623.4355227
2450,42945,186637,Pringle Creek,CREEK,ACT,54-450,f7edf06c-289f-4633-9f47-82a5790c8156,1,642.8456095
2451,186637,32715,East Fork Pringle Creek,CREEK,ACT,54-450,8f378a8c-bdb0-4b7a-93f5-50102b1600fc,1,624.0168499
2453,32668,42946,East Fork Pringle Creek,CREEK,ACT,54-452,57cc464b-fbcc-49ed-b078-fadc943889f8,1,722.9611222
2454,42947,42949,East Fork Pringle Creek,CREEK,ACT,54-452,89f4931d-06b4-43cc-be92-d5a5dcff6728,1,222.919925
2455,42948,42950,East Fork Pringle Creek,CREEK,ACT,54-452,cec4dc3c-d5bb-410c-94a6-357e440dc8f7,1,117.6725611
2456,42951,42952,East Fork Pringle Creek,CREEK,ACT,54-452,d44ef881-53c4-4f49-a14c-1acc14ddbf38,1,263.8258151
2457,42953,42956,East Fork Pringle Creek,CREEK,ACT,54-452,88756d54-1e29-43f8-a62f-1031967fb554,1,206.5642749
2458,42955,42957,East Fork Pringle Creek,CREEK,ACT,54-452,578caf38-2d51-4a43-9cae-1a43497de911,1,71.93375868
2459,30839,71439,East Fork Pringle Creek,CREEK,ACT,54-454,d6d831df-fc3f-4119-91f6-76b835716c5b,1,78.56062042
2460,187257,187258,Pringle Creek,CREEK,ACT,42-468,e9d6fedd-b7e5-4a63-ac36-2fe2b22d54a5,1,419.2647247
2461,186323,36967,West Fork Pringle Creek,CREEK,ACT,45-458,10cbb208-9bd3-4540-a472-785d2c2e358e,1,250.174637
2462,25321,24863,Middle Fork Pringle Creek,CREEK,ACT,48-462,e2777f37-cfc9-4623-9b81-bd6875965f75,1,649.302305
2464,186298,28797,West Fork Pringle Creek,CREEK,ACT,39-454,d7473d1f-ec81-42f6-914d-375f6d25637b,1,710.2401766
2465,37323,114944,West Fork Pringle Creek,CREEK,ACT,39-454,bab0d5d8-8012-43ef-9455-5f71c27e09b1,1,204.0304814
2466,186330,23549,West Fork Pringle Creek,CREEK,ACT,45-462,d1284ec3-80fc-4628-862c-3918df7dd06d,1,458.9548226
2467,37820,65347,West Fork Pringle Creek,CREEK,ACT,45-466,cfab64cf-e690-46b7-80c0-f1c0036be2d1,1,962.1061497
2468,42942,186635,Tanglewood Brook (Trib. Pringle Creek),CREEK,ACT,54-450,42f15a14-08ba-4d03-a24f-fef3665c499c,1,763.9835957
2469,88738,88735,East Fork Pringle Creek,CREEK,ACT,54-456,f194703e-df7d-42e8-90bf-144a11830f63,1,2648.944895
2470,19161,54456,Clark Creek (Trib. Pringle Creek),CREEK,ACT,42-468,a546be28-d6db-409c-98d0-81f64cb37b0d,1,271.8569332
2472,29684,29723,West Fork Pringle Creek,CREEK,ACT,33-454,56bda204-dd85-4966-8822-28453f7a75f9,1,136.0624131
2473,29386,29349,West Fork Pringle Creek,CREEK,ACT,36-454,2dbf02b0-dd34-43fe-8da1-0711d805131d,1,308.1076274
2474,29560,185981,West Fork Pringle Creek,CREEK,ACT,36-454,6905d479-72ea-4fb4-859c-03c5e505a2c3,1,173.7634368
2475,29402,38246,West Fork Pringle Creek,CREEK,ACT,39-454,456183fc-2b80-4148-8892-eab92ce5a9a2,1,580.8061548
2476,186934,22754,East Fork Pringle Creek,CREEK,ACT,48-462,95f23b22-40bf-4f86-ad0a-8124a74da540,1,1257.570854
2478,66304,31110,East Fork Pringle Creek,CREEK,ACT,54-452,9cbde713-0482-4263-b015-daf3fe97a524,1,862.4742047
2479,42624,31728,,CREEK,ACT,51-452,feb3c5b7-7140-44ac-9b32-414c22e2776f,1,703.4639531
2480,42625,164530,Trib. East Fork Pringle Creek,CREEK,ACT,54-452,8be4171f-e93c-4f6a-afba-40ee36694f3b,1,1324.7823
2481,37345,138292,West Fork Pringle Creek,CREEK,ACT,45-462,7086f7df-11bc-4126-b3da-e864efe3ae9a,1,280.0183116
2482,71430,37342,Middle Fork Pringle Creek,CREEK,ACT,48-462,099da15d-6f99-4322-b3c0-c083f5d56dd8,1,537.5169841
2491,66299,66301,Trib. East Fork Pringle Creek,CREEK,ACT,54-450,20e4a983-d5b0-405c-a8f5-8d64bfc154a7,1,6.460569482
2492,66300,66301,East Fork Pringle Creek,CREEK,ACT,54-450,7631ea96-7259-44f7-a4c3-86bc6dc33545,1,8.244704784
2495,66307,66305,East Fork Pringle Creek,CREEK,ACT,54-452,9750589c-6631-4f82-b465-a98cca71b540,1,203.1602671
2496,71427,66298,East Fork Pringle Creek,CREEK,ACT,54-450,3b0e30fb-d362-4324-9fb1-244380c66da2,1,1754.53361
2497,37715,71430,Middle Fork Pringle Creek,CREEK,ACT,48-462,cd083f69-3ed0-4534-a9bd-525cecca0ca1,1,16.4791301
2498,37714,71430,Middle Fork Pringle Creek,CREEK,ACT,48-462,d9682612-1dab-495c-80da-89781e7a72ab,1,15.50320811
2499,71439,37354,East Fork Pringle Creek,CREEK,ACT,54-454,54ece82b-523f-4898-8c88-6e91fd0a5973,1,13.55306121
2504,20576,186935,East Fork Pringle Creek,CREEK,ACT,45-466,8fcadd46-7c67-4f18-9cb1-228cfb0344b5,1,806.033913
2505,38278,71438,East Fork Pringle Creek,CREEK,ACT,54-454,70befac5-e431-4f97-ae6c-31e6c132a66c,1,17.3089416
2506,71437,71438,East Fork Pringle Creek,CREEK,ACT,54-454,e8388174-5689-427a-a4e8-7cca4b04b75a,1,17.7169124
2507,65348,88732,West Fork Pringle Creek,CREEK,ACT,45-466,05a01c97-ad98-4b77-afa4-67e210227c79,1,817.2673285
2508,187251,54456,Pringle Creek,CREEK,ACT,42-468,208c8d3e-6723-4b3e-9b88-30ba3c51addd,1,780.8895564
2509,73022,88729,Pringle Creek,CREEK,ACT,42-468,bcab4a2f-fab4-480f-ad04-7d57e01a21db,1,317.5226361
2510,88727,88726,Pringle Creek,CREEK,REM,42-468,61493f1a-023f-447d-8473-538a565ce66a,1,142.8667267
2511,88728,88727,Pringle Creek,CREEK,ACT,42-468,51a58d78-629c-4628-87f3-2f90ca0a39cc,1,93.24370138
2512,88729,88728,Pringle Creek,CREEK,ACT,42-468,7940a7cd-d2ec-4dd3-8900-ddfb7d811678,1,57.95716071
2513,88731,186942,Pringle Creek,CREEK,ACT,45-466,61f8986d-667f-48ae-940c-6107467248d7,1,233.4566697
2514,88732,88731,Pringle Creek,CREEK,ACT,45-466,fbac3eda-e242-4614-8199-2e7e550c17f7,1,116.2024149
2515,88735,38262,East Fork Pringle Creek,CREEK,ACT,54-456,f93ce00e-0785-4896-9112-2578c3df0cb8,1,1762.686545
2516,37004,186640,East Fork Pringle Creek,CREEK,ACT,54-456,2eb643d2-d463-4cf4-9e93-0912de878a49,1,194.9785305
2517,73023,73022,Pringle Creek,CREEK,ACT,45-468,06457ca9-3420-4c87-8b2d-33adc4fe92b8,1,125.9990237
2518,114939,114937,West Fork Pringle Creek,CREEK,ACT,39-454,cd9b6b23-6718-4a34-bed3-99ebd340589b,1,10.22804216
2519,114938,114940,West Fork Pringle Creek,CREEK,ACT,39-454,d84e4e4f-4025-4364-bf9c-3f9acf288b08,1,8.445402859
2520,37325,114940,West Fork Pringle Creek,CREEK,ACT,39-454,a9f218e0-c2b0-495e-a5cd-008f8b8d016b,1,10.02037679
2521,114944,114941,West Fork Pringle Creek,CREEK,ACT,39-454,db90b669-0616-44cc-b301-a567858a2187,1,8.571011768
2522,37324,114943,West Fork Pringle Creek,CREEK,ACT,39-454,6382cc7b-5694-43c9-a899-6efc188deed6,1,7.804674811
2523,114942,114943,West Fork Pringle Creek,CREEK,ACT,39-454,379208e2-cf92-45bf-ad65-19675bf42a83,1,8.459841444
2524,127094,126787,Trib. East Fork Pringle Creek,CREEK,ACT,54-452,2bac40c3-e7b5-42ec-8f1a-632fbecfeef4,1,1198.903015
2525,127096,127095,Trib. East Fork Pringle Creek,CREEK,ACT,54-450,f273252b-ad29-4064-ab35-00db46b01db4,1,1021.731939
2526,31110,37355,East Fork Pringle Creek,CREEK,ACT,54-452,9c9e5a67-8e03-4e36-bd4f-14da8a71fe96,1,21.05590874
2527,38279,30839,East Fork Pringle Creek,CREEK,ACT,54-454,6673cb43-fa3d-4d45-b746-a19c55daf2d6,1,16.51476767
2528,133813,30839,East Fork Pringle Creek,CREEK,ACT,54-454,62282a73-27c5-49ab-9fa9-a0b5f86f9214,1,15.58959392
2529,133814,30839,East Fork Pringle Creek,CREEK,ACT,54-454,f05b115a-a227-4af1-9369-b286140a7c28,1,15.70640377
2530,138292,37238,West Fork Pringle Creek,CREEK,ACT,45-462,8eec528e-f54b-41e3-90c7-e626f0ca60a8,1,14.02435638
2531,138291,186330,West Fork Pringle Creek,CREEK,ACT,45-462,dfba7cf6-e89a-4607-8210-dc8ae1127772,1,14.49494932
2532,38162,186330,West Fork Pringle Creek,CREEK,ACT,45-462,a6b93381-45e5-45ac-831c-9427d96d7a45,1,16.23324408
2533,164531,164532,East Fork Pringle Creek,CREEK,ACT,54-452,7227fe8a-34ac-4e53-8f45-f7d4878fc73f,1,7.837575042
2534,126786,164530,Trib. East Fork Pringle Creek,CREEK,ACT,54-452,73205819-abff-41cc-a784-42a21ed76ba1,1,54.87772042
2535,29723,29736,West Fork Pringle Creek,CREEK,ACT,33-454,2a1a5951-395a-4236-8852-68b7ce96b094,1,173.2009546
2536,185982,29386,West Fork Pringle Creek,CREEK,ACT,36-454,4af3329f-6cc8-4401-afe0-053fffb8c303,1,137.1392189
2537,185981,185982,West Fork Pringle Creek,CREEK,ACT,36-454,2bff9aac-302b-4472-9a72-50740e4c529f,1,6.240768928
2538,29349,29359,West Fork Pringle Creek,CREEK,ACT,36-454,b1cb99dc-cbe4-47c7-b083-ff80726cd10c,1,224.3630876
2539,29359,29414,West Fork Pringle Creek,CREEK,ACT,36-454,10357397-9667-476e-80c9-18b3867dd7f3,1,262.1089325
2540,29472,29399,West Fork Pringle Creek,CREEK,ACT,36-454,87057977-d5b6-4d06-86b2-9cbdcdd041bb,1,690.8294541
2541,29475,29406,West Fork Pringle Creek,CREEK,ACT,36-454,67a12867-a27e-4822-805a-aa43e2f65b08,1,689.6546313
2542,38246,37322,West Fork Pringle Creek,CREEK,ACT,39-454,4be68e76-1550-4150-a04b-dfc855dceadf,1,58.18337078
2543,38247,37323,West Fork Pringle Creek,CREEK,ACT,39-454,458bab8d-f132-4866-8d13-64a9d72b187a,1,64.96916556
2544,38248,37324,West Fork Pringle Creek,CREEK,ACT,39-454,7c5caa80-690d-40f0-9e3f-b7f69caef66c,1,51.5988783
2545,114941,114942,West Fork Pringle Creek,CREEK,ACT,39-454,a5920b31-246a-45cd-92b5-68eec19a85c4,1,49.8880152
2546,114943,185983,West Fork Pringle Creek,CREEK,ACT,39-454,66ecd101-2ca7-4a7a-8b4f-992dd3cb81dd,1,131.5222273
2547,38250,37326,West Fork Pringle Creek,CREEK,ACT,39-454,3ac63e03-8f7c-41b5-912a-66e6864ac72b,1,56.18878915
2548,114937,114938,West Fork Pringle Creek,CREEK,ACT,39-454,918b90de-ef34-4ebd-bb0d-4b0d1d386be6,1,62.45256042
2549,38249,37325,West Fork Pringle Creek,CREEK,ACT,39-454,28dcbd21-3906-43fd-b271-387b645a1a66,1,61.74946488
2550,114940,186290,West Fork Pringle Creek,CREEK,ACT,39-454,cca56058-1ccb-4a1e-9c65-6c95c72ea7f8,1,483.8204104
2551,186290,186291,West Fork Pringle Creek,CREEK,ACT,39-454,9df615d1-26a2-4178-ad4e-93ef7137e436,1,7.644514724
2552,186291,186292,West Fork Pringle Creek,CREEK,ACT,39-454,453e92fd-2583-4606-ad4d-4c315f35ea2c,1,154.7512276
2553,186292,186293,West Fork Pringle Creek,CREEK,ACT,39-454,353a1ff1-6578-48df-af5f-4a16eb5b08aa,1,15.11168922
2554,186294,186295,West Fork Pringle Creek,CREEK,ACT,39-454,58324b98-57a2-4bb6-b538-0aa79dff33ca,1,7.875234482
2555,186296,186297,West Fork Pringle Creek,CREEK,ACT,39-454,002c167c-800a-4289-8594-b6d70b83b722,1,8.890453877
2556,28797,28770,West Fork Pringle Creek,CREEK,ACT,42-456,9b445f1a-1170-4a5a-a16d-5bfa13f37559,1,10.53559164
2557,28778,28740,West Fork Pringle Creek,CREEK,ACT,42-456,2be98bdc-c283-4d46-a8e9-55ebc38ed2e2,1,52.34726752
2558,28770,28778,West Fork Pringle Creek,CREEK,ACT,42-456,589e79c4-8244-4499-997e-9f47944f04c3,1,201.9458393
2559,186297,186298,West Fork Pringle Creek,CREEK,ACT,39-454,806e44a7-7a2e-42d6-aacf-410adc51ae84,1,73.88168614
2560,28740,186299,West Fork Pringle Creek,CREEK,ACT,42-456,170180ea-64a5-4dcd-94bc-f0dbd8a791f7,1,104.2199918
2561,186299,186300,West Fork Pringle Creek,CREEK,ACT,42-456,4052113b-0b2c-439a-9f86-37e8eb3158d5,1,44.92568002
2562,186300,186301,West Fork Pringle Creek,CREEK,ACT,42-456,809953f0-56c6-4820-bea4-58652bb4dd9c,1,202.1572758
2563,186301,186302,West Fork Pringle Creek,CREEK,ACT,42-456,ae548009-a6f9-4e86-b312-3c6f95fec34c,1,16.97749788
2564,186304,28322,West Fork Pringle Creek,CREEK,ACT,42-456,b7fe1c0a-a221-4523-9b58-6c2330e86ed2,1,320.276438
2565,28016,27867,West Fork Pringle Creek,CREEK,ACT,42-458,35abe4b2-16b7-453d-b0c1-5c87dd9fb098,1,219.0341033
2566,186310,37002,West Fork Pringle Creek,CREEK,ACT,42-458,653624ab-d86b-4cd7-bd78-39bc6e80efd7,1,154.6057893
2567,186307,186308,West Fork Pringle Creek,CREEK,ACT,42-458,d27f3af3-cc49-4c71-b164-1928be1a3834,1,6.975675156
2568,186308,186309,West Fork Pringle Creek,CREEK,ACT,42-458,33cf25f4-e498-4c43-9b68-14fd1b9a4ad9,1,64.236154
2569,186309,186310,West Fork Pringle Creek,CREEK,ACT,42-458,30ce5fd1-0b5b-4a96-b647-5d4909ef6f6b,1,34.7539962
2570,37002,37926,West Fork Pringle Creek,CREEK,ACT,42-458,906810e2-f8ed-41a0-a0ab-1b9a429f4905,1,80.27549034
2571,186316,186317,West Fork Pringle Creek,CREEK,ACT,42-458,63c57edc-7dfb-43ed-8100-22c0d909bcf4,1,146.3951721
2572,186311,186312,West Fork Pringle Creek,CREEK,ACT,42-458,118c6d14-3955-4216-9e13-26558cf3e988,1,10.31664084
2573,186313,186314,West Fork Pringle Creek,CREEK,ACT,42-458,29bb3a45-df8f-4057-a01a-ab39e2ea9101,1,5.903377827
2574,186314,186315,West Fork Pringle Creek,CREEK,ACT,42-458,2d44a3c7-94c1-430b-8d10-1bf6839f80ba,1,70.51967155
2575,186315,186316,West Fork Pringle Creek,CREEK,ACT,42-458,fff1d64b-5e53-42a6-817a-abb7e82a4a3c,1,4.942364648
2576,186318,27223,West Fork Pringle Creek,CREEK,ACT,42-458,a80b1aa1-a508-4413-b7f5-85c6e85b020d,1,149.9904932
2577,186317,186318,West Fork Pringle Creek,CREEK,ACT,42-458,7920bfe8-9f54-4e36-aa5e-838d59ebbbfa,1,8.685279268
2578,27223,186320,West Fork Pringle Creek,CREEK,ACT,45-458,fff26a6b-1612-4a80-ac52-8ca56b604bab,1,232.4119106
2579,186320,186321,West Fork Pringle Creek,CREEK,ACT,45-458,0abd5235-2a87-4bb7-90e8-ea665d7b37aa,1,6.183883992
2580,186321,186322,West Fork Pringle Creek,CREEK,ACT,45-458,56522498-8b8a-4cbe-8b47-53e864dceed8,1,112.0048601
2581,186322,186323,West Fork Pringle Creek,CREEK,ACT,45-458,3ae6a6d7-3c5c-4e8a-add3-c4e4e60297e2,1,9.803739052
2582,36967,37891,West Fork Pringle Creek,CREEK,ACT,45-458,700bfd87-adc7-4b16-95d5-1dc0a4c52a29,1,77.22769492
2583,186324,186325,West Fork Pringle Creek,CREEK,ACT,45-458,a980a5e2-d52e-4424-b9be-6380ffb08ab8,1,14.84581157
2584,186329,37395,West Fork Pringle Creek,CREEK,ACT,45-458,a5a886dd-cc6a-4b6a-b71b-2e86547abf30,1,727.8791346
2585,186326,186327,West Fork Pringle Creek,CREEK,ACT,45-458,79ac5c30-7799-4b97-855a-193dc6e78d6a,1,10.32006398
2586,186327,186328,West Fork Pringle Creek,CREEK,ACT,45-458,2510b5ae-12ff-447c-99c7-27d7bf2baebc,1,261.441793
2587,186328,186329,West Fork Pringle Creek,CREEK,ACT,45-458,03f892c0-4650-4d07-a943-cabc313a929c,1,34.0301984
2588,37395,38319,West Fork Pringle Creek,CREEK,ACT,45-460,60327e9b-ab1b-4311-b9e2-f0608624dbae,1,43.39363023
2589,36884,37808,West Fork Pringle Creek,CREEK,ACT,45-460,026a589d-5e9b-4506-aaf8-c296a7c7f472,1,84.6759934
2590,38269,37345,West Fork Pringle Creek,CREEK,ACT,45-462,c8bcaeab-54d1-47c7-b59c-ab0967dc3e94,1,70.37254053
2591,138290,138291,West Fork Pringle Creek,CREEK,ACT,45-462,416ae551-dc6e-4b54-be6b-6758dadf85c8,1,42.01382863
2592,37238,38162,West Fork Pringle Creek,CREEK,ACT,45-462,182c7d3e-d7f3-4d45-8668-59452e5fc07a,1,42.81819185
2593,42934,42933,Tanglewood Brook (Trib. Pringle Creek),CREEK,ACT,51-450,59435916-cd72-44ee-ad85-5ea7a4ef4704,1,186.7084961
2594,186632,42935,Tanglewood Brook (Trib. Pringle Creek),CREEK,ACT,51-450,3d7dddc7-ef1a-4bc1-be3b-65245406b489,1,98.4066029
2595,186631,186632,Tanglewood Brook (Trib. Pringle Creek),CREEK,ACT,51-450,4dafb0f7-2f3b-45ee-a012-09ed2dcc54c2,1,6.12218552
2596,42935,42936,Tanglewood Brook (Trib. Pringle Creek),CREEK,ACT,51-450,95bb9401-72f1-481e-9c82-d13526a5c85e,1,67.43110357
2597,42937,42938,Tanglewood Brook (Trib. Pringle Creek),CREEK,ACT,51-450,d5d9183c-cb90-46ba-be39-b98a67e36f32,1,64.71104564
2598,186633,186634,Tanglewood Brook (Trib. Pringle Creek),CREEK,ACT,54-450,a737ac89-ed94-4a18-9ede-73b2f75b4959,1,4.166666672
2599,42940,42939,Tanglewood Brook (Trib. Pringle Creek),CREEK,ACT,54-450,69b09554-0ab9-4ecd-a332-0d071b308e4a,1,72.66697209
2600,42941,42942,Tanglewood Brook (Trib. Pringle Creek),CREEK,ACT,54-450,c5becb8c-e66b-495a-845b-f1092d735f1b,1,52.29431326
2601,186636,33769,Tanglewood Brook (Trib. Pringle Creek),CREEK,ACT,54-450,ba8aa7da-df2c-4f77-9ce4-c85e8d07952d,1,255.287154
2602,186635,186636,Tanglewood Brook (Trib. Pringle Creek),CREEK,ACT,54-450,6ef092f1-25a2-408c-8ab3-4eae3a4ee2e1,1,33.09801485
2603,186638,186637,Pringle Creek,CREEK,ACT,54-450,b3a62e8f-86b0-4581-b53f-189137741d82,1,989.5499499
2604,32708,32694,East Fork Pringle Creek,CREEK,ACT,54-450,134ffc54-ef3f-493f-88f4-8b45445ab8ec,1,356.9881962
2605,32715,32708,East Fork Pringle Creek,CREEK,ACT,54-450,1395a4e7-216b-4d05-a6ea-6a227cfac979,1,19.40879266
2606,32694,32668,East Fork Pringle Creek,CREEK,ACT,54-450,5847749f-7f54-4139-9645-509abeccbdc6,1,48.38550654
2607,42949,42948,East Fork Pringle Creek,CREEK,ACT,54-452,5888fa4e-b381-4814-a559-25a7b0366b98,1,68.36494139
2608,42950,42951,East Fork Pringle Creek,CREEK,ACT,54-452,e0f1f692-e9ea-44ff-b232-c856d923bd60,1,72.45468117
2609,42952,42953,East Fork Pringle Creek,CREEK,ACT,54-452,7695b01b-ff7d-44ac-88ba-ce787f92df01,1,40.74095305
2610,42956,42955,East Fork Pringle Creek,CREEK,ACT,54-452,3e8dd536-a66e-4305-a68c-3a985b8ec54d,1,74.13744179
2611,42957,42954,East Fork Pringle Creek,CREEK,ACT,54-452,3061acc3-08b1-4dd4-8747-33ac2dfe3a21,1,37.49726641
2612,186639,42930,Trib. East Fork Pringle Creek,CREEK,ACT,51-450,c0dc44e3-5e8a-4d70-9dfd-715b18153d07,1,819.9904686
2613,42930,42625,Trib. East Fork Pringle Creek,CREEK,ACT,54-452,89df8922-9be2-4dca-933e-a034eecdb745,1,23.68806405
2614,127095,127094,Trib. East Fork Pringle Creek,CREEK,ACT,54-452,b9baca08-70c6-4279-87b8-bff25b3bf417,1,24.23441323
2615,126787,126786,Trib. East Fork Pringle Creek,CREEK,ACT,54-452,2acf5e3b-6949-4f93-9020-b01e01493148,1,32.12505894
2616,187282,48377,Trib. Mill Creek,CREEK,ACT,60-454,62bd7724-0c55-4740-887b-af9bb32fcf4d,1,1670.258809
2617,48384,48382,Trib. Mill Creek,CREEK,ACT,63-452,1d9c9df1-e38c-43bf-a85d-cb8a2a899e4f,1,785.1070448
2618,187280,48385,Trib. Mill Creek,CREEK,ACT,63-452,2ff4a354-dbea-447f-8f1d-db11671689f8,1,3371.845673
2619,88394,88388,Mill Creek,CREEK,ACT,54-456,c8b7189f-2bbc-4223-a9cd-0ff083534ffe,1,2980.077378
2620,69505,69504,Trib. Mill Creek,CREEK,ACT,57-454,18e68e3d-13ce-4781-8b2f-60515b8e793b,1,42.75743097
2621,69506,69505,Trib. Mill Creek,CREEK,ACT,57-454,0f23dd61-c799-478b-b1e0-8f6b771d3297,1,404.6542459
2622,78457,69506,Trib. Mill Creek,CREEK,ACT,57-454,08c7fca0-7c78-4907-9123-9f2ad391104c,1,9.672642823
2623,78456,69506,Trib. Mill Creek,CREEK,ACT,57-454,e745c741-86ac-41e8-9ac2-0b7ee8bd4558,1,10.04081509
2624,78458,78454,Trib. Mill Creek,CREEK,ACT,57-454,58897ec3-f217-4f54-ad06-55452a0ea11f,1,9.404971633
2625,46451,81351,Trib. Mill Creek,CREEK,ACT,60-446,f90eaf75-29fd-4b3d-abe9-aa2f80df4c0e,1,6.698475989
2627,46452,36745,Trib. Mill Creek,CREEK,ACT,60-446,3bd2e923-bb08-4de1-a82f-0062ee0aa42a,1,2048.454997
2631,69504,69503,Trib. Mill Creek,CREEK,ACT,57-454,45457634-168b-476d-98cc-a5b7ffdef9bb,1,321.9563365
2633,37669,35591,Trib. Mill Creek,CREEK,ACT,60-446,05a60fed-9ffa-4cc0-91a9-d0e3851d712b,1,238.2747345
2634,34382,46453,Trib. Mill Creek,CREEK,ACT,60-448,9c9a1703-4a57-49bc-954b-58eef2b7f61d,1,529.5411687
2635,46457,46456,Trib. Mill Creek,CREEK,ACT,63-448,18f9265c-cae0-4be2-9490-1e4c759817ea,1,1939.107951
2636,78452,78453,Trib. Mill Creek,CREEK,ACT,60-452,ca3a4bb0-9aa6-4e52-a0ad-6f338b254fbb,1,619.5069344
2637,48376,187283,Trib. Mill Creek,CREEK,ACT,60-454,7203eed5-c7b5-4245-a3ed-1bf27429840f,1,966.4491328
2638,81351,81348,Trib. Mill Creek,CREEK,ACT,60-446,f9181d27-43e7-4a5c-b7e0-ea6a39039448,1,5.48570316
2639,81349,81352,Trib. Mill Creek,CREEK,ACT,60-446,c9c51854-879f-4343-8bb9-20c352508977,1,5.584073951
2640,81350,81352,Trib. Mill Creek,CREEK,ACT,60-446,6d348456-cbe2-422d-aa4f-4d206a68b8a3,1,5.382718964
2641,81352,81353,Trib. Mill Creek,CREEK,ACT,60-446,64bde922-629f-4fff-80ca-48559ca6a263,1,101.6945444
2642,81651,81357,Trib. Mill Creek,CREEK,ACT,57-448,2e695dce-c874-4b8e-88ea-b67b55eca84e,1,3065.234021
2643,187570,81359,East Fork Pringle Creek,CREEK,ACT,57-446,d82e86ad-30d8-498c-a3e9-f64f6c6b754b,1,1740.627714
2644,81654,81651,,CREEK,ACT,60-444,d7f317d4-04ec-420a-8e10-f304da971309,1,4111.961794
2645,88374,88372,Mill Creek,CREEK,ACT,54-456,197dda6d-42b1-4d3b-bf8a-9736d5451b92,1,1831.482375
2646,88375,88374,Mill Creek,CREEK,ACT,54-456,4627906c-5903-44fd-bf3d-d04e0e180c19,1,90.08533937
2647,88377,88375,Mill Creek,CREEK,ACT,54-456,7daca0bd-bc66-4dc8-9859-87f1f9128f59,1,2161.863855
2648,88376,88377,Mill Creek,CREEK,ACT,54-456,a1e136a3-cb84-4554-ad78-a03ec28d939a,1,17.94928338
2649,88387,88376,Mill Creek,CREEK,ACT,54-456,988d5b72-900d-49da-8d0f-23807942cc1e,1,6562.645578
2650,88386,88387,Mill Creek,CREEK,ACT,54-456,c7b98b9d-fc18-4b5c-b05e-8cdbb6dfdc63,1,118.5957612
2651,88385,88386,Mill Creek,CREEK,ACT,54-456,d5501858-90e2-4798-9d20-391ea01782c0,1,31.85830439
2652,88384,88385,Mill Creek,CREEK,ACT,54-456,eb8ce84b-ee0c-4126-8b06-a990e8762e34,1,102.7845178
2653,88389,88384,Mill Creek,CREEK,ACT,54-456,177752f5-bf69-4b2d-9742-c2d99a17af93,1,1961.168574
2654,88388,88389,Mill Creek,CREEK,ACT,54-456,b6710537-2c9a-4572-91e5-53fdc56b37a8,1,34.80922565
2655,88391,54152,Mill Creek,CREEK,ACT,57-448,91c3bb75-3074-4ca8-af7f-d92b2bed4c95,1,494.4341373
2656,88392,88391,Mill Creek,CREEK,ACT,57-448,2cb6a010-c358-4e42-a459-847fa7cc539d,1,65.23835217
2657,32190,88393,Mill Creek,CREEK,ACT,54-456,a0b1475c-803c-45f0-a3e2-e27b87d59988,1,1499.084898
2658,88393,88394,Mill Creek,CREEK,ACT,54-456,cb9323aa-dfe2-4c43-98d8-1952ff096a9c,1,65.66578896
2659,88395,88392,Mill Creek,CREEK,ACT,57-448,f85f7609-3834-483c-acc3-0a8cae415b4c,1,1646.63034
2660,88396,88395,Mill Creek,CREEK,ACT,57-452,0c5db313-763c-4d27-853f-9594f33ea8b1,1,56.84433924
2662,140854,38303,Trib. Mill Creek,CREEK,ACT,60-454,5c4e1e0d-c915-4dcf-8cae-6bb9b51307b6,1,531.3729172
2664,184697,184698,Mill Creek,CREEK,ACT,57-448,7b702d31-bdda-4fef-8258-ef62a70afe0d,1,24.52018783
2665,187262,187263,Trib. Mill Creek,CREEK,ACT,63-450,ffc5b7e9-7715-4244-ac14-73bdb78e7ee1,1,1583.667129
2666,187265,187264,Trib. Mill Creek,CREEK,ACT,63-448,6d05f25f-187e-4f38-99ab-486233b5acd2,1,848.7276775
2667,187263,187264,Trib. Mill Creek,CREEK,ACT,63-448,94a274a7-e1ca-412d-8c88-9a7d27979d91,1,49.47900262
2668,187264,187266,Trib. Mill Creek,CREEK,ACT,63-448,d58ca236-0555-458c-9f78-810ad2d9436b,1,7.607874683
2669,187266,187267,Trib. Mill Creek,CREEK,ACT,63-448,6f7e7fb6-9c35-46ed-8da4-a6f14d489146,1,65.10758459
2670,187267,46457,Trib. Mill Creek,CREEK,ACT,63-448,694b1cb4-cba9-441f-82a7-bf3641008471,1,93.70857141
2671,46453,46452,Trib. Mill Creek,CREEK,ACT,60-448,52f49399-7624-4920-9650-33dfb6457a42,1,26.48771542
2672,36745,37669,Trib. Mill Creek,CREEK,ACT,60-446,3711f6d8-54d3-4f9b-b123-c01768dbb1bf,1,35.42649741
2673,35591,46451,Trib. Mill Creek,CREEK,ACT,60-446,ddf0c442-0030-4ece-889e-0d7a75fffd1d,1,46.27907859
2674,81347,81349,Trib. Mill Creek,CREEK,ACT,60-446,a1f8c629-1e9d-4923-8594-f10bd8a1c770,1,60.51905864
2675,81348,81350,Trib. Mill Creek,CREEK,ACT,60-446,a7dd7561-da6c-45f8-9594-a11a98771035,1,59.32759694
2676,187269,187270,Trib. Mill Creek,CREEK,ACT,60-446,1d5a32a0-a2a0-4360-8468-9b11e347f9f6,1,376.0093642
2677,187270,187271,Trib. Mill Creek,CREEK,ACT,60-446,fbbba0d1-3057-4eae-87e8-e56aadcd1cdf,1,20.04309011
2678,187271,187273,Trib. Mill Creek,CREEK,ACT,60-446,91fcc3db-e582-4197-8349-0cd8eab5ee96,1,45.0902843
2679,187273,187272,Trib. Mill Creek,CREEK,ACT,60-446,23dde802-cb27-41bd-affa-cb1b9791f108,1,19.36992422
2680,187272,187274,Trib. Mill Creek,CREEK,ACT,60-446,56d4efef-8d25-48c5-86e5-2d62245a1e99,1,614.809161
2681,187275,187276,Trib. Mill Creek,CREEK,ACT,63-446,4a99627b-41de-44e9-8b92-04b6de4eded5,1,423.4711066
2682,187276,187277,Trib. Mill Creek,CREEK,ACT,63-446,6c80081b-dfbc-43b0-9e9d-cc6c31d4d095,1,6.642199733
2683,187277,187274,Trib. Mill Creek,CREEK,ACT,60-446,c82d4112-b575-4283-94fc-3d9cfcdcd311,1,233.1326646
2684,187274,187278,Trib. Mill Creek,CREEK,ACT,60-446,fc26c819-3876-46a6-a2ea-023e3d881e0f,1,34.24572823
2685,187278,81351,Trib. Mill Creek,CREEK,ACT,60-446,842be383-580a-452e-95ee-65ccb272fea4,1,161.2712746
2686,81357,81358,Trib. Mill Creek,CREEK,ACT,57-448,0032a4bf-4c74-445f-a1d7-9f56394827c5,1,43.12543474
2687,81358,187279,Trib. Mill Creek,CREEK,ACT,57-448,f0fd457e-5f26-47f4-95dd-0c4363d0746f,1,48.0232465
2688,48385,48384,Trib. Mill Creek,CREEK,ACT,63-452,b3654e56-443d-4e0b-9e5a-fa7460f8da51,1,47.29768687
2689,36743,37667,Trib. Mill Creek,CREEK,ACT,63-454,08e17205-54a4-412a-89db-ad88c9ba7690,1,46.14887168
2690,135391,135392,Trib. Mill Creek,CREEK,ACT,63-454,659cf68b-cc70-4468-9fe2-910492acc551,1,192.6280712
2691,135393,135714,Trib. Mill Creek,CREEK,ACT,63-454,5581ab9f-bf65-485d-84e5-53e064e591bc,1,388.433298
2692,135714,135715,Trib. Mill Creek,CREEK,ACT,63-454,230a3d89-2c98-4df8-beaa-a14e045d187b,1,123.6025313
2693,135715,48378,Trib. Mill Creek,CREEK,ACT,63-454,195bfa97-5857-43a7-b8f2-cf930720af7a,1,18.09599285
2694,135392,135393,Trib. Mill Creek,CREEK,ACT,63-454,da10bdef-c55e-4659-a641-2319e7d72686,1,300.213298
2695,48382,135391,Trib. Mill Creek,CREEK,ACT,63-452,cb1677bc-4f09-43b2-88c7-ac60198c54e3,1,513.2022468
2696,37667,187281,Trib. Mill Creek,CREEK,ACT,60-454,fd1caaec-98f0-4054-82cb-449d38b3ce25,1,942.9612544
2697,187281,187282,Trib. Mill Creek,CREEK,ACT,60-454,83d41752-8cef-4509-bcdf-438d92ce5bbf,1,13.34557734
2698,48377,48376,Trib. Mill Creek,CREEK,ACT,60-454,8032904d-bc35-48a2-991b-57719c24e9cb,1,56.1289059
2699,187284,140853,Trib. Mill Creek,CREEK,ACT,60-454,b58f79b5-cf32-47aa-8382-84f556d0a3af,1,506.4608285
2700,187283,187284,Trib. Mill Creek,CREEK,ACT,60-454,34d78e54-e5f0-4fef-bb7b-94919eceda1b,1,58.81133987
2701,140853,140854,Trib. Mill Creek,CREEK,ACT,60-454,5b90b8bf-45bc-4d10-85da-7d7ff3516d80,1,95.90939893
2702,38303,37379,Trib. Mill Creek,CREEK,ACT,60-454,5b2cdf58-cfcc-4990-91aa-43f38526114f,1,62.39291176
2703,38302,37378,Trib. Mill Creek,CREEK,ACT,57-454,12f48fa2-3a76-47cb-b0f8-3d9d36052910,1,91.93516566
2704,38301,37377,Trib. Mill Creek,CREEK,ACT,57-454,985a4061-a375-490e-8f62-4397af6629d8,1,101.1370834
2705,78455,78457,Trib. Mill Creek,CREEK,ACT,57-454,e34e1c4c-324e-408f-8d47-74b9ac75e254,1,136.0851096
2706,78454,78456,Trib. Mill Creek,CREEK,ACT,57-454,b6685d59-becf-496d-ad5a-c5799db84200,1,134.7127441
2707,187286,88396,Mill Creek,CREEK,ACT,57-448,d34bf5b1-6d30-45f9-a745-236fe7d40cbd,1,3504.169694
2708,187289,187291,Trib. Mill Creek,CREEK,ACT,57-454,7e8cf658-aaf1-4cf4-b62b-3959a4304230,1,222.9683515
2709,187292,187290,Trib. Mill Creek,CREEK,ACT,57-454,4e43fd86-068b-447c-891a-3740aa8f1617,1,176.4214538
2710,187291,187292,Trib. Mill Creek,CREEK,ACT,57-454,c91135b4-5128-4456-b717-68430f0386ba,1,40.20047708
2713,88372,88373,Mill Creek,CREEK,ACT,54-456,3ca14f5a-3aa8-4141-bc9d-d33bb6f4e678,1,78.32045288
2714,88371,187571,Shelton Ditch (Trib. Pringle Creek),CREEK,ACT,51-468,f13f3321-afeb-4552-9175-e38cc93a1119,1,669.9751774
2715,187571,187572,Shelton Ditch (Trib. Pringle Creek),CREEK,ACT,51-468,b9b309c0-e48d-472e-b2de-0a2578190abb,1,9.960597576
2716,88411,88412,Shelton Ditch (Trib. Pringle Creek),CREEK,ACT,42-472,580aa22d-c000-4d33-8b8d-55d1811c1783,1,33.57750515
2717,88414,88413,Shelton Ditch (Trib. Pringle Creek),CREEK,ACT,42-472,1a67cfd8-8311-4bdc-8886-c7458554dd14,1,55.82442506
2718,88417,88690,Shelton Ditch(Trib. Battle Creek),CREEK,ACT,42-472,5b113d74-66fc-4409-a136-46e3821372b2,1,44.47887672
2719,88413,88415,Shelton Ditch (Trib. Pringle Creek),CREEK,ACT,42-472,1931b902-dd8b-403f-9d9c-1d1e6e8b5e94,1,1362.807887
2720,88415,88416,Shelton Ditch (Trib. Pringle Creek),CREEK,ACT,42-472,4f179b6c-2612-49f2-9aff-1b1a57d79d19,1,41.70295525
2721,88416,88417,Shelton Ditch (Trib. Pringle Creek),CREEK,ACT,42-472,77c0d60f-fae2-4de4-acec-8d77558da91a,1,738.5094416
2722,88691,88692,Shelton Ditch (Trib. Pringle Creek),CREEK,ACT,42-472,ab218377-b24f-437d-9321-17ecbd0e1ec0,1,44.45554335
2723,88692,88694,Shelton Ditch (Trib. Pringle Creek),CREEK,ACT,42-472,ca511eba-911a-41cf-89b3-53e33a324f6d,1,431.301603
2724,88694,88693,Shelton Ditch (Trib. Pringle Creek),CREEK,ACT,45-470,1ecc3649-7a93-4091-a46f-44b0e5a0ebda,1,98.37576736
2725,88696,88695,Shelton Ditch (Trib. Pringle Creek),CREEK,ACT,42-472,8e02788d-5c6d-40d8-a0b4-d2a25a19a764,1,68.2381639
2726,88695,88698,Shelton Ditch (Trib. Pringle Creek),CREEK,ACT,42-472,22ef9802-3071-4456-99b9-42f28afc14ad,1,275.963346
2729,88698,88697,Shelton Ditch (Trib. Pringle Creek),CREEK,ACT,42-472,62f2649c-942e-4403-baff-d60b9d373a11,1,35.38878603
2730,88697,88700,Shelton Ditch (Trib. Pringle Creek),CREEK,ACT,42-472,264b0cdb-e532-4a1b-a321-1b5b98721c58,1,195.3311367
2731,88700,88699,Shelton Ditch (Trib. Pringle Creek),CREEK,ACT,42-472,7df7044c-7020-45f1-8fa1-cb92b7268e77,1,129.5715824
2736,88701,88702,Shelton Ditch (Trib. Pringle Creek),CREEK,ACT,42-472,70935a7e-0219-4d59-8baf-6f008d1e4739,1,65.469729
2737,88704,88703,Shelton Ditch (Trib. Pringle Creek),CREEK,ACT,42-472,7ac4f9d8-6b7d-43b6-84df-51156abbe8cd,1,12.37136043
2739,88705,88708,Shelton Ditch (Trib. Pringle Creek),CREEK,ACT,42-472,b7e203f6-f687-4a99-895a-c1ddfecdf9f8,1,285.2590064
2740,88708,88707,Shelton Ditch (Trib. Pringle Creek),CREEK,ACT,42-472,92991750-d5b0-4295-ad05-875ee4688629,1,13.16973566
2742,88706,88705,Shelton Ditch (Trib. Pringle Creek),CREEK,ACT,42-472,1aeb8978-b4e0-434d-b41f-3d430f655c93,1,83.96554517
2743,88710,88709,Shelton Ditch (Trib. Pringle Creek),CREEK,ACT,42-472,e2e1671a-4caf-451c-a658-ad6acf85b6d6,1,68.36110632
2746,88709,17455,Shelton Ditch (Trib. Pringle Creek),CREEK,ACT,42-472,1ac93976-634e-4e7f-b567-739c0263302d,1,81.00114018
2747,17455,88712,Shelton Ditch (Pringle Creek),CREEK,ACT,42-472,c8f45ee3-0c2c-4340-8fd1-2ddfb1731772,1,354.2467108
2748,187261,17455,Pringle Creek,CREEK,ACT,42-468,06eee37a-4fac-4632-a04c-eb2c1cae1131,1,104.1464992
2749,88711,88399,Shelton Ditch (Pringle Creek),CREEK,ACT,42-472,a029c23d-a4d5-47bd-84cf-9dddb57f0b7e,1,406.3028279
2751,88712,88711,Shelton Ditch (Pringle Creek),CREEK,ACT,42-472,26fa522e-5e55-4323-b757-d1f764837beb,1,60.24066577
2752,88399,88401,Shelton Ditch (Pringle Creek),CREEK,ACT,42-472,e1b38118-008d-4448-89aa-de7a37af558a,1,205.9751764
2753,88398,88713,Shelton Ditch (Pringle Creek),CREEK,ACT,42-472,fe028fab-a8ce-40a3-9e9c-bf95c083f0ab,1,333.3407501
2754,88397,88398,Shelton Ditch (Pringle Creek),CREEK,ACT,42-472,10fd7d8f-611e-4e95-aff3-0997171e91cf,1,97.90197734
2755,185714,185715,Croisan Creek,CREEK,ACT,39-474,54d92a21-f72a-42ec-ab1c-9718a5885494,1,12.58689715
2756,88713,88714,Shelton Ditch (Pringle Creek),CREEK,ACT,39-472,01c308ec-4be4-4a63-a198-922929777529,1,17.72201845
2757,16451,185717,Willamette Slough,CREEK,ACT,39-474,f5a69a54-c8ed-46fd-a540-adf0d39af5f5,1,2135.36299
2758,185715,16451,Croisan Creek,CREEK,ACT,39-474,a9b71547-c24b-4ac7-9052-c5c466279f91,1,7363.076427
2759,88714,16451,Shelton Ditch (Pringle Creek),CREEK,ACT,39-474,1166d5b7-762d-4658-89d9-a2974baf87f0,1,474.3982887
2760,19883,88370,Mill Creek,CREEK,ACT,45-472,20cbfedb-33ab-4276-8a22-842db1a52aa1,1,82.81861134
2761,88095,88093,Mill Creek,CREEK,ACT,45-472,c5fbabd4-75dc-471a-850c-bae05f1fb7c4,1,85.9222486
2762,88096,88095,Mill Creek,CREEK,ACT,45-472,d61248e7-c9b1-4611-b60f-ef76da7db68f,1,156.6583554
2763,88094,88090,Mill Creek,CREEK,ACT,51-470,155bab58-ee57-4739-a85d-191b9557323a,1,1471.037517
2764,88093,88094,Mill Creek,CREEK,ACT,45-472,47f1a91b-4388-422c-a738-f9240394fe8f,1,12.72472029
2765,88087,88088,Mill Creek,CREEK,ACT,45-472,c66ebdaf-f3e1-469c-923c-08bc9678eabf,1,20.72939269
2766,88091,88087,Mill Creek,CREEK,ACT,45-472,e267026a-e0d3-4ceb-8986-8db14a8e384b,1,266.9153212
2767,88090,88091,Mill Creek,CREEK,ACT,45-472,b4704c4f-deec-4e10-9afe-13f00329cdd5,1,87.62947227
2768,123571,187573,Mill Creek,CREEK,ACT,48-470,d1de05e7-641d-40fc-be15-7d9a64573a4f,1,180.9899768
2769,187573,187574,Mill Creek,CREEK,ACT,48-470,b89cf5d6-2582-4d74-a1b7-a80916b27037,1,12.57458418
2770,187574,18666,Mill Creek,CREEK,ACT,48-470,282a197b-dc6c-4e33-a568-44e351d9055f,1,107.4609747
2771,18666,18553,Mill Creek,CREEK,ACT,48-470,9e1b5919-c343-42e3-9547-b0c706087bad,1,562.5312381
2772,88088,88085,Mill Creek,CREEK,ACT,48-470,e67eedab-ea23-4ebd-afaf-1c5649c7dd40,1,776.583611
2773,88086,88083,Mill Creek,CREEK,ACT,45-472,ba6e25fd-9a2e-4e44-a888-9c4b2e83659b,1,1320.625087
2774,88085,88086,Mill Creek,CREEK,ACT,45-472,29b7fe45-1157-4a90-bc83-4796c9b7e10e,1,67.18514975
2777,187575,187576,Mill Race (Trib. Pringle Creek),CREEK,ACT,48-472,cab87d5c-26cf-47d8-8af6-e8c39b59a222,1,10.37737423
2778,187576,17797,Mill Race (Trib. Pringle Creek),CREEK,ACT,48-472,b8f57246-b924-4a47-af83-471e86f00725,1,10.14507615
2779,17797,56077,Mill Race (Trib. Pringle Creek),CREEK,ACT,48-472,88a5b682-ecbc-4f64-bb26-d6031112f965,1,237.1228491
2780,187583,187584,Mill Race (Trib. Pringle Creek),CREEK,ACT,45-472,05f0300c-8884-48e6-bc20-f97764313ccb,1,36.45161583
2781,187584,187585,Mill Race (Trib. Pringle Creek),CREEK,ACT,45-472,173b13bd-355b-40ce-884c-1d04fd91a410,1,108.7703685
2782,56077,56078,Mill Race (Trib. Pringle Creek),CREEK,ACT,48-472,f29e4bb9-319d-4bc1-b082-981807e4359b,1,64.62001365
2783,187890,56079,Mill Race (Trib. Pringle Creek),CREEK,ACT,45-472,1e8ac599-1284-472b-b556-77c8f0ce55a4,1,45.42828776
2784,187585,187890,Mill Race (Trib. Pringle Creek),CREEK,ACT,45-472,57d51565-f4f6-483b-b475-026e5b93342c,1,12.96383869
2785,56078,187577,Mill Race (Trib. Pringle Creek),CREEK,ACT,45-472,44ec252e-7001-429f-8e47-8170bc5ec447,1,92.56533983
2786,56080,187891,Mill Race (Trib. Pringle Creek),CREEK,ACT,45-472,92a7b5ae-1686-404a-b14e-662238bc2456,1,123.596759
2787,187577,187578,Mill Race (Trib. Pringle Creek),CREEK,ACT,45-472,fb223dbb-106f-4fbe-a9d9-08f06a7cbf25,1,43.90391364
2788,187891,187892,Mill Race (Trib. Pringle Creek),CREEK,ACT,45-472,b3d02837-349a-4498-8dbf-99a8a3f23ba5,1,15.75272038
2789,187578,187579,Mill Race (Trib. Pringle Creek),CREEK,ACT,45-472,f4eb1d06-2451-411e-81ce-3a33f40d20fb,1,53.27650507
2790,187892,187893,Mill Race (Trib. Pringle Creek),CREEK,ACT,45-472,2873e9b9-0fbf-4f6c-ac9f-4bb4479c84ec,1,311.095614
2791,187579,187580,Mill Race (Trib. Pringle Creek),CREEK,ACT,45-472,90b9984d-1009-4fa9-8001-ff895cee70f5,1,6.481861409
2792,187580,187581,Mill Race (Trib. Pringle Creek),CREEK,ACT,45-472,11a9303c-2210-4254-8a5e-824d2d46f515,1,33.54988587
2793,187893,187894,Mill Race (Trib. Pringle Creek),CREEK,ACT,45-472,5693c143-d003-4bc3-8780-d5a01639c907,1,9.546115618
2794,187581,187582,Mill Race (Trib. Pringle Creek),CREEK,ACT,45-472,44ad6e79-6d91-4afe-a790-05bc51453962,1,7.294124786
2795,187894,187895,Mill Race (Trib. Pringle Creek),CREEK,ACT,45-472,42873735-9c93-4b82-8652-27385194cdd6,1,24.85607586
2796,187582,187583,Mill Race (Trib. Pringle Creek),CREEK,ACT,45-472,481d2949-9c54-4566-be7b-5764e8cffa84,1,60.45198615
2797,56079,56080,Mill Race (Trib. Pringle Creek),CREEK,ACT,45-472,6d3ef5ba-8d42-4ef8-ba6e-bed914338d8d,1,72.21355908
2798,187896,38291,Mill Race (Trib. Pringle Creek),CREEK,ACT,45-472,0ca6e8cd-95c9-4b7c-8b9e-cbf92457bbdf,1,176.8963953
2799,187895,187896,Mill Race (Trib. Pringle Creek),CREEK,ACT,45-472,6c274cd1-5776-4f32-80e9-47ee06aea7c7,1,5.696885935
2800,38291,56370,Mill Race (Trib. Pringle Creek),CREEK,ACT,45-472,77fcee96-881a-412b-8eb1-7a95c6eac79b,1,555.5604808
2801,38154,37230,Mill Race (Trib. Pringle Creek),CREEK,ACT,45-472,82ad820c-af20-43bb-9fee-dbe52cd5d236,1,54.6079076
2802,56370,187897,Mill Race (Trib. Pringle Creek),CREEK,ACT,45-472,9e8d2cfd-4c8b-42ae-a451-bcaa3561f077,1,438.6378742
2803,38153,37229,Mill Race (Trib. Pringle Creek),CREEK,ACT,45-472,1955dcbe-f1d9-4cdf-aab1-c6ca0bae2906,1,70.02707499
2804,187897,187898,Mill Race (Trib. Pringle Creek),CREEK,ACT,45-472,25439c41-a4d6-4eb9-a10b-361e930cb91e,1,54.58666944
2805,37230,38153,Mill Race (Trib. Pringle Creek),CREEK,ACT,45-472,589a6879-cbd7-4032-8719-2c3ec722b7ba,1,26.7079067
2806,37229,88720,Mill Race (Trib. Pringle Creek),CREEK,ACT,45-472,8bc93904-72b8-4d45-8c33-46ddea5223de,1,702.4488297
2807,187898,187899,Mill Race (Trib. Pringle Creek),CREEK,ACT,45-472,2a6d246a-481e-45b7-930b-31fa65bf8793,1,26.4312968
2808,187899,187900,Mill Race (Trib. Pringle Creek),CREEK,ACT,45-472,92f80ded-25a2-49cf-9eee-ef8556932650,1,16.53980024
2809,88719,88717,Mill Race (Trib. Pringle Creek),CREEK,ACT,45-472,54b98b60-f6c3-4f09-b1c3-70993662abba,1,342.9499367
2810,187900,187901,Mill Race (Trib. Pringle Creek),CREEK,ACT,45-472,36a417f8-f848-4e97-9dd5-2001ceafef17,1,144.7095326
2811,88720,88719,Mill Race (Trib. Pringle Creek),CREEK,ACT,45-472,453fcbb7-3d92-4630-9be8-0f7bbe08c19f,1,12.71483549
2812,187902,38154,Mill Race (Trib. Pringle Creek),CREEK,ACT,45-472,dd20c623-be05-49da-9c98-cc2b0379f762,1,83.92789931
2813,187901,187902,Mill Race (Trib. Pringle Creek),CREEK,ACT,45-472,52ea5993-eace-473e-9f2c-22ce08ae50d5,1,5.865039922
2814,88083,88084,Mill Creek,CREEK,ACT,45-472,3924cff6-ecc5-46c2-aa2a-20c8334f3043,1,46.86576329
2815,88081,88082,Mill Creek,CREEK,ACT,45-472,8c947bfa-ac6c-48d2-b04c-d6be8faa9cb3,1,44.52481154
2816,88716,88715,Mill Race (Trib. Pringle Creek),CREEK,ACT,45-472,a511b55c-d6a1-4eea-9594-73b4d4a6619a,1,104.2014252
2817,88718,88716,Mill Race (Trib. Pringle Creek),CREEK,ACT,45-472,4506a2a2-2287-4d58-bcb5-7a4c6a279c05,1,341.1671584
2818,88715,187903,Mill Race (Trib. Pringle Creek),CREEK,ACT,42-472,ee17df1a-108a-4e8a-b6f7-5e03e2737dd0,1,50.89779229
2819,88717,88718,Mill Race (Trib. Pringle Creek),CREEK,ACT,45-472,c82643b6-f1e2-4d3f-933d-503c5d106ba8,1,9.966909056
2820,187903,187904,Mill Race (Trib. Pringle Creek),CREEK,ACT,42-472,863d21c4-19b6-47f1-aa77-d3ad9825cf6b,1,10.22173694
2821,37071,37996,Mill Race (Trib. Pringle Creek),CREEK,ACT,42-472,d8c33672-5371-42ca-9bb3-7b9220afa1f1,1,184.4937514
2822,37995,37071,Mill Race (Trib. Pringle Creek),CREEK,ACT,42-472,1e83fb43-a46e-4977-bb5b-0ffb2e89232e,1,265.2712296
2823,37996,37072,Mill Race (Trib. Pringle Creek),CREEK,ACT,42-472,717ee170-f77e-45a4-a193-162fe5aa8df9,1,105.0551204
2824,37072,187905,Mill Race (Trib. Pringle Creek),CREEK,ACT,42-472,6e40af10-95f2-44ad-a329-6cad6c6918ed,1,193.5814962
2825,56372,16848,Mill Race (Trib. Pringle Creek),CREEK,ACT,42-472,3b492b75-702f-4c26-986a-c9e001112df3,1,107.354906
2826,187915,187916,Mill Race (Trib. Pringle Creek),CREEK,ACT,42-472,61274ee9-6f38-456a-b16c-26b22c063335,1,8.83174467
2827,187907,187909,Mill Race (Trib. Pringle Creek),CREEK,ACT,42-472,27a40599-d121-4e6c-92a7-d505edb362f4,1,25.04665759
2828,187909,187910,Mill Race (Trib. Pringle Creek),CREEK,ACT,42-472,144a9c56-052d-441f-85d7-7b38dca6afd4,1,8.320947724
2829,187910,187911,Mill Race (Trib. Pringle Creek),CREEK,ACT,42-472,b8b2cfce-916c-4e99-a369-296eece76a82,1,209.2451145
2830,187912,187908,Mill Race (Trib. Pringle Creek),CREEK,ACT,42-472,4a7350ec-7e4e-4ee6-ad44-33b8ab3750ec,1,32.75076147
2831,187911,187912,Mill Race (Trib. Pringle Creek),CREEK,ACT,42-472,443e44c4-0fc0-408e-ae64-5c509d87b13a,1,10.18636698
2832,187917,187918,Mill Race (Trib. Pringle Creek),CREEK,ACT,42-472,749437af-4f4d-4822-8da1-37c9cb76a255,1,55.42678855
2833,187916,187917,Mill Race (Trib. Pringle Creek),CREEK,ACT,42-472,27ab4a9f-696e-4626-8e6f-238741b194b0,1,62.85195754
2834,187918,56371,Mill Race (Trib. Pringle Creek),CREEK,ACT,42-472,d643db98-6af9-4dc7-b42e-d11bedd818d0,1,149.4261485
2835,187905,187906,Mill Race (Trib. Pringle Creek),CREEK,ACT,42-472,c02d984b-f660-4e98-9c85-183fdbbd4935,1,8.94002978
2836,187906,187913,Mill Race (Trib. Pringle Creek),CREEK,ACT,42-472,816cca34-6038-434c-a5d6-1f549ddd9114,1,156.1089515
2837,187914,37997,Mill Race (Trib. Pringle Creek),CREEK,ACT,42-472,f864797f-b2a1-4778-990e-5b45c5183703,1,19.35344077
2838,187913,187914,Mill Race (Trib. Pringle Creek),CREEK,ACT,42-472,eba255f1-564e-4309-966d-85ee19d4bcfa,1,8.915283025
2839,88401,88397,Shelton Ditch (Pringle Creek),CREEK,ACT,42-472,edf3fee2-758f-46e6-ab73-a712e12ca1fe,1,399.3599797
2840,56371,56372,Mill Race (Trib. Pringle Creek),CREEK,ACT,42-472,aaaa5fed-09b0-43d4-a26b-4bc9ea809e57,1,356.1544674
2841,37997,37073,Mill Race (Trib. Pringle Creek),CREEK,ACT,42-472,42b10ad6-1fad-4621-919c-8a4cd3432232,1,84.24880526
2842,37073,187915,Mill Race (Trib. Pringle Creek),CREEK,ACT,42-472,110d91cc-e583-4e6a-8053-76dc383a4faa,1,10.61144825
2843,88076,88074,Mill Creek,CREEK,ACT,45-472,5200ff0e-1e35-4d67-9a68-443fdc929265,1,439.2818743
2844,88077,88076,Mill Creek,CREEK,ACT,45-472,732bd5b5-3441-4084-a5c8-76a940ee53a7,1,11.69656166
2845,88079,88077,Mill Creek,CREEK,ACT,48-472,fc64f0aa-0146-4a6d-9949-044a6a3f0876,1,458.244096
2846,88078,88079,Mill Creek,CREEK,ACT,45-472,fde072d7-3746-4779-9c3f-43562bd8f593,1,61.05621012
2847,88080,88078,Mill Creek,CREEK,ACT,45-472,f3bcbd10-9b65-4e8c-b758-7e2bc1157908,1,191.1123429
2848,88082,88080,Mill Creek,CREEK,ACT,45-472,e410cc79-0ef2-4c27-b549-ee52cc6b0f55,1,291.2548542
2849,88074,88075,Mill Creek,CREEK,ACT,45-472,0090eea3-5b81-4095-91f8-da8584b02668,1,65.58197662
2850,88075,88072,Mill Creek,CREEK,ACT,45-472,a12ea568-f0a5-4ca5-922c-dead3bf2ae1e,1,200.1773067
2851,88072,88073,Mill Creek,CREEK,ACT,45-472,8b016682-1289-4242-a583-3c226909d79f,1,36.32996063
2852,88073,88070,Mill Creek,CREEK,ACT,45-472,c1255711-ccc9-45ff-b22f-31033a3a83db,1,302.8026584
2853,88071,88068,Mill Creek,CREEK,ACT,45-472,9f32cbfc-6e2f-45b1-a991-c8a51924cf6f,1,1263.334997
2854,88070,88071,Mill Creek,CREEK,ACT,45-472,ef0a556a-cc2e-42c3-aa9d-fc5bd4ad77af,1,58.37457346
2855,88060,88061,Mill Creek,CREEK,ACT,45-472,eef050d7-f8e9-48dc-b93a-1130f267c391,1,14.9720585
2856,88063,88060,Mill Creek,CREEK,ACT,45-472,08515a81-5314-4ed8-93ca-4c925a06f0d2,1,396.0646048
2857,88062,88063,Mill Creek,CREEK,ACT,45-472,6c21d797-a713-402f-8dc4-c4721088b766,1,8.225151021
2858,88061,88058,Mill Creek,CREEK,ACT,45-472,3cfa8957-fceb-4582-a881-676ccf04a3ed,1,37.94395638
2859,88058,88059,Mill Creek,CREEK,ACT,45-472,4af4df70-85e2-4066-b933-115cfacf675a,1,19.05659185
2860,88068,88069,Mill Creek,CREEK,ACT,45-472,9542bd21-e640-46a3-af8e-54b8a41b23b7,1,67.57630498
2861,88067,88064,Mill Creek,CREEK,ACT,45-472,211c2247-d74b-4d6b-8220-b762d230d577,1,482.1412647
2862,88066,88067,Mill Creek,CREEK,ACT,45-472,23055f9d-68a5-4ab7-8f32-2af7a2022476,1,39.24604115
2863,88065,88062,Mill Creek,CREEK,ACT,45-472,624195d4-4ca9-4ddc-bb95-b7c4467dee01,1,411.1776397
2864,88064,88065,Mill Creek,CREEK,ACT,45-472,e897a3a7-15e8-45bd-ad20-5e2bc242577a,1,48.25202311
2865,88059,88721,Mill Creek,CREEK,ACT,45-472,ba51f751-b58e-4f1e-95e2-780cb231167d,1,518.2051353
2866,88721,88057,Mill Creek,CREEK,ACT,45-472,a56f482f-b0d5-433c-ab8f-ce4bc04f34b1,1,175.3382298
2867,88057,88056,Mill Creek,CREEK,ACT,45-472,c46b8a54-9f0c-48bf-ae43-e05e2abce16c,1,94.52225892
2868,88055,88054,Mill Creek,CREEK,ACT,45-472,a4cb8fa8-9972-4882-86ec-29f859d1868f,1,63.76330722
2869,88056,88055,Mill Creek,CREEK,ACT,45-472,d29e07d8-0082-443d-82b9-41ea39f284b1,1,706.5929185
2870,88054,88052,Mill Creek,CREEK,ACT,45-472,8254f8db-990a-41ae-8ec5-ed8d6bc70878,1,412.0147225
2871,88053,88050,Mill Creek,CREEK,ACT,45-472,dae57e43-8aee-4530-8882-3c6db10f11a7,1,392.1107507
2872,88052,88053,Mill Creek,CREEK,ACT,45-472,4ae484b9-57ff-4395-bf28-d359a10ffffc,1,115.5852849
2875,87741,87739,Mill Creek,CREEK,ACT,45-472,691ec84c-ac0f-406a-a751-acf493f6e430,1,49.35173404
2876,87745,87741,Mill Creek,CREEK,ACT,45-472,e24a55a1-e911-4bbe-9ffe-45d3a09545df,1,421.2067018
2877,88050,87745,Mill Creek,CREEK,ACT,45-472,16739898-5b68-4244-ba31-9d6f4de589d8,1,77.4925063
2878,87739,87738,Mill Creek,CREEK,ACT,45-476,b489a506-40f4-455f-9b5d-ee02d0809290,1,626.7544316
2879,87737,11440,Mill Creek,CREEK,ACT,45-472,62eaf0fc-76a5-42e4-b1ae-2c2f086155a0,1,512.7212463
2880,87736,87735,Mill Creek,CREEK,ACT,42-478,356f82a2-591d-4505-96b8-d828bb2a40ad,1,425.9796191
2884,11440,87736,Mill Creek,CREEK,ACT,42-476,d372383b-9694-4cda-afde-3a31955759f8,1,211.5111562
2886,87735,87734,Mill Creek,CREEK,ACT,42-478,644e12cb-2f8b-48d5-ab7c-0abed4e7e2d8,1,49.8459864
2887,87734,87732,Mill Creek,CREEK,ACT,42-478,53ecf532-38ba-475a-87c8-e0628b047b90,1,1097.157158
2892,87732,87731,Mill Creek,CREEK,ACT,42-478,a0d985e2-5d77-43b0-87ad-7865fad0ed33,1,96.14657632
2895,87730,89026,Mill Creek,CREEK,ACT,42-478,25ed033b-ba65-4c92-94da-3e4eb0642572,1,320.2574463
2897,187919,187922,Glenn Creek,CREEK,ACT,18-480,5b216d51-8d77-4a81-bd61-8a86f8f05ddf,1,2374.790742
2898,11304,187924,Bonnie Swale (Trib. Glenn Creek),CREEK,ACT,24-478,4ad3c262-d93f-490f-b078-8250c6cf785b,1,947.0561462
2899,187925,47425,Belvedere Brook (Trib. Glenn Creek),CREEK,ACT,24-476,5fcc2f65-d06b-442c-a4b0-7ae77cea1bb0,1,588.5223308
2900,47431,187925,Belvedere Brook (Trib. Glenn Creek),CREEK,ACT,24-476,43e32b8a-ffb0-4805-ab1e-340bd62e3b6d,1,552.1014852
2901,47425,47424,Belvedere Brook (Trib. Glenn Creek),CREEK,ACT,24-476,32ba8705-0231-42f0-874c-10b40211579f,1,28.63091422
2902,36962,37886,Glenn Creek,CREEK,ACT,24-476,9d53684c-ac56-43d5-97dd-1d0e52b3c533,1,45.39305195
2903,187935,187936,Glenn Creek,CREEK,ACT,27-478,660c1c35-d68d-4e4c-8155-5bad2fcd2077,1,366.7400341
2904,187936,187937,Glenn Creek,CREEK,ACT,27-478,7977da5c-69d0-4b0a-bc08-af46fcc19caf,1,8.80384148
2905,187937,187938,Glenn Creek,CREEK,ACT,27-478,1cc2b076-dd74-4513-8273-8c0bd8386aee,1,429.044144
2906,187938,187939,Glenn Creek,CREEK,ACT,27-478,1369891f-446c-44e2-a4a8-d62e659282fe,1,7.108030766
2907,37884,114733,Glenn Creek,CREEK,ACT,27-478,0e229c9e-ace1-4bc9-8ec1-e61ff2364a10,1,215.6165002
2908,37886,36960,Glenn Creek,CREEK,ACT,27-476,93005ac1-abe4-4355-abf8-d198eac9bcd2,1,723.124718
2909,36960,37884,Glenn Creek,CREEK,ACT,27-478,9d9b2a41-9c7c-4585-8d72-f583be3f8caf,1,47.17805385
2910,114733,37315,Glenn Creek,CREEK,ACT,27-478,fb0c4200-ceec-4d79-8595-ffb203bf1e1c,1,5.18948974
2911,37315,38239,Glenn Creek,CREEK,ACT,27-478,13cd1d7d-8b35-4bfc-ac87-25df25a06fbc,1,35.5278385
2912,114731,114732,Glenn Creek,CREEK,ACT,27-478,740c3689-a39c-4c54-b33d-27971887d4b8,1,35.40017542
2913,38239,114734,Glenn Creek,CREEK,ACT,27-478,fb5409c1-e8de-4c2f-b566-a0bab7646d57,1,4.186482867
2914,114732,114734,Glenn Creek,CREEK,ACT,27-478,59377060-704e-4480-95bc-5f1cf0efae6d,1,4.813177622
2915,114734,187926,Glenn Creek,CREEK,ACT,27-478,d897485d-fe3c-423f-a94e-83f5392650ea,1,205.2568191
2916,10884,10549,Hidden Echo Creek,CREEK,ACT,27-476,08964d2f-7453-426e-92fe-ae6d857692b4,1,230.6277119
2917,187926,187927,Glenn Creek,CREEK,ACT,27-478,e15c03c7-7c6a-4c5b-9980-9d5473fde5d6,1,6.131279119
2918,187927,187928,Glenn Creek,CREEK,ACT,27-478,cd0e8b1d-d56e-4f5b-8695-8bd26711f1e2,1,437.0878583
2919,187928,187929,Glenn Creek,CREEK,ACT,27-478,0e9664e2-0aa4-4c41-9f82-308f7a7710f4,1,15.01607314
2920,187930,187931,Glenn Creek,CREEK,ACT,27-478,44a75ef0-2285-4c0f-aff3-a0efd06b70ff,1,22.12768267
2921,187931,187932,Glenn Creek,CREEK,ACT,27-478,26b7bf52-75bc-4a7d-af0a-0d3fee2525c4,1,208.6841719
2922,187932,187933,Glenn Creek,CREEK,ACT,27-478,d87f417e-dd3b-41b2-bf69-97340d33d95d,1,27.67041218
2923,187933,187934,Glenn Creek,CREEK,ACT,27-478,45b11875-fafb-48ae-a4df-d4da5374086f,1,126.9609024
2924,187934,187935,Glenn Creek,CREEK,ACT,27-478,508f5569-5f04-47df-9dc4-2d064804c4ec,1,33.16682667
2925,187939,37316,Glenn Creek,CREEK,ACT,27-478,4d213218-8134-4b8a-bd00-52ede35e49bc,1,444.6572565
2927,168376,168374,Glenn Creek,CREEK,ACT,30-478,e218d921-ee36-48fa-9188-383c65368af3,1,8.875659713
2928,168374,38238,Glenn Creek,CREEK,ACT,30-478,072be35f-563f-4d20-a570-c9a37c39e3f3,1,56.61081836
2929,37314,168375,Glenn Creek,CREEK,ACT,30-478,452094d8-91c3-4f7a-b915-ad04482a1867,1,58.93976221
2930,168375,9426,Glenn Creek,CREEK,ACT,30-478,6a758177-53b1-423e-b8c1-7827f56125f0,1,14.58036242
2931,38238,9426,Glenn Creek,CREEK,ACT,30-478,75478552-4de6-4fff-87ad-0701b9e8e3e8,1,20.40946877
2932,9426,187940,Glenn Creek,CREEK,ACT,30-478,caba7bad-0afe-47eb-bbbe-21b52faf4cea,1,603.363862
2933,7299,7435,Archer Brook (Trib. Glenn Creek),CREEK,ACT,30-480,fc968b6f-b3ae-4db1-b79f-863f4a0415ba,1,155.0863517
2934,47440,47441,Chatnicka Creek,CREEK,,27-480,ea2a100c-5607-45d9-986f-ef3218d06b73,1,2358.092684
2935,56069,47415,South Archer Brook (Trib. Glenn Creek),CREEK,ACT,27-480,edefb1e7-60de-4214-969b-bff1c1338c6d,1,907.7078473
2936,6634,6642,Archer Brook (Trib. Glenn Creek),CREEK,ACT,27-480,87b725e4-288c-413f-aadf-040e1c98216f,1,129.9998012
2937,6379,6516,Archer Brook (Trib. Glenn Creek),CREEK,ACT,27-480,af09f8dd-84be-4693-872b-892febfe6cc0,1,164.5418203
2938,6523,6634,Archer Brook (Trib. Glenn Creek),CREEK,ACT,27-480,396731fe-9b4d-4480-aa51-beaadb03cd0e,1,113.9997799
2939,6516,6523,Archer Brook (Trib. Glenn Creek),CREEK,ACT,27-480,b87108fb-8925-4d43-8636-77d9e938c0b5,1,120.000014
2940,6647,7101,Archer Brook (Trib. Glenn Creek),CREEK,ACT,27-480,d93a5826-9422-4713-9d11-0294b531609e,1,525.8479937
2941,6642,6647,Archer Brook (Trib. Glenn Creek),CREEK,ACT,27-480,20ebb866-6d41-4344-a23d-4a004ab5f01c,1,18.50942411
2942,7297,7299,Archer Brook (Trib. Glenn Creek),CREEK,ACT,30-480,2cae6509-3daa-4ec3-a3a6-a17e641b313b,1,83.21961341
2943,7101,7116,Archer Brook (Trib. Glenn Creek),CREEK,ACT,30-480,585b5d96-13d3-413e-80af-bfe14b3355b8,1,26.04511955
2944,7116,7297,Archer Brook (Trib. Glenn Creek),CREEK,ACT,30-480,040b3955-68ad-45fb-82a7-8b219ebdb9e2,1,152.9922518
2945,7435,47413,Archer Brook (Trib. Glenn Creek),CREEK,ACT,30-480,ce1325bc-d3d1-491a-a756-a02e0e1c5d7e,1,249.5695828
2946,47414,47411,South Archer Brook (Trib. Glenn Creek),CREEK,ACT,27-480,e87ac75b-56e2-4283-b2b1-d268c8dcfa15,1,304.5807604
2947,47415,47414,South Archer Brook (Trib. Glenn Creek),CREEK,ACT,27-480,6461d63c-b790-4f50-8c86-9109c2f669cf,1,44.9006102
2948,47413,47412,Archer Brook (Trib. Glenn Creek),CREEK,ACT,30-480,dacaaddf-acd8-4e0d-8c12-008a4f14f7fc,1,22.24105812
2949,47412,7865,Archer Brook (Trib. Glenn Creek),CREEK,ACT,30-480,977281ed-8715-4a5f-9e52-f90c57bc12e3,1,388.9570471
2950,7952,52547,Archer Brook (Trib. Glenn Creek),CREEK,ACT,30-478,e914bcb2-1159-4416-8440-2b1c4053fa64,1,927.5464181
2951,52548,9091,Archer Brook (Trib. Glenn Creek),CREEK,ACT,30-478,11f96538-efe9-4817-a6b2-29f80b4a6af4,1,94.05469509
2952,52547,52548,Archer Brook (Trib. Glenn Creek),CREEK,ACT,30-478,ee4f6750-58d9-41c1-a262-4661b5c36629,1,64.94201625
2953,187940,187941,Glenn Creek,CREEK,ACT,30-478,e0587083-8746-4dc1-8d9f-6a38ab0c0e25,1,25.45025656
2954,187941,187942,Glenn Creek,CREEK,ACT,30-478,55d565b7-72df-48bf-8faa-4eb232c63cc8,1,624.5441646
2955,188216,188217,Glenn Creek,CREEK,ACT,36-480,101c0526-20f6-4dff-a449-344fa0e6154c,1,100.1432771
2956,188217,188218,Glenn Creek,CREEK,ACT,36-480,c3c296ab-19ce-45c3-83e8-f79198983731,1,5.784790996
2957,188220,56071,Glenn Creek,CREEK,ACT,36-480,8535116d-e494-45e9-aa04-06dcfdd0e6e7,1,110.9598095
2958,188219,188220,Glenn Creek,CREEK,ACT,36-480,6d23d5e1-3332-4ec1-9821-8895f82c1bf0,1,6.752053261
2959,37332,38256,Goldcrest Brook (Trib. Glenn Creek),CREEK,ACT,36-482,4df85ac5-0e7e-4c79-bc98-84bd6ec92a40,1,62.36831791
2960,54151,107251,Goldcrest Brook (Trib. Glenn Creek),CREEK,ACT,36-482,0f94f3c3-6809-4b6d-b761-2057a95de3ac,1,59.37344426
2961,107253,107255,Glenn Creek,CREEK,ACT,36-482,ce580e57-0b0a-429c-85f7-e4e9429c1503,1,9.65246762
2962,107252,107254,Glenn Creek,CREEK,ACT,36-482,a31a9370-bd96-4667-9147-f10563e76f53,1,10.15667189
2963,4697,4699,Goldcrest Brook (Trib. Glenn Creek),CREEK,ACT,36-482,79b10682-9e3c-4fde-9449-861657c38ee1,1,23.14738435
2964,107256,188223,Glenn Creek,CREEK,ACT,36-482,64afcef9-799e-49c4-be8b-53f7eb34ba16,1,75.36599273
2965,188223,188224,Glenn Creek,CREEK,ACT,36-482,cf4de1d4-6a3d-49d7-8630-e6ec8c0c77d9,1,16.07199936
2966,188226,36917,Glenn Creek,CREEK,ACT,36-482,acbafeab-6aaf-46a5-9163-2dbf9cb7b21b,1,57.10590656
2967,188225,188226,Glenn Creek,CREEK,ACT,36-482,5ce57a1b-e48c-41a3-8e40-8b7bd66ce506,1,6.761892061
2968,36917,37841,Glenn Creek,CREEK,ACT,36-482,86856e09-b386-4090-8cb8-63e6ea999978,1,55.58254127
2969,37200,38124,Glenn Creek,CREEK,ACT,36-484,59af9c23-01e0-4095-b4fa-f51344bd032a,1,193.2987073
2970,38124,188228,Glenn Creek,CREEK,ACT,36-484,7e9a50c9-2451-413c-88b6-9b6c1981db44,1,1156.188831
2971,188228,188229,Glenn Creek,CREEK,ACT,36-484,96a9cc26-d259-4d72-a7e4-3ecdb6c04559,1,2.841102939
2972,188229,188230,Glenn Creek,CREEK,ACT,36-484,db6d03e9-f64c-48aa-902b-25f58337d3b4,1,135.6943685
2973,188230,188231,Glenn Creek,CREEK,ACT,36-484,9ad1942e-e271-4695-968e-5a89683efb49,1,5.313083465
2974,188231,188232,Glenn Creek,CREEK,ACT,36-484,4b181e6a-cda9-4135-9379-ed5e8c43b2bb,1,164.0655257
2975,187945,168373,Glenn Creek,CREEK,ACT,30-478,b05d8c02-6524-4b2e-b7d5-896ded305520,1,103.9793142
2976,187942,187943,Glenn Creek,CREEK,ACT,30-478,75ad852f-aa78-4b55-9917-53de05284b6d,1,5.652220477
2977,187943,187944,Glenn Creek,CREEK,ACT,30-478,1d7ba46e-2f65-4918-933c-0b21bd67e649,1,89.22753996
2978,187944,187945,Glenn Creek,CREEK,ACT,30-478,9f5b505d-56eb-4154-a79c-44b156e8993b,1,5.090050602
2979,37881,187946,Glenn Creek,CREEK,ACT,36-480,1d52ece3-b450-4ab6-9087-59d023ea1916,1,546.0747511
2980,187946,8704,Glenn Creek,CREEK,ACT,36-480,0789e7c3-b7a8-47e3-a4f2-2931982a05c1,1,12.05011955
2981,187947,187948,Glenn Creek,CREEK,ACT,36-480,f9797114-ee68-463d-adae-66a935f04978,1,1078.466643
2982,187948,37890,Glenn Creek,CREEK,ACT,36-480,a63de257-5e4e-467f-850b-2f5432f8059e,1,1176.934925
2983,37890,36966,Glenn Creek,CREEK,ACT,36-480,84a50a07-09cd-4c66-91ee-6e84a78ffe34,1,65.44101989
2984,36966,187949,Glenn Creek,CREEK,ACT,36-480,f3f1241e-5d89-4d95-b5dc-cbf184d86d7c,1,512.8809117
2985,187949,187950,Glenn Creek,CREEK,ACT,36-480,b905faf5-4602-4a54-a88d-26fb68d58731,1,8.450533547
2986,187950,187951,Glenn Creek,CREEK,ACT,36-480,8a1facae-c829-4991-b898-3cf3c149730b,1,1381.145227
2987,187951,187952,Glenn Creek,CREEK,ACT,36-480,7672eceb-c6bb-4975-b9e2-fa705fecc184,1,4.96910302
2988,187952,187953,Glenn Creek,CREEK,ACT,36-480,d0bba452-4c05-440f-b4d7-19b686a68279,1,83.6993548
2989,187953,188210,Glenn Creek,CREEK,ACT,36-480,d5ad54eb-3c62-4bd7-bf76-aa6ed9f0f2f6,1,7.734236382
2990,188222,187930,Glenn Creek,CREEK,ACT,27-478,4341bdf7-ad1f-4f21-8b2c-5ede77ab532d,1,70.37637769
2991,188210,188211,Glenn Creek,CREEK,ACT,36-480,4759de80-3b52-407c-9e6e-e54626c7f26e,1,75.15125121
2992,188211,188212,Glenn Creek,CREEK,ACT,36-480,a3a81e44-a347-4cef-9682-d67afbf641f8,1,7.315679276
2993,188212,188213,Glenn Creek,CREEK,ACT,36-480,006ca3fa-a6ed-412a-9098-9c34e186d6e0,1,531.5643205
2994,188213,188214,Glenn Creek,CREEK,ACT,36-480,97245483-95fd-4006-946e-3da5c40c09fa,1,4.865028267
2995,188218,188219,Glenn Creek,CREEK,ACT,36-480,3b137f19-c027-4e33-bf5f-2c9e33ef3ace,1,149.4969357
2996,188215,188216,Glenn Creek,CREEK,ACT,36-480,963c4df1-6de2-47b1-92f6-662d9797e893,1,6.102799943
2997,8704,187948,Glenn Creek,CREEK,ACT,36-480,fdfd06b3-0383-471f-8c5a-dc47804229c6,1,2864.084907
2998,168372,37932,Glenn Creek,CREEK,ACT,30-478,5b480be1-e700-4d10-aad5-628ea3b802a4,1,745.2916388
2999,5112,4697,Goldcrest Brook (Trib. Glenn Creek),CREEK,ACT,36-482,44f8ccf0-040a-48f9-a7d5-b9a99915f61f,1,1692.23306
3000,188214,188215,Glenn Creek,CREEK,ACT,36-480,7009ff04-0cc4-41dd-9423-c6c35f8e21a9,1,457.28961
3001,38256,56071,Goldcrest Brook (Trib. Glenn Creek),CREEK,ACT,36-482,8adc38d9-8b80-48c9-9cd6-0cebaf989e23,1,19.05429792
3002,107251,56071,Goldcrest Brook (Trib. Glenn Creek),CREEK,ACT,36-482,c2d64109-09b5-4492-abf7-b4ffa97c635d,1,20.06737549
3003,56071,107252,Glenn Creek,CREEK,ACT,36-482,b76cbd8a-cbd2-4b0f-bd6f-49485d78766f,1,5.63694134
3004,188224,188225,Glenn Creek,CREEK,ACT,36-482,70f67cf5-3e8c-4869-8487-dfff987af477,1,179.7082316
3005,107255,107256,Glenn Creek,CREEK,ACT,36-482,04bddee3-dc4f-495a-8a6e-858cd676d35a,1,7.592413416
3006,107254,107256,Glenn Creek,CREEK,ACT,36-482,8e7341eb-18b7-4570-89c7-8ab2c8a63f57,1,8.042356577
3007,37871,168372,Glenn Creek,CREEK,ACT,30-478,8971a235-be16-477a-a363-f74c452e0a6b,1,7.887312645
3008,168370,168372,Glenn Creek,CREEK,ACT,30-478,1dde23e7-1d17-4090-80ed-23b60cc54dd9,1,8.086907166
3009,168373,168371,Glenn Creek,CREEK,ACT,30-478,e394f6a5-d619-4f27-b201-e927e1e3ffe7,1,6.916397174
3011,54452,88741,Battle Creek,CREEK,ACT,39-444,4800cd8e-13ac-408d-835c-653dfea5a8dd,1,130.6227821
3012,187929,188221,Glenn Creek,CREEK,ACT,27-478,74d6e8cb-64a8-4b91-928d-82d642049de2,1,90.72029372
3013,188221,188222,Glenn Creek,CREEK,ACT,27-478,4e385a28-e588-4900-a445-8ac3c5b4f783,1,8.053867813
3015,49663,43256,Wilark Brook,CREEK,ACT,30-482,131f2ccb-92be-4773-8620-756f03cc04b0,1,365.3676882
3016,37841,37200,Glenn Creek,CREEK,ACT,36-484,cdcb3fc2-6d85-4dc4-87ca-97409f55eef2,1,728.8883711
3018,188539,188540,Winslow Creek,CREEK,ACT,24-482,8e5ae313-4ab7-4de2-bc70-10ce7abd7245,1,1124.901144
3019,188540,188541,Winslow Creek,CREEK,ACT,24-482,1594afb9-39a5-429d-b1df-a56a17cfb21b,1,41.89080238
3020,188541,188542,Winslow Creek,CREEK,ACT,24-482,4f202380-4851-4008-a5b2-bd646056885e,1,455.3207741
3021,188542,188543,Winslow Creek,CREEK,ACT,24-482,bded3789-1cbb-450c-a9ce-29015e30a9c3,1,25.78719768
3022,188548,188549,Winslow Creek,CREEK,ACT,27-484,d697d7bc-2afc-4382-bdee-a330cdb26d34,1,16.78701864
3023,188236,188550,Winslow Creek,CREEK,ACT,27-484,05e1fa81-6627-4525-85ea-4bb182995b08,1,462.6443032
3024,188550,188551,Winslow Creek,CREEK,ACT,27-484,61595406-4c3e-49a9-9192-81670831b62f,1,211.146518
3025,188552,70137,Winslow Creek,CREEK,ACT,27-486,9115ac33-8777-440c-a312-52c27ded54e3,1,239.5845218
3026,188553,188552,Winslow Creek,CREEK,ACT,27-486,6a6016ef-689b-4698-b776-6e689f95048b,1,26.10047276
3027,70138,188554,South Gibson Creek (Trib. Glenn Creek),CREEK,ACT,24-488,4ac2472c-f373-4c9b-9f3a-c08f722076c6,1,2334.970475
3028,188571,70136,South Gibson Creek (Trib. Glenn Creek),CREEK,ACT,24-488,e6621466-6c6f-436e-8864-7cd8a6a08def,1,928.4268595
3029,188556,188557,South Gibson Creek (Trib. Glenn Creek),CREEK,ACT,24-488,4d56f8e6-0a38-478f-8781-6168f8f356c6,1,22.79452802
3030,188576,188556,South Gibson Creek (Trib. Glenn Creek),CREEK,ACT,24-488,7da0e059-e50f-4167-8278-fa28f8b1469c,1,2340.292648
3031,188559,188558,South Gibson Creek (Trib. Glenn Creek),CREEK,ACT,24-488,2f3866ec-b0d4-429a-9b73-16b693961cd6,1,52.42064087
3032,188543,188545,Winslow Creek,CREEK,ACT,24-482,5486b65e-d96c-4294-ae40-f5663a24e66d,1,531.7656239
3033,188545,188544,Winslow Creek,CREEK,ACT,24-482,21230539-72f2-434e-a964-9591d52ad8a1,1,19.06745584
3034,188544,188546,Winslow Creek,CREEK,ACT,27-484,5ed76ded-c57e-46ab-8c7e-c03e93cce901,1,1684.667162
3035,188546,188547,Winslow Creek,CREEK,ACT,27-484,4c39c57e-124e-4ec8-a360-a34b71ebc16b,1,204.8366969
3036,188549,188236,Winslow Creek,CREEK,ACT,27-484,64f701ba-96b9-4216-8a46-987ed7d0afdc,1,174.8464656
3037,188547,188548,Winslow Creek,CREEK,ACT,27-484,d954532c-e515-4562-82a9-4cdff4fd363d,1,41.00364582
3038,188574,188559,South Gibson Creek (Trib. Glenn Creek),CREEK,ACT,24-488,e01f6717-4e01-46bc-a114-9b1d661fdb31,1,1298.818005
3039,188560,188561,South Gibson Creek (Trib. Glenn Creek),CREEK,ACT,24-488,ae753180-4f8c-4cf7-8975-c19abe819380,1,12.00447625
3040,188564,188565,Eagle Crest Swale (Trib. Glenn Creek),CREEK,ACT,21-486,60609210-d902-4f06-b52f-b4020aa8f98f,1,824.6530205
3041,188565,188566,Eagle Crest Swale (Trib. Glenn Creek),CREEK,ACT,21-486,e5fbae19-466d-4313-a1bf-06df3c4d7f62,1,53.4329127
3042,188566,188567,Eagle Crest Swale (Trib. Glenn Creek),CREEK,ACT,21-486,90056180-70e7-47f3-bc8e-0ae71b89b954,1,1564.088612
3043,188568,188569,Emarald Swale (Trib. Glenn Creek),CREEK,ACT,24-486,9b5d93fa-196c-4807-a282-935351d33ca3,1,1203.863857
3044,188557,188570,South Gibson Creek (Trib. Glenn Creek),CREEK,ACT,24-488,e5aa224f-43a3-465f-9db1-5f18c75e2344,1,616.3355347
3045,188570,188571,South Gibson Creek (Trib. Glenn Creek),CREEK,ACT,24-488,e5e84627-4b2f-41ba-8336-e70938763090,1,20.57166337
3046,70136,70135,South Gibson Creek (Trib. Glenn Creek),CREEK,ACT,27-486,cd457d76-9b28-42d8-88c0-bd2a4da7baef,1,27.88323182
3047,68530,188578,Brush College Brook (Trib. Glenn Creek),CREEK,ACT,27-490,b743686a-8b29-4555-b559-f4014721a9a6,1,1678.587644
3048,188584,188585,Farmers Brook (Trib. Glenn Creek),CREEK,ACT,24-488,38bd9287-2793-4bb0-829f-edc6d64f0bd9,1,2017.53895
3049,70135,56070,South Gibson Creek (Trib. Glenn Creek),CREEK,ACT,27-486,4fe3827e-5b60-44d6-9958-9ef226a20f9f,1,327.589771
3050,188551,188553,Winslow Creek,CREEK,ACT,27-486,e2e19cc5-6e68-4ede-9642-c17cb5b19745,1,2514.313353
3051,76546,70773,Dahlia Swale (Trib. Glenn Creek),CREEK,ACT,24-480,5eaf141e-f173-4d72-976a-093b274ab265,1,2464.844889
3054,188235,188236,Dahlia Swale (Trib. Glenn Creek),CREEK,ACT,27-484,9bb58703-2ae5-4227-a755-25da10f04f88,1,132.4084632
3055,188237,188238,Winslow Creek,CREEK,ACT,21-484,04cb0ed9-a816-4a3f-9e11-a673bce7e53d,1,3572.150933
3056,188238,188239,Winslow Creek,CREEK,ACT,21-482,e013fca6-01de-499a-84d4-860f7f681892,1,41.3559541
3057,188239,188240,Winslow Creek,CREEK,ACT,21-482,d5f9f017-525b-49db-8be9-164f7c2a47dc,1,1241.912832
3058,188240,188530,Winslow Creek,CREEK,ACT,21-482,40016fff-36f7-430a-9cdb-b4fbab69218e,1,190.3319469
3059,43256,43257,Wilark Brook,CREEK,ACT,30-482,0e946117-d13c-4808-9e6a-7836ea0723f4,1,92.83803715
3060,43258,43259,Wilark Brook,CREEK,ACT,33-482,d44617eb-2488-4acc-a8f3-ff926efe8dd2,1,52.95642769
3061,4035,3818,Wilark Brook,CREEK,ACT,33-484,415c8960-6a69-4b14-96ad-61c971afccf9,1,256.5643424
3062,3464,3410,Wilark Brook,CREEK,ACT,33-484,0823b9cc-9b93-4985-85e8-0ebc2dce46cc,1,79.29063825
3063,2759,2702,Wilark Brook,CREEK,ACT,33-486,927d4d6f-7f36-47f5-9873-88fe69e72dc8,1,67.56991489
3064,70773,70774,Dahlia Swale (Trib. Glenn Creek),CREEK,ACT,27-482,b476d385-5825-4082-be0f-d2856d4231a4,1,122.3323224
3065,70774,188234,Dahlia Swale (Trib. Glenn Creek),CREEK,ACT,27-484,e11d1a6c-327f-4925-aaf3-755639ea45d8,1,1419.097181
3066,188234,188235,Dahlia Swale (Trib. Glenn Creek),CREEK,ACT,27-484,cf6cd512-d717-466f-a673-d6ef8afe0a84,1,36.22736306
3067,188530,188241,Winslow Creek,CREEK,ACT,21-482,f41a4148-e458-4d18-8fdd-755bea1cff33,1,77.85438089
3068,188531,188241,Winslow Creek,CREEK,ACT,21-482,e207f2bb-90de-4517-bb17-002d1ab68b81,1,82.16284285
3069,188241,188534,Winslow Creek,CREEK,ACT,21-482,5fd9b7c4-e9a5-4c9a-8052-c97f2ac5b316,1,681.00132
3070,188532,188535,Winslow Creek,CREEK,ACT,24-482,7d0e84cc-9ea7-4bc0-a1d5-c74aedbcb82d,1,147.6638428
3071,188534,188532,Winslow Creek,CREEK,ACT,24-482,d8316972-6edc-47c3-b54c-11675e09fcf5,1,7.403162585
3072,188535,188533,Winslow Creek,CREEK,ACT,24-482,a7b515ad-90cd-42df-80ad-63531c4fb6ed,1,4.577835872
3073,188533,188536,Winslow Creek,CREEK,ACT,24-482,c827438a-5b08-4743-acdb-ac83622c7110,1,136.9951201
3074,188536,188537,Winslow Creek,CREEK,ACT,24-482,f72d0916-17ee-4d8e-9564-525204798a6b,1,11.31831974
3075,188537,188538,Winslow Creek,CREEK,ACT,24-482,bc877eb0-095e-480d-8360-836b21c5c4f6,1,129.0318742
3076,188538,188539,Winslow Creek,CREEK,ACT,24-482,8b7dc4c5-4db6-45ce-9386-1be9da8909fe,1,25.54218669
3077,38156,188607,Gibson Creek (Trib. Glenn Creek),CREEK,ACT,33-486,e60a7872-4ed8-41af-96fc-dca328317eea,1,643.8255602
3078,188607,188608,Gibson Creek (Trib. Glenn Creek),CREEK,ACT,33-486,a7a79bf3-6401-4575-afd7-d711293b0126,1,9.118622858
3079,188608,188609,Gibson Creek (Trib. Glenn Creek),CREEK,ACT,33-486,b239cf72-f2b1-4710-ac6f-16f554874814,1,805.3853013
3080,188609,188626,Gibson Creek (Trib. Glenn Creek),CREEK,ACT,33-486,a22bcc0b-6f2a-4b72-8b33-dc531831d127,1,17.30890239
3081,51260,51261,Gibson Creek (Trib. Glenn Creek),CREEK,ACT,33-486,c40deff2-e3fa-4734-8f83-7117886e3915,1,94.01138941
3082,51634,51635,Gibson Creek (Trib. Glenn Creek),CREEK,ACT,36-488,150c0d58-30dd-42aa-8686-32b9c78f02f4,1,19.98382265
3083,51254,51253,Gibson Creek (Trib. Glenn Creek),CREEK,ACT,33-486,0db4b8b0-3624-4d70-850a-b27ae0872640,1,10.98560713
3084,36958,37882,Gibson Creek (Trib. Glenn Creek),CREEK,ACT,33-486,1a600fbe-6773-41aa-ad3b-3777a41a78ca,1,101.5416512
3085,37232,38156,Gibson Creek (Trib. Glenn Creek),CREEK,ACT,33-486,9d6447dc-314d-4241-ad49-eb3d62fb3034,1,91.60680203
3086,188561,188573,South Gibson Creek (Trib. Glenn Creek),CREEK,ACT,24-488,9eb4b35e-0927-4ea7-bf67-ec5ba60dc878,1,451.9874347
3087,188573,188574,South Gibson Creek (Trib. Glenn Creek),CREEK,ACT,24-488,e9771ef4-6a2f-4c9a-b818-4233b5c060e3,1,79.91558322
3088,188558,188575,South Gibson Creek (Trib. Glenn Creek),CREEK,ACT,24-488,ad103e6a-574d-4eb2-92ee-df50936d6c6c,1,1042.816741
3089,188575,188576,South Gibson Creek (Trib. Glenn Creek),CREEK,ACT,24-488,eeae4d63-c81f-4207-beb4-a52a8d95c975,1,30.12774247
3090,188579,68861,Brush College Brook (Trib. Glenn Creek),CREEK,ACT,27-490,223cfb10-a7bf-400e-b5af-6b2191fb8583,1,358.1568469
3091,188578,188577,Brush College Brook (Trib. Glenn Creek),CREEK,ACT,27-490,ee6b7e86-cd38-4b6e-a951-1dd50f051e50,1,19.7602808
3092,188577,188580,Brush College Brook (Trib. Glenn Creek),CREEK,ACT,27-490,e0a46973-a593-479f-adc4-78fb22b2eac6,1,81.95649856
3093,188580,188579,Brush College Brook (Trib. Glenn Creek),CREEK,ACT,27-490,e937e56e-df92-4d47-aeda-d745d33d8ea8,1,6.559929062
3094,68532,188581,Brush College Brook (Trib. Glenn Creek),CREEK,ACT,27-488,417a0a1d-8876-49c2-b0f9-a930ff842759,1,276.0742324
3095,188581,188582,Brush College Brook (Trib. Glenn Creek),CREEK,ACT,27-488,fd09dd7f-cc61-4d8f-98f7-4f0a4f13c031,1,28.34993894
3096,70134,188583,Farmers Brook (Trib. Glenn Creek),CREEK,ACT,24-488,a7ab95d8-2926-4279-8d95-785245819fc6,1,704.8855722
3097,188599,188600,Gibson Creek (Trib. Glenn Creek),CREEK,ACT,30-486,658feb83-1469-44e0-a058-4d3d2eee197e,1,9.105876495
3098,51265,51586,Gibson Creek (Trib. Glenn Creek),CREEK,ACT,30-486,bca08a70-e0d1-46dc-a210-1033855506f3,1,23.20914979
3099,188583,188584,Farmers Brook (Trib. Glenn Creek),CREEK,ACT,24-488,7e75cd9c-b00e-414c-bcd3-b76e5c667243,1,53.87224727
3100,188586,70133,Farmers Brook (Trib. Glenn Creek),CREEK,ACT,24-488,b38d71b5-0d40-47d7-9c96-b5b951ecd5fa,1,236.0459421
3101,188585,188586,Farmers Brook (Trib. Glenn Creek),CREEK,ACT,24-488,f0543f48-0395-4caf-9251-68ea1e04decc,1,36.9610662
3102,188588,68217,North Gibson Creek (Trib. Glenn Creek),CREEK,ACT,,efbd9c7f-2dfd-47bb-a339-e18926a109a5,1,232.9491381
3103,188587,188588,North Gibson Creek (Trib. Glenn Creek),CREEK,ACT,,5cc89df4-f30a-4de6-81c3-ecfd4cbe5ba0,1,115.5808178
3104,68217,68216,North Gibson Creek (Trib. Glenn Creek),CREEK,ACT,,a6e97c02-6252-4988-870f-d95918ff6df1,1,84.26592653
3105,68216,188589,North Gibson Creek (Trib. Glenn Creek),CREEK,ACT,24-488,d76f146b-b60e-4afc-aa92-2aa94054a873,1,1716.887805
3106,188589,188590,North Gibson Creek (Trib. Glenn Creek),CREEK,ACT,24-488,7f2f5b25-87b4-4ed0-8b69-81691d30bd7d,1,35.49842306
3107,188590,188591,North Gibson Creek (Trib. Glenn Creek),CREEK,ACT,24-488,df8cdeca-6886-45c0-bcc5-d3e25eb12c48,1,1203.805652
3108,188591,188592,North Gibson Creek (Trib. Glenn Creek),CREEK,ACT,24-488,e55d4fcd-300d-4dac-a4c0-fcde2b1ba373,1,49.7144426
3109,188592,188593,North Gibson Creek (Trib. Glenn Creek),CREEK,ACT,24-488,ed9d1025-cb6e-4824-8407-a1a864edbbac,1,1098.648465
3110,188593,188594,North Gibson Creek (Trib. Glenn Creek),CREEK,ACT,24-488,0472de70-382b-4128-9af4-7701ee112ec4,1,36.18961781
3111,188594,188595,North Gibson Creek (Trib. Glenn Creek),CREEK,ACT,24-488,e1e9b123-5e02-4f31-9c0b-a7275157fe08,1,1417.058157
3112,188595,188596,North Gibson Creek (Trib. Glenn Creek),CREEK,ACT,24-488,118d247a-8cbb-4c80-b422-bf3edc4551fd,1,26.85437569
3113,188598,68214,North Gibson Creek (Trib. Glenn Creek),CREEK,ACT,24-488,c469c389-3bbd-4dd6-9411-0a35f61889f2,1,106.796405
3114,188597,188598,North Gibson Creek (Trib. Glenn Creek),CREEK,ACT,24-488,f55046da-8e05-4887-b85c-3b5d87cd0fcc,1,16.24082426
3115,68214,68213,North Gibson Creek (Trib. Glenn Creek),CREEK,ACT,27-488,1d9f6990-e5be-47ab-8139-d8ce801d7cd2,1,34.15328293
3116,68212,68211,North Gibson Creek (Trib. Glenn Creek),CREEK,ACT,27-488,de977d8d-f70b-4651-ac57-f8e39a9b02e6,1,22.76845004
3117,51263,51264,Gibson Creek (Trib. Glenn Creek),CREEK,ACT,30-486,42b3baa2-d034-47fe-87f5-f493de9226dd,1,23.0834195
3118,51264,188599,Gibson Creek (Trib. Glenn Creek),CREEK,ACT,30-486,b1d4a317-5c1b-413a-aa14-ed587f795ee2,1,370.6898616
3119,188604,188605,Gibson Creek (Trib. Glenn Creek),CREEK,ACT,33-486,0d5f97b1-eec1-403a-a576-8a0794ba6c5b,1,957.0650833
3120,51259,51258,Gibson Creek (Trib. Glenn Creek),CREEK,ACT,30-486,a1067d14-c6c9-4d2e-adf4-1e43f31ceb2d,1,19.74283449
3121,51256,51255,Gibson Creek (Trib. Glenn Creek),CREEK,ACT,30-486,29bfd648-b43d-42bf-8a03-bec5a095959d,1,19.85918493
3122,188606,51254,Gibson Creek (Trib. Glenn Creek),CREEK,ACT,33-486,69dfdf1f-4017-4164-beec-12f3393ff94d,1,292.9168499
3123,188605,188606,Gibson Creek (Trib. Glenn Creek),CREEK,ACT,33-486,ec22f4cd-4852-4a73-ba81-74d7cca94df7,1,6.606566002
3125,43257,43258,Wilark Brook,CREEK,ACT,30-482,9751345e-bb59-40aa-9b5b-831dedf97b04,1,714.9434156
3126,43259,4035,Wilark Brook,CREEK,ACT,33-484,686b1f17-4363-4b6b-a2f9-779c4476bd3a,1,949.775119
3127,3818,3464,Wilark Brook,CREEK,ACT,33-484,c702f183-5c89-4b97-a965-ce78b5db4d13,1,570.6227665
3128,51253,36958,Gibson Creek (Trib. Glenn Creek),CREEK,ACT,33-486,98bbb012-12a7-45aa-93c8-db086d8c9343,1,825.7311488
3129,51258,51256,Gibson Creek (Trib. Glenn Creek),CREEK,ACT,30-486,44ff4660-8d59-4fed-90f5-a53921e5b487,1,520.3947422
3130,51586,51259,Gibson Creek (Trib. Glenn Creek),CREEK,ACT,30-486,b946f764-88b3-49d4-97a4-ace54326ac57,1,585.3422436
3131,188626,51260,Gibson Creek (Trib. Glenn Creek),CREEK,ACT,33-486,89726080-432a-45f5-92d9-e8185128c35e,1,2454.185952
3132,51261,51634,Gibson Creek (Trib. Glenn Creek),CREEK,ACT,33-486,d6261229-727d-4f38-ba1c-6a5cffea4a03,1,953.1225444
3134,188600,51265,Gibson Creek (Trib. Glenn Creek),CREEK,ACT,30-486,9d421b71-5152-4e9a-870e-2cac69425b3e,1,505.841989
3135,56070,51263,Gibson Creek (Trib. Glenn Creek),CREEK,ACT,30-486,e81ee471-cda7-4fa2-bb1e-b5711856304d,1,498.8195918
3136,2702,51591,Wilark Brook,CREEK,ACT,33-486,b4a5ea48-2144-4401-a9a5-76bf53424139,1,8.290696149
3139,51635,56068,Gibson Creek (Trib. Glenn Creek),CREEK,ACT,36-488,d657b926-f20a-4583-a3af-0992f4f7e2de,1,55.51430343
3140,68211,56070,North Gibson Creek (Trib. Glenn Creek),CREEK,ACT,27-488,eb6e6c55-19d1-4afe-8970-9ebbd1b79153,1,96.80763092
3141,68213,68212,North Gibson Creek (Trib. Glenn Creek),CREEK,ACT,27-488,769f960e-7ce2-4739-a516-0c0935397a2b,1,182.3702932
3142,188596,188597,North Gibson Creek (Trib. Glenn Creek),CREEK,ACT,24-488,1351805f-b007-418f-b8a3-fc6dfac49255,1,3118.897971
3143,188582,68215,Brush College Brook (Trib. Glenn Creek),CREEK,ACT,27-488,9db25c0e-4ddb-41c1-9e7b-b58485acccea,1,345.2671781
3144,68218,188587,North Gibson Creek (Trib. Glenn Creek),CREEK,ACT,,6ae0ed48-8189-4dc5-9dbf-6f208d7596f7,1,4237.908773
3145,1182,1174,Michigan Swale (Trib. Glenn Creek),CREEK,ACT,33-490,31865051-81bc-472f-8ad3-89d3d6d867af,1,32.21462097
3146,188628,188639,Glenn Creek,CREEK,ACT,33-490,e2ff7493-72e2-4f89-a689-602039dc74ff,1,2286.649523
3147,41655,41654,Michigan Swale (Trib. Glenn Creek),CREEK,ACT,33-490,d32ca8aa-271c-41ac-89a2-55921067e839,1,1432.85515
3148,41657,41656,Michigan Swale (Trib. Glenn Creek),CREEK,ACT,33-490,6ea0ab8d-6cd7-4135-a478-0450e23b87f6,1,110.862663
3149,41660,41658,Michigan Swale (Trib. Glenn Creek),CREEK,ACT,33-490,e4c9c006-6a09-4df8-b5de-235a9a273e03,1,1828.977609
3150,41663,41659,Middle Michigan Swale (Trib. Glenn Creek),CREEK,ACT,33-490,772bd429-426a-4279-925c-d5d01e82994f,1,695.3429417
3151,70130,41662,North Michigan Swale (Trib. Glenn Creek),CREEK,ACT,33-490,8735eaad-db26-45ce-b1b4-23089a28e2fd,1,258.871976
3152,188632,188633,Middle Michigan Swale (Trib. Glenn Creek),CREEK,ACT,30-490,80d416a9-5f46-4c26-aa08-9ceb600ea250,1,581.908365
3155,70132,188637,North Michigan Swale (Trib. Glenn Creek),CREEK,ACT,33-492,895c9294-0563-494f-979b-00b91bec5536,1,1347.209034
3156,188555,188572,South Gibson Creek (Trib. Glenn Creek),CREEK,ACT,24-488,9250f4e4-211d-4b57-a055-e093c3b92f97,1,4273.783701
3157,188554,188555,South Gibson Creek (Trib. Glenn Creek),CREEK,ACT,24-488,839d663b-da61-454d-882b-dc8347ecf885,1,56.89678927
3158,188572,188560,South Gibson Creek (Trib. Glenn Creek),CREEK,ACT,24-488,aa2a4290-455d-4191-9d5b-bb20401394b8,1,2954.336686
3159,188630,41653,Glenn Creek,CREEK,ACT,33-490,0fe6395d-2167-4375-a297-69277f28e191,1,2003.509569
3160,188629,188630,Glenn Creek,CREEK,ACT,33-490,6bc711fe-4190-4c84-a9a9-2f8102abd8d5,1,51.85480364
3161,1174,1170,Michigan Swale (Trib. Glenn Creek),CREEK,ACT,33-490,f18c2299-5e9e-4658-8508-cc4497582294,1,60.4962176
3162,1116,1104,Michigan Swale (Trib. Glenn Creek),CREEK,ACT,33-490,fac4d0f9-0a27-4dc5-88eb-e5f7a3288e74,1,53.71736336
3163,1120,1116,Michigan Swale (Trib. Glenn Creek),CREEK,ACT,33-490,b8f865f7-c738-43d6-96f5-5e25f7403672,1,41.40151127
3164,41661,41660,Michigan Swale (Trib. Glenn Creek),CREEK,ACT,33-490,b9dfce30-7df1-4fd0-85e6-95cb7065e569,1,99.14086595
3165,56072,188631,Middle Michigan Swale (Trib. Glenn Creek),CREEK,ACT,30-490,d53b99ed-eb87-4b56-b634-6231387b957f,1,1046.267311
3166,188631,188632,Middle Michigan Swale (Trib. Glenn Creek),CREEK,ACT,30-490,c776e4b2-5a0b-4809-b701-6624ab6b8601,1,95.53630459
3167,188634,188635,Middle Michigan Swale (Trib. Glenn Creek),CREEK,ACT,30-490,d2071062-55f8-4b84-a8d2-52d113293bc0,1,402.0381332
3168,188633,188634,Middle Michigan Swale (Trib. Glenn Creek),CREEK,ACT,30-490,3640db9e-4282-42b9-9c0c-b9b53b1e0ba1,1,33.09306507
3169,188635,41604,Middle Michigan Swale (Trib. Glenn Creek),CREEK,ACT,30-490,ed94af4d-f2cd-4933-8b93-042319c9eb2d,1,113.6315438
3170,41603,44306,Middle Michigan Swale (Trib. Glenn Creek),CREEK,ACT,33-490,90f1c46b-e458-4d73-8733-acb27da0976b,1,80.87226654
3171,41602,41665,Middle Michigan Swale (Trib. Glenn Creek),CREEK,ACT,33-490,fdfa5205-c373-4107-b7e5-1b3ea7d04af5,1,112.8305075
3172,41604,41603,Middle Michigan Swale (Trib. Glenn Creek),CREEK,ACT,33-490,667d8dc4-5ad2-4478-81b9-d061bbac17ea,1,53.35699449
3173,44306,41602,Middle Michigan Swale (Trib. Glenn Creek),CREEK,ACT,33-490,7b821837-d48e-4922-89a3-2693fb279856,1,59.53558562
3174,41664,41663,Middle Michigan Swale (Trib. Glenn Creek),CREEK,ACT,33-490,5bca5fb1-cb5a-4ccb-aae1-83f12e6e29d2,1,34.52195859
3175,188638,70131,North Michigan Swale (Trib. Glenn Creek),CREEK,ACT,33-492,12237d43-33f4-412b-a53f-ae73c1104398,1,123.7153371
3176,188637,188638,North Michigan Swale (Trib. Glenn Creek),CREEK,ACT,33-492,b713742c-15eb-4e8a-a7ab-116954dcf937,1,31.01126628
3177,70131,70130,North Michigan Swale (Trib. Glenn Creek),CREEK,ACT,33-492,b8803ba9-ec07-46a2-9a8e-4203eeb0fdd4,1,580.4099208
3178,41658,41657,Michigan Swale (Trib. Glenn Creek),CREEK,ACT,33-490,deff2eef-73e5-412a-83c0-e136d0a9808e,1,84.44482959
3179,41656,41655,Michigan Swale (Trib. Glenn Creek),CREEK,ACT,33-490,fa016b96-4100-4111-94b0-b22f7fd306b2,1,29.62585455
3180,188639,188629,Glenn Creek,CREEK,ACT,33-490,e6f97f27-cb53-46e3-8f44-a3306bb7e33a,1,1059.245964
3181,7660,188640,Trib. Willamette River,CREEK,ACT,42-490,4e493c85-4d65-46a9-9ff3-565e617d240a,1,4193.263471
3182,188640,188641,Trib. Willamette River,CREEK,ACT,42-490,d4e98088-0adf-4ffe-a87e-007172513af8,1,31.15936112
3183,188641,188850,Trib. Willamette River,CREEK,ACT,42-490,6196aa0d-bf34-4ddb-9888-68658996e78f,1,663.485632
3184,188850,188851,Trib. Willamette River,CREEK,ACT,42-490,395f2565-b128-442e-a594-c89a46fb22d5,1,49.43313017
3185,188852,188853,Turnage Brook (Trib Willamette R.),CREEK,ACT,30-476,4d102c90-6d49-4444-a94f-9caa23a5afed,1,11.29129278
3186,77508,41746,Turnage Brook (Trib Willamette R.),CREEK,ACT,30-476,430308a4-c574-437c-89a4-fd7fe606c2d9,1,12.94433535
3187,37852,36929,Turnage Brook (Trib Willamette R.),CREEK,ACT,30-474,3d7827ba-cecf-4b59-b36f-ffdd2eeb5572,1,68.4208607
3188,36929,37853,Turnage Brook (Trib Willamette R.),CREEK,ACT,30-474,9a671453-5560-438b-95be-26a5c9669fb0,1,11.87235146
3189,37853,36930,Turnage Brook (Trib Willamette R.),CREEK,ACT,30-474,4f06e27b-f9a3-4ac8-a95f-0f3f6f28325d,1,23.99480473
3190,37854,36931,Turnage Brook (Trib Willamette R.),CREEK,ACT,30-474,288c58a2-9459-4716-9c6f-23204a51440d,1,178.690266
3191,36931,37855,Turnage Brook (Trib Willamette R.),CREEK,ACT,30-474,5553e802-2695-4f62-9906-3f9bda8f57f7,1,75.4230523
3192,36928,37852,Turnage Brook (Trib Willamette R.),CREEK,ACT,30-474,4bd57974-5204-4320-8178-f2f9b3ed9a61,1,37.42239247
3193,36930,37854,Turnage Brook (Trib Willamette R.),CREEK,ACT,30-474,5c97cd86-d333-4479-aade-4dd215a1ad8d,1,20.03129244
3194,15231,15392,Turnage Brook (Trib Willamette R.),CREEK,ACT,33-474,e36b6436-157f-4d9b-aab7-71301e13c57f,1,102.0564746
3195,15392,188854,Turnage Brook (Trib Willamette R.),CREEK,ACT,33-474,b00c4997-396e-424a-9ee1-1d6d77934620,1,403.7830309
3196,188854,188855,Turnage Brook (Trib Willamette R.),CREEK,ACT,33-474,a8ebb695-6613-4a82-b917-a32b3b98b505,1,10.44569628
3197,37879,36955,Turnage Brook (Trib Willamette R.),CREEK,ACT,33-474,769639ef-f3ec-4fe9-b974-bc0372d89b63,1,32.20889343
3198,39431,39432,Turnage Brook (Trib Willamette R.),CREEK,ACT,33-472,97762d33-0e2c-4216-aa3e-003d996677b5,1,30.18868197
3199,37333,38257,Turnage Brook (Trib Willamette R.),CREEK,ACT,33-472,388cf26a-35a5-4889-a382-587b95db886d,1,283.3087489
3200,39427,39428,Turnage Brook (Trib Willamette R.),CREEK,ACT,33-472,b6f7181c-b5dd-4538-86e1-ef641e8295b2,1,43.76844342
3201,18463,18485,College Swale (Trib Willamette R.),CREEK,ACT,30-470,932c4734-11f0-4c30-8da8-ed56e45a84d2,1,39.78126103
3202,41426,18351,College Swale (Trib Willamette R.),CREEK,ACT,30-470,790aa604-6b6c-4185-877e-26f1e9f90e0b,1,26.52978147
3203,37181,38290,College Swale (Trib Willamette R.),CREEK,ACT,30-470,840cef71-fb76-4f3f-8408-11793866688b,1,177.8392913
3204,18351,18463,College Swale (Trib Willamette R.),CREEK,ACT,30-470,bbb2ddb4-7341-43e7-a5df-f48b25ba26bc,1,238.7123086
3205,18485,18549,College Swale (Trib Willamette R.),CREEK,ACT,30-470,7f5ba250-0303-4a84-acfc-082c1b12be9e,1,151.0005377
3206,18549,18660,College Swale (Trib Willamette R.),CREEK,ACT,30-470,ed14d692-9600-41f7-973e-7e03a910a83f,1,259.9998261
3207,119522,105634,Power Station Swale (Trib Willamette R.),CREEK,ACT,27-474,b615f533-4073-4434-a3bc-0eefa12954b1,1,23.16032296
3208,105634,117826,Power Station Swale (Trib Willamette R.),CREEK,ACT,27-474,8c091e95-8a2e-4df9-9a68-aedca569cee6,1,41.00404023
3209,188857,70139,Power Station Swale (Trib Willamette R.),CREEK,ACT,27-472,cb1ccd1d-3954-45c5-a3f5-3c67b0bc9f0b,1,607.2002106
3210,188859,24205,Grey Oak Brook (Trib. Willamette R.),CREEK,ACT,30-462,08568e4c-935b-4035-8c1b-b2528aab4528,1,667.1992004
3211,188858,188859,Grey Oak Brook (Trib. Willamette R.),CREEK,ACT,30-462,9eea2270-1aa5-45c9-995d-8d62db55697e,1,60.50482622
3212,24205,24138,Grey Oak Brook (Trib. Willamette R.),CREEK,ACT,30-462,799bfa9b-42f7-4255-bc76-df09762d1c95,1,75.95275122
3213,23668,23680,Grey Oak Brook (Trib. Willamette R.),CREEK,ACT,30-462,1afd5b3c-878d-4ca6-ac59-e3400dd5d585,1,76.3135096
3214,23695,23668,Grey Oak Brook (Trib. Willamette R.),CREEK,ACT,30-462,1ccb6730-6448-4b5c-b169-4697b05d7499,1,38.30344086
3215,23741,23747,Grey Oak Brook (Trib. Willamette R.),CREEK,ACT,30-462,c705ab41-fdeb-4d13-97d1-2877ee2bf690,1,66.13110566
3216,23721,23734,Grey Oak Brook (Trib. Willamette R.),CREEK,ACT,30-462,fa617c24-880c-4b56-858d-6810c61ef100,1,244.1457562
3217,37408,38332,Grey Oak Brook (Trib. Willamette R.),CREEK,ACT,30-462,5f4c3e2e-8fa9-4d63-8dd1-0d1a36131f3a,1,59.51557106
3218,10135,121364,Trib. Willamette River,CREEK,ACT,39-478,53aee009-f380-41bc-a0ee-97a2725e56a0,1,1882.158382
3221,188855,37879,Turnage Brook (Trib Willamette R.),CREEK,ACT,33-474,95f43f7a-3184-4b51-8841-8c7c55130f7f,1,770.2471951
3223,37855,15231,Turnage Brook (Trib Willamette R.),CREEK,ACT,30-474,c33c0d4b-2821-4288-84f3-74b745d8695e,1,242.0974344
3224,54457,37181,College Swale (Trib Willamette R.),CREEK,ACT,30-470,b87c724e-807c-4011-b6e7-156237b8a30d,1,3118.607558
3226,39410,39411,Willamette River,RIV,ACT,33-496,7efe920c-321b-4980-bb1f-80276ce38c4c,1,88320.86086
3228,38257,39427,Turnage Brook (Trib Willamette R.),CREEK,ACT,33-472,f1cfa770-253d-41bd-99dc-02bb962a8ed2,1,1015.81308
3229,24138,23695,Grey Oak Brook (Trib. Willamette R.),CREEK,ACT,30-462,0b9f73cd-df5f-4d0c-8707-a22cea7b3782,1,555.5587748
3230,117826,188857,Power Station Swale (Trib Willamette R.),CREEK,ACT,27-472,fba35712-8225-46ce-906f-da6186af81b6,1,2323.924498
3232,188851,76856,Trib. Willamette River,CREEK,ACT,42-490,842ee9f6-0618-4aa7-bb08-41bc09a6a5e4,1,6192.836599
3233,78459,188858,Grey Oak Brook (Trib. Willamette R.),CREEK,ACT,30-462,6e54d2cc-2de3-495b-8835-2b87dcbd2af2,1,2506.965241
3234,14192,36928,Turnage Brook (Trib Willamette R.),CREEK,ACT,30-474,bd811f43-9307-432c-b50a-880166bff310,1,431.444292
3235,14583,119522,Power Station Swale (Trib Willamette R.),CREEK,ACT,27-474,45d55f48-9a3d-4770-bb72-21d75d252cf2,1,638.9105314
3236,121365,7660,Trib. Willamette River,CREEK,ACT,39-480,91998fdf-7cf5-40b4-ac80-8037f358caad,1,63.7378964
3239,137022,37333,Turnage Brook (Trib Willamette R.),CREEK,ACT,33-472,bf99a49a-b7c2-4016-97d2-b41558418783,1,15.70743518
3241,121364,121365,Trib. Willamette River,CREEK,ACT,39-480,f6e3cb5d-6639-416b-8c2a-5853d59d070f,1,71.29754448
3242,189186,189190,Willamette Slough,CREEK,ACT,24-468,698fcf02-d218-42eb-866d-cddc1425fd8c,1,931.4541792
3243,189197,189196,Willamette Slough,CREEK,ACT,24-466,f9645a96-66a1-4c32-85e6-241598530bfd,1,659.2033496
3244,189189,40052,Willamette Slough,CREEK,ACT,27-466,799be7e9-042b-4ce2-a033-da99265c6ae1,1,166.1179734
3245,189199,189189,Willamette Slough,CREEK,ACT,27-466,a4f94ba2-448f-4127-9816-75a4e5e4a754,1,444.2350434
3246,189192,189199,Willamette Slough,CREEK,ACT,27-468,fbf24a7d-084d-4a36-bb4e-6db72fc21212,1,309.1368866
3247,189196,189198,Willamette Slough,CREEK,ACT,27-468,7c4df5e5-e61d-4a11-b006-1624c5735710,1,61.125
3248,189194,189191,Willamette Slough,CREEK,ACT,27-468,c9580ddb-68bd-4521-9546-12019d4e68ef,1,263.7918775
3249,189185,189184,Willamette Slough,CREEK,ACT,24-468,507bfd4d-6f4f-4124-b600-11d96cc789af,1,442.1060782
3250,189193,189197,Willamette Slough,CREEK,ACT,24-466,5f7cf4b1-8702-4f75-a6be-a0b6a0e7209a,1,230.7144818
3251,189198,189195,Willamette Slough,CREEK,ACT,27-468,6d64db50-1dc7-4c9f-a9fc-a936588465a3,1,122.6434444
3252,189195,189194,Willamette Slough,CREEK,ACT,27-468,afe97587-3658-41a7-bf21-fa3bfb181fe7,1,42.81187703
3253,21563,189203,Willamette Slough East,CREEK,ACT,33-468,5c8e1c58-e12d-4351-9fc3-f1af6d82ceb3,1,1693.760356
3254,189203,189204,Willamette Slough East,CREEK,ACT,33-468,2e0ef6e8-41d7-436f-8c12-1547df535fba,1,16.69746158
3255,21572,21563,Willamette Slough,CREEK,ACT,30-466,b439b132-2c60-494e-aaf5-d6690f500119,1,711.8414593
3256,40050,40051,Willamette Slough,CREEK,ACT,33-470,a0b7125e-4f2a-43fc-ad30-31021342fe3d,1,24.65205347
3257,189205,68216,North Gibson Swale (Trib. Glenn Creek),CREEK,ACT,,77183493-9c26-47ad-b664-c51289db6fe0,1,1520.70854
3258,189207,188563,Eagle Crest Swale (Trib. Glenn Creek),CREEK,ACT,21-486,44601cfb-bdf9-41f2-840c-03e94f79c4f3,1,1054.469202
3259,189206,189207,Eagle Crest Swale (Trib. Glenn Creek),CREEK,ACT,21-484,c3b7ddb3-a43b-440a-ae78-6ea6e4cb1c20,1,76.95625787
3260,189208,183096,Trib. Battle Creek,CREEK,ACT,,9e813e7c-8e56-4419-9421-8ff5db6cfcb9,1,2136.120155
3261,189209,182787,Trib. Battle Creek,CREEK,ACT,27-442,3b7f515a-7726-43af-bee5-1467416c329d,1,2962.522862
3262,10165,10176,Trib. Willamette River,CREEK,ACT,39-478,2001a12c-46ba-4530-b479-a55ea313b943,1,439.9281035
3263,10176,10135,Trib. Willamette River,CREEK,ACT,39-478,bb7bae06-0454-4724-9999-0b8cdcb5abea,1,30.37484945
3264,22429,189210, ,CREEK,,57-464,986c42bc-f657-49f6-8d89-06a729918582,1,216.9988239
3265,189210,189211,Trib. Mill Creek,CREEK,ACT,57-464,47ffbce3-2e06-4b7f-aba4-3ee03424f8c3,1,189.7842776
3266,189211,189212,Trib. Mill Creek,CREEK,ACT,57-464,e00beb8c-cec6-446b-8fc0-9ecc3707f1f9,1,15.68134117
3267,69810,69811,Trib. Mill Creek,CREEK,ACT,54-466,34b7a40f-87ba-4ba5-b4ca-bd521ab85c9c,1,136.6321626
3268,69812,69813,Trib. Mill Creek,CREEK,ACT,54-466,ceb9f9d4-cf05-4d2b-ad5b-f0ed7de87eec,1,22.96838993
3269,69520,69521,Trib. Mill Creek,CREEK,ACT,54-466,03dc009e-2bdc-4410-96fa-d70bec1b40bd,1,24.10946926
3270,69511,69510,Trib. Mill Creek,CREEK,ACT,54-466,f59fcc1b-e79b-47e1-9082-42056124f8db,1,262.7000428
3271,59577,43582,Trib. Mill Creek,CREEK,ACT,51-470,717cbb7b-53d9-40a6-bce7-e7a4113c52b6,1,56.01169042
3272,59576,59577,Trib. Mill Creek,CREEK,ACT,51-470,8d408b9d-ad25-4dd8-8ac1-d613ccaeb34f,1,58.16813378
3273,43582,43583,Trib. Mill Creek,CREEK,ACT,51-470,39cce677-03af-4093-966c-d0e326e8ef2e,1,100.2781096
3274,43584,43585,Trib. Mill Creek,CREEK,ACT,51-470,356f5474-b785-4dc4-ba76-e62a5c3885bb,1,82.4373102
3275,43607,43608,Trib. Mill Creek,CREEK,ACT,51-470,780d5353-326a-46e5-9774-53fa3135eb27,1,56.66506194
3276,25608,25321,Middle Fork Pringle Creek,CREEK,ACT,48-460,c4aeac87-7d18-4236-a5de-35178dc7d352,1,427.5529933
3277,38290,41426,College Swale (Trib Willamette R.),CREEK,ACT,30-470,14f64504-8b0c-42f5-a38e-dc265c6fbb95,1,14.74836553
3278,38236,24601,Pettyjohn Creek (Trib. Willamette R.),CREEK,ACT,24-462,64e1ade4-b65a-4a3d-9a73-2277ae812118,1,2422.984453
3279,189202,21572,Willamette Slough,CREEK,ACT,30-466,f60ab03b-92c1-4164-aa86-3745614d5beb,1,2403.301529
3280,21413,21563,,CREEK,ACT,30-464,8c789589-3b02-4dc9-81e6-d53a3f15440d,1,705.4219622
3284,37745,79100,Laurel Creek (Trib. Willamette R.),CREEK,ACT,27-462,00fdf93d-ec03-406b-b21b-75061bf9df3e,1,199.6651582
3285,40054,21916,Grey Oak Brook (Trib. Willamette R.),CREEK,ACT,30-464,86bb2200-c06c-48c8-8189-e91371ab1697,1,1904.528982
3286,23591,53819,Grey Oak Brook (Trib. Willamette R.),CREEK,ACT,30-462,02f534ef-45e2-4dbc-bdb0-e1a33b6713b6,1,1332.004732
3287,189181,189182,Pettyjohn Creek (Trib. Willamette R.),CREEK,ACT,30-464,343e21b8-55bf-4971-88ec-97d0a10dcb56,1,1599.264686
3288,189204,40050,Willamette Slough East,CREEK,ACT,33-468,5680c940-7127-47df-a81c-a9b178edd3ff,1,3142.948546
3289,22727,22621,East Fork Pringle Creek,CREEK,ACT,48-464,fecc6358-51ed-4ce6-9a44-91a826380430,1,113.5674635
3290,22754,22727,East Fork Pringle Creek,CREEK,ACT,48-464,7fc18114-041a-4637-84ad-33da75ef8cfb,1,372.6530158
3291,188865,23907,Laurel Creek (Trib. Willamette R.),CREEK,ACT,27-462,c7df4eb1-16e4-4f00-99c4-8dfec5ead90d,1,424.3606835
3293,23337,188860,Grey Oak Brook (Trib. Willamette R.),CREEK,ACT,30-462,c2e6d59d-be6e-4901-86ca-3c4d0ab94975,1,418.1246563
3294,189177,189178,Pettyjohn Creek (Trib. Willamette R.),CREEK,ACT,27-462,317d029f-f71f-483d-893e-24aa1cd10ad7,1,1018.432951
3295,189215,59576,Trib. Mill Creek,CREEK,ACT,51-470,81355fd8-90da-4799-8eb8-f6f8c513c044,1,530.1339145
3296,189173,189174,Pettyjohn Creek (Trib. Willamette R.),CREEK,ACT,27-462,4e51007d-e0e9-4fc9-a037-51368f71aee8,1,601.4968247
3297,47438,37312,Pettyjohn Creek (Trib. Willamette R.),CREEK,ACT,24-460,c5750612-fba7-46d5-9682-7d9e5b2b9dfb,1,957.0065015
3298,56075,47439,Pettyjohn Creek (Trib. Willamette R.),CREEK,ACT,24-460,5f9f2575-1ffb-4eef-89c2-9ca21003eb07,1,940.5994044
3299,188613,47730,Pettyjohn Creek (Trib. Willamette R.),CREEK,ACT,24-460,ee6cbd1f-15cf-43b5-95eb-efe5d56c7731,1,1625.734947
3300,47736,26534,Chambers Swale (Trib. Willamette R.),CREEK,ACT,21-460,a8487b38-eb4d-4884-a99b-b3d1b41be267,1,424.3019063
3301,188618,188619,Chambers Swale (Trib. Willamette R.),CREEK,ACT,21-460,72f91ffc-f691-4183-9abc-b66bc3300e93,1,904.9225362
3302,188602,188603,Gibson Creek (Trib. Glenn Creek),CREEK,ACT,33-486,b6af121c-3a7f-4936-a753-919a45ee93b3,1,1372.011275
3303,38255,51636,Glenn Creek,CREEK,ACT,36-486,bf11b20b-703d-4a58-b780-cded75e5f60b,1,2383.410777
3304,188233,37331,Glenn Creek,CREEK,ACT,36-484,6f005f4b-e6f9-486e-9bee-1c361dcd64fb,1,1425.439397
3305,4702,107250,Goldcrest Brook (Trib. Glenn Creek),CREEK,ACT,36-482,07d94777-3956-4f6f-9d2b-4740f893996b,1,1641.217009
3306,26560,56075,Chambers Swale (Trib. Willamette R.),CREEK,ACT,24-460,34a846f7-60e0-4501-825e-2aefe009b7cc,1,87.13107105
3307,189212,69511,Trib. Mill Creek,CREEK,ACT,57-464,1c200c97-cd95-48aa-8b80-0abbabea5953,1,2361.215274
3308,69521,69519,Trib. Mill Creek,CREEK,ACT,54-466,d13a71b7-b0a7-4683-960d-7a89ae4759e3,1,431.0113315
3309,69811,69520,Trib. Mill Creek,CREEK,ACT,54-466,535ce762-10aa-41a0-b91d-915a61a3b44f,1,135.8603617
3310,69813,69810,Trib. Mill Creek,CREEK,ACT,54-466,202213b0-4290-4384-a4c1-e053db80829e,1,313.3890936
3311,69814,69812,Trib. Mill Creek,CREEK,ACT,54-466,a85d1117-8e73-47e2-b5f7-9347989db9ee,1,348.9833663
3312,23370,37009,Laurel Creek (Trib. Willamette R.),CREEK,ACT,27-462,0098269c-a58b-4b22-917f-fc084285f855,1,76.2404171
3313,37933,36821,Laurel Creek (Trib. Willamette R.),CREEK,ACT,27-462,f904c32e-3236-42ea-bd56-72c137825df7,1,47.93350549
3314,79100,79101,Laurel Creek (Trib. Willamette R.),CREEK,ACT,27-464,5d39db11-fd77-44a5-a4b1-6f6eb1cdbc53,1,13.25682885
3315,38235,79101,Pettyjohn Creek (Trib. Willamette R.),CREEK,ACT,27-464,e2ffa40b-13f0-4970-8e06-0086489d8015,1,8.622058785
3316,79102,79099,Pettyjohn Creek (Trib. Willamette R.),CREEK,ACT,27-464,e2b7aada-d28c-4b4a-8476-b1f1b4f4e7cd,1,9.302939421
3318,38332,23576,Grey Oak Brook (Trib. Willamette R.),CREEK,ACT,30-462,4b711f0a-1ca6-4302-88d7-8f064d780eaf,1,165.0173721
3320,89017,183096,South Fork Battle Creek,CREEK,ACT,,27a19d2e-e187-41b8-86a6-d40e3fc3b472,1,819.704621
3321,183096,182847,South Fork Battle Creek,CREEK,ACT,,2ea1b351-f0d7-4ad9-a872-46d05ef596db,1,1176.764369
3322,182787,183097,South Fork Battle Creek,CREEK,ACT,,992b8ce4-94f1-4b40-855b-d98b8ef9f4b1,1,481.6907118
3323,107250,37332,Goldcrest Brook (Trib. Glenn Creek),CREEK,ACT,36-482,85b45dd4-8169-4725-ab3f-c94b389a7933,1,8.480430325
3324,182786,182787,South Fork Battle Creek,CREEK,ACT,,9b9d16dc-09de-4a0f-88ad-6e0462f1fc02,1,20.86044757
3325,36789,37713,West Middle Fork Pringle Creek,CREEK,ACT,48-460,bbd1e43e-62ec-4307-9f32-ee8b4f0f74b8,1,104.9531932
3326,37341,38265,East Fork Pringle Creek,CREEK,ACT,48-464,32a716e9-a2db-459c-9f25-e4ad878fbbe7,1,66.73863323
3327,36973,37897,East Fork Pringle Creek,CREEK,ACT,48-464,c6d000c4-b469-453f-b15d-8e3b0d5bea46,1,34.01098697
3328,20586,20576,East Fork Pringle Creek,CREEK,ACT,45-466,537ba3a0-a09c-4bd0-a436-05b2d27b89ee,1,39.94970213
3329,4699,4702,Goldcrest Brook (Trib. Glenn Creek),CREEK,ACT,36-482,eed995a2-4351-496c-9810-7138ea155c50,1,36.93349524
3330,188232,188233,Glenn Creek,CREEK,ACT,36-484,d25da744-5446-40ef-9103-9ede8a6933c5,1,39.69773468
3331,37331,38255,Glenn Creek,CREEK,ACT,36-486,a0b4ff3b-b92d-4a87-b7cd-8044bb62ccf3,1,36.06157745
3332,51636,51637,Glenn Creek,CREEK,ACT,36-486,a9fdd231-a25d-4c17-b477-2db9fccbb2e8,1,35.03650593
3333,188562,189206,Eagle Crest Swale (Trib. Glenn Creek),CREEK,ACT,21-484,ff798181-2aa1-4aa8-a8fc-1976ef99db08,1,2095.62073
3334,188563,188564,Eagle Crest Swale (Trib. Glenn Creek),CREEK,ACT,21-486,58aec8fe-a994-4c2e-9edf-94c2169b603e,1,26.58434439
3335,188601,188602,Gibson Creek (Trib. Glenn Creek),CREEK,ACT,33-486,5b64ba00-901d-4e18-b407-44346420baa2,1,12.15269029
3336,188603,188604,Gibson Creek (Trib. Glenn Creek),CREEK,ACT,33-486,cfac3c4d-0d3e-497e-b6d4-206bb73d9054,1,5.985129811
3337,40055,40054,Grey Oak Brook (Trib. Willamette R.),CREEK,ACT,30-464,7956e263-f80d-442c-beeb-97620e950be6,1,16.88792528
3338,188864,188862,Laurel Creek (Trib. Willamette R.),CREEK,ACT,27-462,beea52ae-757c-490b-89fe-f0dd57dba9f6,1,2168.12303
3339,188861,188864,Laurel Creek (Trib. Willamette R.),CREEK,ACT,27-460,dc54ba00-c9c3-4670-a475-abfc6ccd2dfc,1,364.3909588
3340,24563,188865,Laurel Creek (Trib. Willamette R.),CREEK,ACT,27-462,8310307d-696f-4860-860b-9a1e97f42f0e,1,373.5251568
3341,37009,37933,Laurel Creek (Trib. Willamette R.),CREEK,ACT,27-462,e7c8c56c-3cdc-42a7-8923-c017da6f066f,1,23.67649249
3342,36821,37745,Laurel Creek (Trib. Willamette R.),CREEK,ACT,27-462,11252a81-01d7-4d43-8739-7c627b06c8e3,1,27.05002327
3343,188612,188860,Laurel Creek (Trib. Willamette R.),CREEK,ACT,30-464,02fa70ee-941b-4885-a0a9-50beccde8af6,1,438.0766119
3344,56074,188614,Pettyjohn Creek (Trib. Willamette R.),CREEK,ACT,24-460,ad0da8e0-67a0-4610-881d-b9f68bb28741,1,1382.293585
3345,51637,188627,Glenn Creek,CREEK,ACT,33-490,3e9a771c-ccc4-4253-ab46-d4b763389136,1,1049.390291
3346,188627,188628,Glenn Creek,CREEK,ACT,33-490,edc2cc3d-4ac1-4147-8c01-6e3eba892906,1,26.93620621
3347,53819,23337,Grey Oak Brook (Trib. Willamette R.),CREEK,ACT,30-462,fec1c1d9-82ca-4e21-b523-ab0733d61e65,1,110.0894743
3348,188860,40055,Grey Oak Brook (Trib. Willamette R.),CREEK,ACT,30-462,48e40933-3e44-4add-bf49-9d59a8601758,1,344.8736776
3349,188614,188613,Pettyjohn Creek (Trib. Willamette R.),CREEK,ACT,24-460,a14e9de3-98c6-4b0a-98a9-526e537fabf6,1,40.11788751
3350,188615,188616,Riverdale Swale (Trib. Willamette R.),CREEK,ACT,21-458,29f75ebe-a67d-4fc9-a82c-877e6e42b132,1,1864.849031
3351,188616,188617,Riverdale Swale (Trib. Willamette R.),CREEK,ACT,21-458,09faa889-6072-41a2-8952-e90ffd57d145,1,48.80816394
3352,188617,188613,Riverdale Swale (Trib. Willamette R.),CREEK,ACT,21-458,80ee296e-178e-496b-b9ec-8e515cb2368b,1,335.4981727
3353,47730,47731,Pettyjohn Creek (Trib. Willamette R.),CREEK,ACT,24-460,9950d49f-d7a8-44ac-bdb4-ebdb46641246,1,42.54967748
3354,24550,188618,Chambers Swale (Trib. Willamette R.),CREEK,ACT,21-460,99ee4808-bd56-48e0-9141-0a31990871f1,1,226.0260287
3355,188620,47739,Chambers Swale (Trib. Willamette R.),CREEK,ACT,21-460,95fce48e-6d13-4e85-b028-5e096374503d,1,97.45380294
3356,188619,188620,Chambers Swale (Trib. Willamette R.),CREEK,ACT,21-460,2a2e5893-826c-497a-bd6f-a56a850997e9,1,96.872683
3357,47739,47738,Chambers Swale (Trib. Willamette R.),CREEK,ACT,21-460,0f32ecc2-3835-4e89-8726-ab83e04b2f60,1,36.8411811
3358,26162,26226,Chambers Swale (Trib. Willamette R.),CREEK,ACT,21-460,7b98f021-6ff7-4398-9fbd-e7f344aeecc6,1,83.55915923
3359,47737,47736,Chambers Swale (Trib. Willamette R.),CREEK,ACT,21-460,df61af34-59a6-4805-a685-175a477f49d9,1,20.30954284
3360,26551,26560,Chambers Swale (Trib. Willamette R.),CREEK,ACT,24-460,1f843092-d6af-4bfc-b673-219f1289cd51,1,43.10587263
3361,26534,26551,Chambers Swale (Trib. Willamette R.),CREEK,ACT,24-460,a46863d3-df2d-4972-b9f0-e6884724abaf,1,34.17831011
3362,47439,47438,Pettyjohn Creek (Trib. Willamette R.),CREEK,ACT,24-460,3f8163ac-91f2-4a57-b956-5bfbc9afb41a,1,21.55437762
3363,47731,56075,Pettyjohn Creek (Trib. Willamette R.),CREEK,ACT,24-460,c1497050-1c28-4dba-b997-e87882e840d9,1,169.281632
3364,37312,38236,Pettyjohn Creek (Trib. Willamette R.),CREEK,ACT,24-460,f7734812-e0c5-4846-a992-61cd0dc00f3d,1,80.89506651
3365,24593,24528,Pettyjohn Creek (Trib. Willamette R.),CREEK,ACT,27-462,f2b117f2-2044-4aab-acdd-25d21f7e0849,1,65.09486852
3366,24590,24532,Pettyjohn Creek (Trib. Willamette R.),CREEK,ACT,27-462,fa982b8a-dbee-4c81-8d1a-b4f461bc71e1,1,62.61780525
3367,24519,189170,Pettyjohn Creek (Trib. Willamette R.),CREEK,ACT,27-462,ff16d4aa-1527-4923-bb38-3b73c7148e59,1,719.6028785
3368,189170,189171,Pettyjohn Creek (Trib. Willamette R.),CREEK,ACT,27-462,7a6b1b75-d67f-4d7f-879b-55de05d4150f,1,5.325733742
3369,189171,189172,Pettyjohn Creek (Trib. Willamette R.),CREEK,ACT,27-462,9f8d229a-f0c7-4d0e-88a1-0ad5bd49964a,1,28.3433419
3370,189172,189173,Pettyjohn Creek (Trib. Willamette R.),CREEK,ACT,27-462,dad146a5-c7cf-4216-a71f-01db84f718d4,1,25.21034718
3371,189175,40056,Pettyjohn Creek (Trib. Willamette R.),CREEK,ACT,27-462,5fd3bc2d-15ee-410d-b663-0cf239f817d2,1,202.0749566
3372,189174,189175,Pettyjohn Creek (Trib. Willamette R.),CREEK,ACT,27-462,19f12c31-6763-4ea2-a82c-a0076a9dafe4,1,16.62416804
3373,40057,189176,Pettyjohn Creek (Trib. Willamette R.),CREEK,ACT,27-462,07b7541b-52d1-4cca-b6ba-2708b6d76dc7,1,369.5957387
3374,189176,189177,Pettyjohn Creek (Trib. Willamette R.),CREEK,ACT,27-462,93098ca2-6e60-44f5-8159-aa1e2f21cb71,1,7.403988535
3375,189179,79102,Pettyjohn Creek (Trib. Willamette R.),CREEK,ACT,27-462,effd88df-9c18-4eec-adab-2643b40f0ccd,1,932.805664
3376,189178,189179,Pettyjohn Creek (Trib. Willamette R.),CREEK,ACT,27-462,3086789d-e30f-4c5a-9cba-c0c36313a5b6,1,13.69033831
3377,37311,38235,Pettyjohn Creek (Trib. Willamette R.),CREEK,ACT,27-464,f7f0791d-3089-462c-be12-e71ea906cf96,1,59.41047631
3378,79101,189180,Pettyjohn Creek (Trib. Willamette R.),CREEK,ACT,30-464,82f1f5ae-f58e-48f7-98fa-f1af3163f6c1,1,257.1117537
3379,189180,189181,Pettyjohn Creek (Trib. Willamette R.),CREEK,ACT,30-464,8efc90db-2e5f-4f49-9d0f-203bf09d1617,1,21.31087621
3380,189183,21572,Pettyjohn Creek (Trib. Willamette R.),CREEK,ACT,30-464,7fafc60b-38e1-4799-842f-d0068d06bc61,1,713.8581296
3381,189182,189183,Pettyjohn Creek (Trib. Willamette R.),CREEK,ACT,30-464,d2f0516b-0c8d-4c45-b4d2-ca975638c902,1,10.64985477
3382,189187,189193,Willamette Slough,CREEK,ACT,24-466,22a54c20-f5ca-45b5-84f0-eaa91691b99c,1,59.5151598
3383,189188,189192,Willamette Slough,CREEK,ACT,27-466,ab826f4d-8385-4884-8c2b-7a993a283f9e,1,53.07438766
3384,189191,189186,Willamette Slough,CREEK,ACT,27-468,cfe62ffa-465a-4704-b5eb-844787f1cfe7,1,54.10526351
3385,189190,189185,Willamette Slough,CREEK,ACT,24-468,8c27ac62-3f03-4386-9963-3cac4afb5a0a,1,88.93908753
3386,189200,189187,Willamette Slough,CREEK,ACT,24-466,d610426c-ca8d-4690-a313-fbf3b63b057f,1,1448.590247
3388,9191,9121,Trib. Claggett Creek (Trib. Willamette R.),CREEK,ACT,57-478,01f21dbd-6494-4407-977c-dded5977edbe,1,60.51309804
3389,9121,8833,Trib. Claggett Creek (Trib. Willamette R.),CREEK,ACT,57-478,f6d3a252-a018-4817-89b0-0cfa0c3685ec,1,157.6763733
3390,9228,9191,Trib. Claggett Creek (Trib. Willamette R.),CREEK,ACT,57-478,e8cf9984-5fca-457f-b025-48600dff5a39,1,199.0892908
3391,8291,8154,Trib. Claggett Creek (Trib. Willamette R.),CREEK,ACT,57-478,dca2eaf6-2b57-4bbf-a742-34e4d8ed8ebd,1,175.8911049
3392,6507,6508,Trib. Claggett Creek (Trib. Willamette R.),CREEK,ACT,57-480,50efa07f-e7c7-41fd-a440-46c88fa0617d,1,17.31938349
3393,6416,5713,Trib. Claggett Creek (Trib. Willamette R.),CREEK,ACT,57-480,95b8e21f-ba98-42e0-bfc4-0b79cf4e5559,1,652.8490209
3394,189490,189491,Claggett Creek ,CREEKINT,ACT,57-484,a4d94653-8e7a-42cd-9097-cf6cee0b862c,1,5.907917511
3395,6514,6416,Trib. Claggett Creek (Trib. Willamette R.),CREEK,ACT,57-480,d9ccc2fe-160b-48ce-8469-06eef51636cd,1,129.8297899
3396,6512,6514,Trib. Claggett Creek (Trib. Willamette R.),CREEK,ACT,57-480,936bb044-38d7-4dce-a856-b759a287d0db,1,121.8747571
3397,189491,189492,Claggett Creek ,CREEKINT,ACT,57-484,c0ab17b5-2da2-4159-b5e7-0f64dd54c244,1,56.53472174
3398,5312,189490,Trib. Claggett Creek (Trib. Willamette R.),CREEKINT,ACT,57-484,05ada0bb-d96b-42b5-918f-8f68a1f1b91a,1,991.9144507
3399,5713,5667,Trib. Claggett Creek (Trib. Willamette R.),CREEK,ACT,57-482,ae869d86-a8b8-4df9-ac5e-8073936b16f2,1,60.85399983
3400,189493,189494,Trib. Claggett Creek (Trib. Willamette R.),CREEKINT,ACT,57-484,9e13ae57-d3a6-48ee-99e2-3782dafc6215,1,295.8231754
3401,5667,189216,Trib. Claggett Creek (Trib. Willamette R.),CREEK,ACT,57-482,ff3528f5-21fc-49f6-9261-1f2061bde29a,1,463.2531204
3402,189495,189496,Trib. Claggett Creek (Trib. Willamette R.),CREEKINT,ACT,57-484,7320214c-9d7b-4c9a-b1fd-4f71839e70fe,1,519.3550073
3403,189492,189493,Trib. Claggett Creek (Trib. Willamette R.),CREEKINT,ACT,57-484,629009c0-827a-4b30-ac2d-3764ce6a5706,1,6.694937635
3404,189494,189495,Trib. Claggett Creek (Trib. Willamette R.),CREEKINT,ACT,57-484,3d68020b-b6d1-4137-ac6d-eeec30271197,1,58.4568685
3405,98932,98930,Trib. Claggett Creek (Trib. Willamette R.),CREEK,ACT,57-484,a8e7aeb0-b5c5-4110-a761-025eaeb4805a,1,3.402127881
3406,189496,189497,Trib. Claggett Creek (Trib. Willamette R.),CREEKINT,ACT,57-484,bcc47de0-1547-4089-a6a2-09a698092e74,1,92.3401636
3407,189497,98932,Trib. Claggett Creek (Trib. Willamette R.),CREEKINT,ACT,57-484,1282b5ce-9f4b-40c2-ba6c-d03a74dc083c,1,402.0987799
3408,189216,5312,Claggett Creek,CREEK,ACT,57-482,24145b5e-48fc-44ab-a70e-f999dd818c5e,1,8.186910666
3409,98931,189498,Trib. Claggett Creek (Trib. Willamette R.),CREEKINT,ACT,57-484,81a76277-22b6-478d-8d43-7c25a4d156bd,1,313.1179408
3410,189498,189500,Trib. Claggett Creek (Trib. Willamette R.),CREEKINT,ACT,57-484,bec850fe-c11d-4e48-a809-d8fc627a73f8,1,573.5973974
3411,189500,189501,Trib. Claggett Creek (Trib. Willamette R.),CREEKINT,ACT,57-484,3528a25f-8e47-4ad8-9325-2ad07818fe8c,1,34.375
3412,189502,189503,Trib. Claggett Creek (Trib. Willamette R.),CREEK,ACT,57-484,db3bc7ec-7431-4d91-bf8e-df813134091b,1,510.320214
3413,189501,189504,Trib. Claggett Creek (Trib. Willamette R.),CREEKINT,ACT,57-484,df6f9fb3-0c0d-4247-a5df-b147bfa9494f,1,693.1244616
3414,3229,189810,,CREEK,,54-484,3ba95ced-ba91-4083-ae0e-586127eea680,1,9.620522509
3415,189810,189811,,CREEK,,54-484,32dab94a-3ba5-4c2c-b908-0c03caba8715,1,280.6580271
3416,3230,189810,,CREEK,,54-484,a31f7fe5-8950-42fd-907f-f51e71a667bb,1,8.86382328
3417,189811,189812,,CREEK,,54-484,b1035889-81a7-4f2b-b37a-677928d12c5c,1,49.48318003
3418,189504,189505,Trib. Claggett Creek (Trib. Willamette R.),CREEKINT,ACT,57-484,7e9ce28e-4a9e-4531-93c4-b0484501356a,1,215.170511
3419,189505,189813,Trib. Claggett Creek (Trib. Willamette R.),CREEKINT,ACT,57-484,326fab33-9028-4488-9968-36fb202f3a82,1,620.1610415
3420,189812,189813,,CREEK,,57-484,1b9aaa39-9f3e-4bd2-bf7a-796e2285db38,1,216.8064455
3421,189823,81335,Trib. Claggett Creek (Trib. Willamette R.),CREEK,ACT,54-486,dee2f867-978c-45fd-8bc1-6b2cca1aa191,1,190.1891617
3422,189822,189823,Trib. Claggett Creek (Trib. Willamette R.),CREEK,ACT,54-486,dfd37099-dff7-48d0-a770-e7b39b35114f,1,108.0924515
3423,81337,81338,Trib. Claggett Creek (Trib. Willamette R.),CREEK,ACT,54-488,3b8b5487-5519-4125-82a6-947d3f08e248,1,56.41746678
3424,1755,1681,Trib. Claggett Creek (Trib. Willamette R.),CREEK,ACT,54-488,026a6160-ad2c-4c22-9ccf-233b75d9ccbe,1,289.3165448
3425,81338,189824,Trib. Claggett Creek (Trib. Willamette R.),CREEK,ACT,54-488,fab3b2a6-14c7-4a49-ac66-1fdd4240f2a8,1,78.43055947
3426,81335,81336,Trib. Claggett Creek (Trib. Willamette R.),CREEK,ACT,54-486,95598d62-2fd2-42aa-98c5-bd898f3929e3,1,17.03364681
3427,81336,81337,Trib. Claggett Creek (Trib. Willamette R.),CREEK,ACT,54-486,08727789-e187-4e4c-81b0-aafe80c3608e,1,376.2088444
3428,189825,1755,Trib. Claggett Creek (Trib. Willamette R.),CREEK,ACT,54-488,e777193b-f93b-4ab6-a48c-6da344e92957,1,93.89159596
3429,189824,189825,Trib. Claggett Creek (Trib. Willamette R.),CREEK,ACT,54-488,659136bf-2944-4039-b018-f729953aff1d,1,6.460917647
3430,189813,189814,Trib. Claggett Creek (Trib. Willamette R.),CREEK,ACT,54-486,88616b31-c588-457e-98fd-f2897a7fd786,1,289.3096038
3431,189814,189815,Trib. Claggett Creek (Trib. Willamette R.),CREEK,ACT,54-486,580f4360-1588-41cf-9cd6-05570bd8c582,1,54.20738024
3432,189816,189817,,CREEK,,54-486,736508ad-0ae1-4058-aa75-3bf2aae18440,1,179.5480546
3433,189815,189818,Trib. Claggett Creek (Trib. Willamette R.),CREEK,ACT,54-486,2cbf5d9e-8d40-42ce-85c0-90b93f064710,1,730.4358507
3434,189818,189819,Trib. Claggett Creek (Trib. Willamette R.),CREEK,ACT,54-486,44c1760b-7d90-4000-a6cf-5d4517b8bd51,1,42.20677164
3435,189819,189820,Trib. Claggett Creek (Trib. Willamette R.),CREEK,ACT,54-486,958d2037-d2cc-4eab-a586-8b9fcbbf07a1,1,237.0303066
3436,189820,189821,Trib. Claggett Creek (Trib. Willamette R.),CREEK,ACT,54-486,9267cb0d-36ae-48c1-9c5b-837a3a91257a,1,44.77277674
3437,189821,189822,Trib. Claggett Creek (Trib. Willamette R.),CREEK,ACT,54-486,8b505ee3-8d36-4027-933b-bbb4e367ffa0,1,409.1681592
3438,55545,51628,Claggett Creek (Trib. Willamette R.),CREEK,ACT,60-482,a50155c6-3fde-47ff-8aad-09e47fa76b47,1,440.9709355
3439,51628,190138,Claggett Creek (Trib. Willamette R.),CREEK,ACT,60-484,bb923c46-502f-4297-aca2-a1f9ecf41097,1,280.075074
3440,190134,190135,Claggett Creek (Trib. Willamette R.),CREEK,ACT,60-482,7944fc42-5784-4318-9838-88ec6b0addec,1,55.47451984
3441,190135,190136,Claggett Creek (Trib. Willamette R.),CREEK,ACT,60-482,e62b330b-87ac-4478-8a44-e9eaa31475d1,1,390.6968778
3442,190137,51627,Claggett Creek (Trib. Willamette R.),CREEK,ACT,60-482,044d3a5f-b90f-4729-9b55-3e0c38ecc706,1,130.7869693
3443,190136,190137,Claggett Creek (Trib. Willamette R.),CREEK,ACT,60-482,45db5e3b-55a6-4c79-b3e4-61b7cbe76532,1,9.786139442
3444,51627,51847,Claggett Creek (Trib. Willamette R.),CREEK,ACT,60-482,c186dc29-2e46-4b41-b16d-8d68153cecc8,1,144.7900689
3445,51847,55545,Claggett Creek (Trib. Willamette R.),CREEK,ACT,60-482,65dd96d3-d33a-4823-84c3-f54b00181716,1,334.8686273
3446,190142,190143,Claggett Creek (Trib. Willamette R.),CREEK,ACT,60-484,e1fffc8b-8762-4738-b92b-71cc5843553a,1,413.7465355
3447,49331,51631,Claggett Creek (Trib. Willamette R.),CREEK,ACT,60-482,1532b7bd-1567-40d0-aa71-7cc9d633d0d1,1,8.589376153
3448,49332,51631,Claggett Creek (Trib. Willamette R.),CREEK,ACT,60-482,d24b9d65-10b1-4e72-94b8-31d2f13ffe06,1,10.40934163
3449,190143,190144,Claggett Creek (Trib. Willamette R.),CREEK,ACT,60-484,d9bdac0f-6609-413f-bcf8-2646e2458317,1,89.79978504
3450,51631,190130,Claggett Creek (Trib. Willamette R.),CREEK,ACT,60-482,9621c98b-6266-4f01-850f-d5494e0242f4,1,101.0863689
3451,190131,190132,Claggett Creek (Trib. Willamette R.),CREEK,ACT,60-482,708b3756-949d-4bee-9b5d-72bf8cc42a1a,1,128.8940615
3452,190130,190131,Claggett Creek (Trib. Willamette R.),CREEK,ACT,60-482,97cae201-f897-4ee2-8680-879912985748,1,7.041522068
3453,190132,190133,Claggett Creek (Trib. Willamette R.),CREEK,ACT,60-482,8f564ea7-364a-4c8c-adc5-04737fb7983f,1,9.068926415
3454,190133,190134,Claggett Creek (Trib. Willamette R.),CREEK,ACT,60-482,dabe7f97-1e69-43b1-90fa-c83e280d38ec,1,256.7902825
3455,190138,190139,Claggett Creek (Trib. Willamette R.),CREEK,ACT,60-484,95ce4ba2-3dde-487e-b0f4-adb285df7f4f,1,46.47534177
3456,190139,190140,Claggett Creek (Trib. Willamette R.),CREEK,ACT,60-484,80e90c4a-37fd-4a0b-8f98-75ab22a6b43f,1,633.9768636
3457,190140,190141,Claggett Creek (Trib. Willamette R.),CREEK,ACT,60-484,acb3e213-e968-47d2-851e-6335d6a0529c,1,59.33368342
3458,190141,190142,Claggett Creek (Trib. Willamette R.),CREEK,ACT,60-484,9f2a9877-423a-4787-b31a-223e6faa5f15,1,190.1618426
3459,190144,190145,Claggett Creek (Trib. Willamette R.),CREEK,ACT,60-484,918182ed-6780-4ad4-ae32-5cc9cc570fc4,1,39.693731
3460,190145,190146,Claggett Creek (Trib. Willamette R.),CREEK,ACT,60-484,b2b6e259-2ac8-423a-bf6c-ce8e8458d456,1,808.1539365
3461,190146,190147,Claggett Creek (Trib. Willamette R.),CREEK,ACT,60-484,5fc4ec2a-0a98-46e4-bb91-490192a41c94,1,176.3151032
3462,190147,190148,Claggett Creek (Trib. Willamette R.),CREEK,ACT,60-484,441426bd-999d-4ed6-891f-f59819658341,1,423.9614737
3463,190148,190149,Claggett Creek (Trib. Willamette R.),CREEK,ACT,60-484,ab183757-1fc3-4f63-bdd7-e245ac217967,1,81.6116356
3464,190157,190158,Claggett Creek (Trib. Willamette R.),CREEK,ACT,60-484,d651ea38-d3c8-4ddf-815c-76b55d84567a,1,70.12112995
3465,190158,190159,Claggett Creek (Trib. Willamette R.),CREEK,ACT,60-484,b0e36c39-c191-4b8a-bab1-d3fab1cddf87,1,967.859158
3466,190155,190156,Claggett Creek (Trib. Willamette R.),CREEK,ACT,60-484,c0195c79-d6d1-4faa-adc1-a38c35ad4da0,1,122.2701817
3467,190156,190157,Claggett Creek (Trib. Willamette R.),CREEK,ACT,60-484,82c84e67-79e5-48fa-b6f1-e7ecdeb1edbf,1,510.3636381
3468,190149,190150,Claggett Creek (Trib. Willamette R.),CREEK,ACT,60-484,94a268d2-a182-4317-9989-57f21de6ac95,1,251.3974504
3469,190150,190152,Claggett Creek (Trib. Willamette R.),CREEK,ACT,60-484,a4c2b5f9-a2b8-4541-88d8-667e9380c75f,1,588.5237483
3470,190152,190153,Claggett Creek (Trib. Willamette R.),CREEK,ACT,60-484,e21f7c9d-f87e-4f0a-bf03-684fe17b631f,1,260.6879025
3471,190159,190160,Claggett Creek (Trib. Willamette R.),CREEK,ACT,60-484,0c7235eb-1666-41a1-a609-26116a2fd691,1,71.17449134
3472,190160,190161,Claggett Creek (Trib. Willamette R.),CREEK,ACT,60-484,4121be61-0c94-43bf-a739-443f0b7614f6,1,376.9402387
3473,190153,190154,Claggett Creek (Trib. Willamette R.),CREEK,ACT,60-484,b41da899-de01-4b74-9bc2-756a4cddc9d9,1,73.0109906
3474,190154,190155,Claggett Creek (Trib. Willamette R.),CREEK,ACT,60-484,d8ce4119-54cd-4755-9801-c65ef0fdc091,1,537.3589509
3475,190161,190162,Claggett Creek (Trib. Willamette R.),CREEK,ACT,60-484,fb67666c-d8fc-4ca9-9b4e-67297d0c95d5,1,59.69900547
3476,190163,190164,Claggett Creek (Trib. Willamette R.),CREEK,ACT,60-484,63d0fe2f-2cbc-45e4-8b0d-becc7fdcb9bb,1,452.029085
3477,190162,190163,Claggett Creek (Trib. Willamette R.),CREEK,ACT,60-484,4fe4655a-8170-4f3e-a17d-e7c9391b726a,1,2729.094459
3478,190164,190165,Claggett Creek (Trib. Willamette R.),CREEK,ACT,60-484,30158c79-96ad-4b39-af65-a781929c584f,1,236.4248773
3479,190165,190166,Claggett Creek (Trib. Willamette R.),CREEK,ACT,60-484,6d54bb2a-062f-4625-9013-86200e1651a8,1,63.47315719
3480,190166,190167,Claggett Creek (Trib. Willamette R.),CREEK,ACT,60-484,c6540390-c621-4bfa-a9de-b2c341049363,1,110.1710202
3481,190168,54148,Claggett Creek (Trib. Willamette R.),CREEK,ACT,60-484,083f015a-1b30-4134-8f0e-d66368bce5a5,1,526.6722053
3482,190167,190168,Claggett Creek (Trib. Willamette R.),CREEK,ACT,60-484,eb3d7581-1d79-4424-988d-a31eafb0ea83,1,11.17524733
3483,1681,54147,Trib. Claggett Creek (Trib. Willamette R.),CREEK,ACT,54-488,4435a952-3e7d-43f0-a782-f7c009ba6da2,1,419.9173446
3484,54149,36494,Claggett Creek (Trib. Willamette R.),CREEK,ACT,54-488,35eec30b-83fa-42f3-a34c-716659a95865,1,962.4974629
3485,54148,54149,Claggett Creek (Trib. Willamette R.),CREEK,ACT,54-488,b1a6c174-66de-4736-8970-41e26fe8df63,1,114.0499479
3486,36997,37921,Claggett Creek (Trib. Willamette R.),CREEK,ACT,54-488,106702c5-1ab4-4536-9ca7-fffd5ddfd3dc,1,51.36975359
3487,38304,37380,Claggett Creek (Trib. Willamette R.),CREEK,ACT,54-488,22cce024-ef98-4594-80f8-987924de02e9,1,83.10570167
3488,2471,106931,Trib. Claggett Creek (Trib. Willamette R.),CREEK,ACT,54-486,b25d1b65-5f93-44d5-97d6-58eb28777a40,1,588.293549
3489,106932,38306,Trib. Claggett Creek (Trib. Willamette R.),CREEK,ACT,54-486,47b033ae-ce9a-44af-a676-01ad0ff182ad,1,282.4542672
3490,106931,106932,Trib. Claggett Creek (Trib. Willamette R.),CREEK,ACT,54-486,3ae64eb5-01be-4730-8b63-770a069de815,1,8.984518855
3491,37382,38305,Trib. Claggett Creek (Trib. Willamette R.),CREEK,ACT,54-486,2c04f56a-ab04-4d13-9456-6e983693b6a6,1,917.7759465
3492,37381,53490,Trib. Claggett Creek (Trib. Willamette R.),CREEK,ACT,54-486,fde09b4f-34ea-4ad0-93a0-acf30aff3d05,1,296.6590607
3493,38306,37382,Trib. Claggett Creek (Trib. Willamette R.),CREEK,ACT,54-486,ac9592f7-1079-49a9-9233-07b7592a066e,1,108.8914169
3494,38305,37381,Trib. Claggett Creek (Trib. Willamette R.),CREEK,ACT,54-488,688a8005-5a43-474c-b480-02895533880b,1,65.47178047
3495,53490,53491,Trib. Claggett Creek (Trib. Willamette R.),CREEK,ACT,54-488,ea0f8961-07f3-412a-8abb-66b2fdec05ac,1,43.79049065
3496,53491,1825,Trib. Claggett Creek (Trib. Willamette R.),CREEK,ACT,54-488,4806f964-43d6-4b19-8cf8-69bab6e19cb6,1,137.1484249
3497,36495,37419,Claggett Creek (Trib. Willamette R.),CREEK,ACT,54-486,b328cc06-8876-4771-b8c4-a8d2289948b5,1,80.9030318
3498,190778,190779,Claggett Creek (Trib. Willamette R.),CREEK,ACT,45-500,a5cc4322-0f3d-4c96-a67c-b462c1795f2e,1,20.83878823
3499,190779,190780,Claggett Creek (Trib. Willamette R.),CREEK,ACT,45-500,ee76954c-66f9-4b2d-b532-83d2431dab77,1,755.5689972
3500,136694,190175,Claggett Creek (Trib. Willamette R.),CREEK,ACT,48-490,81a7adfa-73ed-42fa-a343-1eb7e94e70c0,1,1411.074392
3501,190461,190772,Claggett Creek (Trib. Willamette R.),CREEK,ACT,48-494,0f8bd90b-f154-4a41-86eb-25ad8eca38ff,1,3707.097602
3502,190172,190173,Claggett Creek (Trib. Willamette R.),CREEK,ACT,51-488,c714f408-00d1-40b9-b577-bfa6535d1bd2,1,2664.597512
3503,37913,50930,Claggett Creek (Trib. Willamette R.),CREEK,ACT,51-486,547ca5c1-c6a8-496e-9531-8f03319562cd,1,1601.250581
3505,190773,190774,Claggett Creek (Trib. Willamette R.),CREEK,ACT,45-496,da3095ed-00b4-4797-a133-2694970e6724,1,170.2372524
3506,190775,190462,Claggett Creek (Trib. Willamette R.),CREEK,ACT,45-496,bc6d07df-2a4f-48f3-9950-dd7945aaf8c6,1,193.125204
3508,50937,50938,Claggett Creek (Trib. Willamette R.),CREEK,ACT,51-488,fa523593-9d1b-4526-9d1a-4870fd9e84f7,1,35.90264614
3509,50939,50940,Claggett Creek (Trib. Willamette R.),CREEK,ACT,51-488,fe18f30c-ff31-4185-be6f-d13b83e741bd,1,96.23701211
3510,50940,136694,Claggett Creek (Trib. Willamette R.),CREEK,ACT,51-488,4ac2f3e4-c9b8-4e60-8f6d-1d13bdd4f004,1,72.78206006
3512,36989,37913,Claggett Creek (Trib. Willamette R.),CREEK,ACT,51-486,f271ef33-6173-478e-acc8-3e750a1cdb51,1,128.7055715
3513,50930,50931,Claggett Creek,CREEK,ACT,51-486,7e9b97ad-8d26-4ddf-a94c-ec0335f08184,1,122.3489545
3514,50931,190171,Claggett Creek (Trib. Willamette R.),CREEK,ACT,51-488,5cbb7a7c-8b2b-47be-942f-cd3d8618d14f,1,70.67372127
3515,190171,190172,Claggett Creek (Trib. Willamette R.),CREEK,ACT,51-488,31d03cbd-8f49-4f54-ad08-f3a5210f5231,1,9.108473843
3516,190174,50937,Claggett Creek (Trib. Willamette R.),CREEK,ACT,51-488,f1e3b97d-0c5c-421e-806b-d3c48e9487ad,1,442.06874
3517,190173,190174,Claggett Creek (Trib. Willamette R.),CREEK,ACT,51-488,f15ba771-5116-4b44-8cba-486e5cb5490a,1,17.56042123
3518,190176,190177,Claggett Creek (Trib. Willamette R.),CREEK,ACT,48-490,0024a85c-f59f-4e4c-86c4-6618b3b16ec1,1,244.7697274
3519,190776,190777,Claggett Creek (Trib. Willamette R.),CREEK,ACT,45-500,2e8deef5-d28d-4c5a-b258-3df7957bc1da,1,35.20922958
3520,190175,190176,Claggett Creek (Trib. Willamette R.),CREEK,ACT,48-490,aadac212-1f6b-4400-b7a8-235ba5c17bcf,1,55.31852121
3521,190450,190451,Claggett Creek (Trib. Willamette R.),CREEK,ACT,48-490,e6f78d36-e7f4-41ab-b480-4bb45e958bcd,1,106.3415289
3522,190177,190450,Claggett Creek (Trib. Willamette R.),CREEK,ACT,48-490,6753a1f8-865d-4485-92b1-e36472ad73bb,1,4.938320828
3523,190452,190453,Claggett Creek (Trib. Willamette R.),CREEK,ACT,48-490,e2f19f4f-b445-4926-a150-22004bfb9e8b,1,84.71762038
3524,190451,190452,Claggett Creek (Trib. Willamette R.),CREEK,ACT,48-490,fedc1c53-a713-4675-a8ca-81bb6851d62a,1,3.777793958
3525,190453,190454,Claggett Creek (Trib. Willamette R.),CREEK,ACT,48-494,ab7bea8d-046a-4945-8a36-36081d375ac2,1,1793.779321
3526,190454,190455,Claggett Creek (Trib. Willamette R.),CREEK,ACT,48-494,b3a684cb-cb5e-445e-97a3-be327add6036,1,20.18509121
3527,190455,190456,Claggett Creek (Trib. Willamette R.),CREEK,ACT,48-494,3cd8f984-897d-48b4-8a4f-4a71f148d7a5,1,740.1711136
3528,190456,190457,Claggett Creek (Trib. Willamette R.),CREEK,ACT,48-494,6f479d05-b177-4d94-949c-0f340f17da03,1,17.84829796
3529,190457,190458,Claggett Creek (Trib. Willamette R.),CREEK,ACT,48-494,bd786449-6722-45ff-9326-cf7bcf39a09b,1,475.7930463
3530,190458,190459,Claggett Creek (Trib. Willamette R.),CREEK,ACT,48-494,bac18a11-4514-4ca2-9585-e48a01237c79,1,51.59124072
3531,190459,190460,Claggett Creek (Trib. Willamette R.),CREEK,ACT,48-494,ca4cb9f0-d22c-474f-b58e-e051a6bd2cf5,1,1258.012911
3532,190460,190461,Claggett Creek (Trib. Willamette R.),CREEK,ACT,48-494,cfc393bd-c537-4584-a8bc-f6bc74734a01,1,64.55207129
3533,190772,190773,Claggett Creek (Trib. Willamette R.),CREEK,ACT,45-496,d43c558c-4a6e-4ee9-a0f9-b182c49aef75,1,49.98588268
3534,190774,190775,Claggett Creek (Trib. Willamette R.),CREEK,ACT,45-496,bfdc8f46-745e-4eb5-9d10-ec681c87f098,1,57.29208375
3535,190463,63735,Claggett Creek (Trib. Willamette R.),CREEK,ACT,45-496,d3f52f03-f622-4591-82e3-d9ba11c2c12c,1,39.55242509
3536,190462,190463,Claggett Creek (Trib. Willamette R.),CREEK,ACT,45-496,7adc35df-263e-41db-9c23-768e69f0066b,1,29.44830344
3537,63735,63736,Claggett Creek (Trib. Willamette R.),CREEK,ACT,45-496,d990b758-6c98-42c0-bf1d-0c9832a08f8c,1,142.2248327
3538,63736,190464,Claggett Creek (Trib. Willamette R.),CREEK,ACT,45-500,352d3371-a338-4f11-8bd7-e949f34d704b,1,325.1227724
3539,190464,190465,Claggett Creek (Trib. Willamette R.),CREEK,ACT,45-500,1209b925-5ae5-4be1-aa8e-f56620cdc049,1,32.54595093
3540,190465,190770,Claggett Creek (Trib. Willamette R.),CREEK,ACT,45-500,54e730c2-c4ce-425a-9d96-77b673fe67ee,1,314.7999297
3541,190770,190771,Claggett Creek (Trib. Willamette R.),CREEK,ACT,45-500,a3a93fc1-9e74-4677-b4bd-33627920a814,1,45.60151741
3542,190771,190776,Claggett Creek (Trib. Willamette R.),CREEK,ACT,45-500,d52dfe6f-329f-4318-9e84-c5e129eeda90,1,1961.737624
3543,190777,190778,Claggett Creek (Trib. Willamette R.),CREEK,ACT,45-500,b6eaa8ce-9381-4322-a855-882f0629ab5f,1,213.3651768
3544,190798,190799,Labish Ditch (Trib. Willamette R.),CREEK,ACT,63-500,01b47dd8-4062-4369-b633-60c0abf89407,1,1492.817353
3545,190799,190800,Labish Ditch (Trib. Willamette R.),CREEK,ACT,63-500,52491d3e-dce8-4360-a270-f11a35386309,1,40.6941883
3546,190800,190801,Labish Ditch (Trib. Willamette R.),CREEK,ACT,63-500,52ed0fa4-3de0-4a0e-a076-d2fecf1627e8,1,3241.174854
3547,190801,190802,Labish Ditch (Trib. Willamette R.),CREEK,ACT,63-500,5d2f9412-b862-45e0-8bef-660e4feb6362,1,22.91431923
3548,190803,53811,South Labish Ditch (Trib. Willamette R.),CREEK,ACT,54-494,5ebddb4f-5905-4c9f-9388-335d13b98bfa,1,400.0637311
3549,190802,63744,Labish Ditch (Trib. Willamette R.),CREEK,ACT,63-500,dccb8cea-5b00-4bf7-a24e-218beae33ba4,1,6336.260518
3550,190782,190783,Labish Ditch (Trib. Willamette R.),CREEK,ACT,,c65d7448-7838-46cb-9030-71f04730d6c7,1,3240.499071
3551,190783,190784,Labish Ditch (Trib. Willamette R.),CREEK,ACT,,999be0d9-b988-43a5-838f-39342e1c2eae,1,25.36850802
3552,190784,190785,Labish Ditch (Trib. Willamette R.),CREEK,ACT,,89aad8d6-191d-4b3d-9b3c-100f9f54cff7,1,743.0480857
3553,190785,190786,Labish Ditch (Trib. Willamette R.),CREEK,ACT,,4d58c1ac-c223-4f45-a5ed-72678022874b,1,17.41652138
3554,190786,190787,Labish Ditch (Trib. Willamette R.),CREEK,ACT,,3f6d82c5-adc7-4dcb-98ae-d8bf2d5569d6,1,1189.183786
3555,190787,190788,Labish Ditch (Trib. Willamette R.),CREEK,ACT,,ba2b34f4-eadb-4428-8016-7e2824a9e892,1,12.80494658
3556,190788,71431,Labish Ditch (Trib. Willamette R.),CREEK,ACT,,4a3d859a-5c97-44f2-9431-07d10bc9c119,1,27.42876521
3557,71431,190789,Labish Ditch (Trib. Willamette R.),CREEK,ACT,63-500,3fa82bd3-4832-4ed7-bea3-ec7baeefd951,1,2232.468288
3558,190789,190790,Labish Ditch (Trib. Willamette R.),CREEK,ACT,63-500,2b9d1d08-6768-414a-8bbd-3165d58f0b59,1,27.64730678
3559,190790,190791,Labish Ditch (Trib. Willamette R.),CREEK,ACT,63-500,006d2310-e7f7-4a32-9f1d-f26c0f74eaee,1,2425.154693
3560,190791,190792,Labish Ditch (Trib. Willamette R.),CREEK,ACT,63-500,567a3ca1-a250-45ec-b901-b47a24a74ff1,1,18.23449757
3561,190792,190793,Labish Ditch (Trib. Willamette R.),CREEK,ACT,63-500,fccfa096-b865-4ed6-b3a6-2a7bddf77efc,1,1621.941707
3562,190793,190794,Labish Ditch (Trib. Willamette R.),CREEK,ACT,63-500,3ebc2e82-61c9-4f7b-931d-cc1a4eca76a3,1,28.22495739
3563,403,53811,South Labish Ditch (Trib. Willamette R.),CREEK,ACT,51-494,df5fa5dd-ac62-4ed7-9142-e5f667429a0b,1,1180.958659
3564,190794,190795,Labish Ditch (Trib. Willamette R.),CREEK,ACT,63-500,db174984-6389-4494-b782-d382e0177069,1,4220.577725
3565,190795,190796,Labish Ditch (Trib. Willamette R.),CREEK,ACT,63-500,a14fe2fb-0b0e-4016-9360-332590120066,1,21.78570312
3566,190796,190797,Labish Ditch (Trib. Willamette R.),CREEK,ACT,63-500,f49b4a0f-3c7b-4f64-bd14-f604c4627cda,1,1464.242579
3567,190797,190798,Labish Ditch (Trib. Willamette R.),CREEK,ACT,63-500,8a662181-5125-44b8-a0a5-e2b227493ae3,1,30.8382739
3568,191145,191146,Trib. West Middle Fork Little Pudding River,CREEK,ACT,66-462,298c8aee-8840-4d9f-bf8f-f67c62d058ac,1,24.51936833
3569,191146,191147,Trib. West Middle Fork Little Pudding River,CREEK,ACT,63-462,8b81cfcf-fafb-445a-9d6e-64fba53c726f,1,2412.722501
3570,191148,191149,Trib. West Middle Fork Little Pudding River,CREEK,ACT,63-464,8a2cf7d2-695d-43d0-95a1-d0715362d3cd,1,227.6513389
3571,191147,191148,Trib. West Middle Fork Little Pudding River,CREEK,ACT,63-462,127319dd-41e1-43cd-9c9a-fff4daacf2ea,1,17.11642656
3572,191150,191151,Trib. West Middle Fork Little Pudding River,CREEK,ACT,63-464,a76daae2-a637-4b98-a98b-92b5c5e5aac2,1,63.96120068
3573,191149,191150,Trib. West Middle Fork Little Pudding River,CREEK,ACT,63-464,4f22b639-635b-462c-a97a-1d2e2c90e9cd,1,5.787414683
3574,191151,191152,Trib. West Middle Fork Little Pudding River,CREEK,ACT,63-464,243c16a3-6a0b-4383-9f18-17218269811c,1,50.68073586
3575,191152,22774,Trib. West Middle Fork Little Pudding River,CREEK,ACT,63-464,e14eaeea-ca37-4eb5-a62e-45aafc142315,1,163.0769504
3576,125498,191153,West Middle Fork Little Pudding River,CREEK,ACT,63-464,cfd06ccd-905e-4ac3-ad4c-cc9b2b29309e,1,5.676805595
3577,125496,191155,West Middle Fork Little Pudding River,CREEK,ACT,63-464,4ec8c8d5-99bf-4d06-9c4f-286dbbddd060,1,6.446387024
3578,37356,191155,West Middle Fork Little Pudding River,CREEK,ACT,63-464,2e96afc4-7cbc-4f52-ad06-4f3e3cea6db7,1,9.703559325
3579,191155,191156,West Middle Fork Little Pudding River,CREEK,ACT,63-466,1f63a42f-9c0e-4ba4-8842-eda8c3b23917,1,96.58167559
3580,191156,191157,West Middle Fork Little Pudding River,CREEK,ACT,63-466,0be125eb-319b-437f-88a5-e8a54786337e,1,40.4182291
3581,191157,191158,West Middle Fork Little Pudding River,CREEK,ACT,63-466,a6918ef2-c0d5-414b-8490-7fe5587954a6,1,1243.163788
3582,191158,191159,West Middle Fork Little Pudding River,CREEK,ACT,63-466,e2046510-5e04-4d31-a761-4aaf210607d9,1,7.74798905
3583,191161,191160,West Middle Fork Little Pudding River,CREEK,ACT,63-466,06d7ab40-48b6-4871-8a7d-3cf3dad827cf,1,262.7352171
3584,191159,191160,West Middle Fork Little Pudding River,CREEK,ACT,63-466,3dffb329-3a80-4ac2-9191-fcc128e35d88,1,186.5065717
3585,191160,191162,West Middle Fork Little Pudding River,CREEK,ACT,63-466,d09d218d-4179-45f0-9c92-303f83f17f60,1,39.131221
3586,191162,191164,West Middle Fork Little Pudding River,CREEK,ACT,63-466,c8247f35-6547-4d5f-96a3-51fcc8055852,1,12.15885714
3587,191166,191163,West Middle Fork Little Pudding River,CREEK,ACT,63-466,b431ed8c-7ac5-47b6-a180-79bbb0e894a7,1,13.28404405
3588,191167,191163,West Middle Fork Little Pudding River,CREEK,ACT,63-466,8061168d-2f3e-406f-ad12-b94609b3f2b2,1,9.63889528
3589,191164,191166,West Middle Fork Little Pudding River,CREEK,ACT,63-466,55f5e0f2-9e43-47a5-9dd3-dd53587e3cde,1,26.1470575
3590,191165,191167,West Middle Fork Little Pudding River,CREEK,ACT,63-466,c9cb46b6-58e6-4fc3-883f-43b5aba55947,1,27.66417525
3591,190805,190806,South Labish Ditch (Trib. Willamette R.),CREEK,ACT,57-494,61535fa9-66b4-437f-99af-2a4be745404b,1,1832.311758
3593,53810,37265,South Labish Ditch (Trib. Willamette R.),CREEK,ACT,54-496,58ce32c6-1704-451f-81d1-15b447ebe9ff,1,2345.062686
3594,79416,79417,Trib. West Middle Fork Little Pudding River,CREEK,ACT,63-462,53121cff-67ca-4ecf-a708-6e8f10383e10,1,38.12545921
3595,37173,22118,Trib. West Middle Fork Little Pudding River,CREEK,ACT,63-464,52c67a65-36c4-4444-8e5d-55b5071bb45b,1,615.3227061
3598,191128,79414,Trib. West Middle Fork Little Pudding River,CREEK,ACT,63-462,2fc20e04-86d7-46fb-b046-6094245c1485,1,717.5520827
3599,191116,191119,Trib. West Middle Fork Little Pudding River,CREEK,ACT,63-462,d4ee0e3d-182b-43d9-8420-1f98f4a4fa5b,1,341.5639947
3600,191091,191092,Labish Ditch (Trib. Willamette R.),CREEK,ACT,54-502,b7bf442b-165a-4c50-99a0-daf6cd0cc75f,1,2716.757198
3601,36491,69522,South Labish Ditch (Trib. Willamette R.),CREEK,ACT,57-498,2f0baa18-c9d8-41dc-86f1-6042e5744a42,1,1506.699982
3602,64050,64051,Claggett Creek (Trib. Willamette R.),CREEK,ACT,45-510,f90955bc-6023-46d5-a9e6-cbfc33989fcd,1,24420.94019
3603,79414,79415,Trib. West Middle Fork Little Pudding River,CREEK,ACT,63-462,610d1c31-9d8a-4178-9c40-b71500f6621f,1,26.39763414
3604,79415,36731,Trib. West Middle Fork Little Pudding River,CREEK,ACT,63-462,11cbcf08-a229-4298-b772-e90140ab1782,1,5.878312695
3605,37655,79416,Trib. West Middle Fork Little Pudding River,CREEK,ACT,63-462,8ed4a6e9-1e47-4c7f-a41c-6ae53bb25f02,1,5.960028357
3606,79413,79416,Trib. West Middle Fork Little Pudding River,CREEK,ACT,63-462,e469a8f7-3f74-4be9-b783-078ad855eef9,1,5.893536455
3607,79417,79411,Trib. West Middle Fork Little Pudding River,CREEK,ACT,63-462,76c5d968-194e-45f7-b295-2e94f2cd5d01,1,4.843352406
3608,22888,79418,Trib. West Middle Fork Little Pudding River,CREEK,ACT,63-464,ef444788-9f50-4f6d-9406-3b9b9e560e41,1,9.045608514
3609,80371,80055,Trib. West Middle Fork Little Pudding River,CREEK,ACT,66-458,35077b0b-7a11-47be-a470-e9ce06e7e99b,1,1546.175291
3610,80050,191109,Trib. West Middle Fork Little Pudding River,CREEK,ACT,66-454,26193081-6bf4-4b57-8f81-53dc968e5351,1,1533.200241
3611,36718,21938,Trib. West Middle Fork Little Pudding River,CREEK,ACT,63-464,416a64d9-54ad-4c4b-a152-0cc355809e6a,1,446.8130195
3612,108854,108853,West Middle Fork Little Pudding River,CREEK,ACT,63-462,20d3d308-a5a5-4bd4-9ec9-2cb7dadb8234,1,11.46643227
3613,108855,108856,West Middle Fork Little Pudding River,CREEK,ACT,63-462,57bf4373-34f3-4380-8447-8531be2f3a56,1,8.363493751
3614,36737,108856,West Middle Fork Little Pudding River,CREEK,ACT,63-462,fb9f2db2-12e0-4108-8b3a-df2ea05c5ead,1,8.034060519
3615,36723,22342,West Middle Fork Little Pudding River,CREEK,ACT,63-464,cfaead77-ecc2-4dcc-b726-1a6a2d01a073,1,2.193991862
3617,129042,27838,West Middle Fork Little Pudding River,CREEKINT,ACT,63-458,144ecb75-9789-4fab-8b84-427021ea4146,1,1347.172449
3618,191102,104690,West Middle Fork Little Pudding River,CREEKINT,ACT,60-458,b9946d42-0bb6-46bb-a913-97390f3e5d8b,1,410.7368893
3619,27647,129050,West Middle Fork Little Pudding River,CREEK,ACT,63-458,6c0339d2-6bd6-42e9-9bcf-984486ee4591,1,838.9235557
3620,191101,129046,West Middle Fork Little Pudding River,CREEKINT,ACT,63-456,f263d21a-a4ce-4c7f-be2e-51a1bd873328,1,1356.152512
3621,129047,129048,West Middle Fork Little Pudding River,CREEKINT,ACT,63-458,f122a117-1349-4daa-b23c-b36d028a7ade,1,414.2075787
3622,129049,27303,West Middle Fork Little Pudding River,CREEK,ACT,63-458,5341c55d-81c4-4ac4-a5be-df2e9d703c1a,1,1892.823178
3623,46153,137333,West Middle Fork Little Pudding River,CREEK,ACT,63-460,f6a76bec-2f55-4220-9355-492066247bc9,1,14.63088011
3624,137331,137333,West Middle Fork Little Pudding River,CREEK,ACT,63-460,7f55244b-1eac-41d5-9bfc-35e745a6e2a2,1,12.21482269
3625,137332,46154,West Middle Fork Little Pudding River,CREEK,ACT,63-460,50dd62a4-217b-4638-9d56-abe1dad066a6,1,11.04536042
3636,26591,46155,West Middle Fork Little Pudding River,CREEK,ACT,63-460,de1487e8-cb25-4646-9494-122259996ec7,1,749.1291305
3638,190780,190781,Claggett Creek (Trib. Willamette R.),CREEK,ACT,45-500,1452cf0c-4feb-4d5d-a445-ed27e4569246,1,12.67474925
3639,63744,63743,Labish Ditch (Trib. Willamette R.),CREEK,ACT,60-498,faff863f-db3b-41ad-8cc9-af3dc6ff5c9f,1,59.71502085
3640,37265,38189,South Labish Ditch (Trib. Willamette R.),CREEK,ACT,54-494,a8a85a36-8a67-4d2b-8cf0-f0fcde05f6c6,1,124.6403127
3641,38189,190804,South Labish Ditch (Trib. Willamette R.),CREEK,ACT,57-494,51a93e72-0d0a-44f6-b3a6-16cfed75253f,1,2424.916508
3642,190804,190805,South Labish Ditch (Trib. Willamette R.),CREEK,ACT,57-494,5352feb2-6b49-4a29-956e-62a34473fa64,1,13.05031808
3643,190809,190810,South Labish Ditch (Trib. Willamette R.),CREEK,ACT,57-494,d12d9c92-bcd3-41f4-bb09-1252e924b86a,1,846.6158529
3644,190806,190807,South Labish Ditch (Trib. Willamette R.),CREEK,ACT,57-494,fc4e6397-b554-466d-886a-63dd856cee22,1,35.1755136
3645,190807,190808,South Labish Ditch (Trib. Willamette R.),CREEK,ACT,57-494,95ab27c5-ba03-4c59-b756-fc8f708ffd0b,1,463.917816
3646,190808,190809,South Labish Ditch (Trib. Willamette R.),CREEK,ACT,57-494,d38c7892-4ae8-42c9-9a52-dc1fe155392d,1,10.52659849
3647,190810,190811,South Labish Ditch (Trib. Willamette R.),CREEK,ACT,57-494,cc030e3d-7477-4bd8-ab8f-633bf360a69c,1,14.76698517
3648,190811,37415,South Labish Ditch (Trib. Willamette R.),CREEK,ACT,57-494,ffd7aa3e-6603-44bd-ba5f-2a5b204b3f79,1,10.64457361
3649,37415,36491,South Labish Ditch (Trib. Willamette R.),CREEK,ACT,57-496,f13fbdd1-f565-4d04-9edb-e2b5bb763cf4,1,119.4080702
3650,63743,190812,Labish Ditch (Trib. Willamette R.),CREEK,ACT,57-498,4d5a5f59-f885-4942-9f16-86eed2ba062c,1,1957.623447
3651,190812,190813,Labish Ditch (Trib. Willamette R.),CREEK,ACT,57-498,f4209a00-9a7c-4b26-9da7-fd09c20322c4,1,19.02151071
3652,190815,190816,Labish Ditch (Trib. Willamette R.),CREEK,ACT,57-498,089cc437-8f14-4ad5-a196-73d64d3ebda8,1,1018.104611
3653,190814,190815,Labish Ditch (Trib. Willamette R.),CREEK,ACT,57-498,154af132-75bc-4c6f-a4f7-d5224de56e6a,1,19.44073507
3654,190817,71432,Labish Ditch (Trib. Willamette R.),CREEK,ACT,57-498,3825f8ab-216d-4814-a2f5-ba8d97cccf2b,1,287.0982553
3655,190816,190817,Labish Ditch (Trib. Willamette R.),CREEK,ACT,57-498,b509e61c-0e9a-459d-a664-bba75e3e11cf,1,21.16438749
3656,71432,63742,Labish Ditch (Trib. Willamette R.),CREEK,ACT,54-502,20e3031c-145a-4907-8f1f-300ef6e10a37,1,251.5996271
3657,63742,191090,Labish Ditch (Trib. Willamette R.),CREEK,ACT,54-502,6735d721-941a-4acc-9a7f-5f685dbff804,1,46.20287891
3658,191090,191091,Labish Ditch (Trib. Willamette R.),CREEK,ACT,54-502,b80fece9-5cc9-44fe-be9c-a426b6859602,1,30.52795421
3659,191093,63741,Labish Ditch (Trib. Willamette R.),CREEK,ACT,54-502,4fd55b47-d54c-4056-9f7e-0408385e69ad,1,377.7573533
3660,191092,191093,Labish Ditch (Trib. Willamette R.),CREEK,ACT,54-502,9d41132b-3ccc-45d5-82ab-a461f0a758e6,1,16.59568187
3661,63741,63740,Labish Ditch (Trib. Willamette R.),CREEK,ACT,51-502,6333ee84-1c7a-432e-9c47-589f0b83a4ca,1,24.0641602
3662,63739,63738,Labish Ditch (Trib. Willamette R.),CREEK,ACT,48-500,b35a8271-fce4-431d-9b8a-3fc7bcbf709a,1,142.4320762
3663,63738,191094,Labish Ditch (Trib. Willamette R.),CREEK,ACT,45-500,a64a63ad-01a4-458b-9842-c1a6fefd68d9,1,259.761895
3664,191094,191095,Labish Ditch (Trib. Willamette R.),CREEK,ACT,45-500,aa58e6cb-031a-4142-8242-ec7bfd53f062,1,39.60496457
3665,191095,191096,Labish Ditch (Trib. Willamette R.),CREEK,ACT,45-500,532c5b23-91fa-4eec-bc1b-4d7ee5e8ab7c,1,441.561515
3666,191096,191097,Labish Ditch (Trib. Willamette R.),CREEK,ACT,45-500,cd323ce5-0be1-461f-9f2d-d1b70c6892fb,1,34.25082512
3667,190781,191098,Claggett Creek (Trib. Willamette R.),CREEK,ACT,45-500,b80763b3-9e4d-4f4b-bbbe-5eccb673f6b9,1,164.3655165
3668,191098,191099,Claggett Creek (Trib. Willamette R.),CREEK,ACT,45-500,de140974-0a9b-43da-a8c2-41b9b6b5e804,1,13.86816483
3669,129044,129045,West Middle Fork Little Pudding River,CREEK,ACT,66-456,46a6ec67-cb89-49c2-9d20-2a72229d5174,1,19.35697596
3670,129045,191100,West Middle Fork Little Pudding River,CREEKINT,ACT,66-456,b99df27e-961d-4ab7-a20e-36568b5f7367,1,725.237524
3671,191100,191101,West Middle Fork Little Pudding River,CREEKINT,ACT,66-456,d7578e2d-8274-41ec-83ae-0474c3f1810a,1,32.18705646
3672,129046,129047,West Middle Fork Little Pudding River,CREEK,ACT,63-458,d2d154af-9a71-46ef-aa57-b86488062790,1,688.8925295
3673,129048,129049,West Middle Fork Little Pudding River,CREEK,ACT,63-458,2c5024b2-1949-4451-bdcb-f6a5931d30d7,1,46.13905612
3674,27303,27293,West Middle Fork Little Pudding River,CREEK,ACT,63-458,f8513762-7c0c-4421-9b79-2e109040943b,1,135.7939421
3675,27293,139218,West Middle Fork Little Pudding River,CREEK,ACT,63-458,d9c0451d-840a-43d4-b213-597edc4cf4c3,1,578.450335
3676,138900,158454,West Middle Fork Little Pudding River,CREEK,ACT,63-458,b61d036c-2de4-4855-8a1b-6b908ae99428,1,61.78452372
3677,27838,27647,West Middle Fork Little Pudding River,CREEK,ACT,63-458,e990f062-e618-44f7-a379-f1a01a2ed3f6,1,241.4139231
3678,104690,27436,West Middle Fork Little Pudding River,CREEK,ACT,60-458,3608c82a-417f-48a5-813c-2c9b9a60a6eb,1,337.2103693
3679,191103,129050,Trib. West Middle Fork Little Pudding River,CREEK,ACT,63-458,66dc684b-edcb-4623-ac4d-46edc34c069b,1,320.0858943
3680,26809,138900,West Middle Fork Little Pudding River,CREEK,ACT,63-458,d672921f-ff72-4732-81ca-ad94ce5b38fc,1,34.39286563
3681,26361,26591,West Middle Fork Little Pudding River,CREEK,ACT,63-460,8991d062-1dc2-4dce-9530-55c534a7b26e,1,326.2588779
3682,137330,137331,West Middle Fork Little Pudding River,CREEK,ACT,63-460,ac60c404-2c87-4a36-bb65-943290ce8e1a,1,143.0338418
3683,46154,46153,West Middle Fork Little Pudding River,CREEK,ACT,63-460,83c98e3b-9a99-4b16-8c0a-f05f3a975902,1,142.6450461
3684,191107,108854,West Middle Fork Little Pudding River,CREEK,ACT,63-462,675b9498-b9ae-4bf9-acd9-e4c587104770,1,282.4039096
3685,191104,191105,West Middle Fork Little Pudding River,CREEK,ACT,63-462,7857613a-34d2-4b1a-b09e-530fa34e277f,1,11.77072209
3686,191105,191106,West Middle Fork Little Pudding River,CREEK,ACT,63-462,484ab6bc-3aa1-44a3-a46a-25580342a454,1,258.7243007
3687,191106,191107,West Middle Fork Little Pudding River,CREEK,ACT,63-462,ab7be1d4-0c80-4432-802e-56daf46bce00,1,8.226135596
3688,108853,108855,West Middle Fork Little Pudding River,CREEK,ACT,63-462,953aae96-0e78-46f4-9392-3b3f652ec700,1,89.36744291
3689,23752,37402,West Middle Fork Little Pudding River,CREEK,ACT,63-462,ac496c50-6d72-48cd-95c6-d73329fcf167,1,39.47508079
3690,38326,191108,West Middle Fork Little Pudding River,CREEK,ACT,63-462,364dffc9-5061-42b1-8056-52b04b0e7d1d,1,21.53611837
3691,38325,191108,West Middle Fork Little Pudding River,CREEK,ACT,63-462,a0c4cc89-8232-4da6-9710-b7f6a29cbdef,1,20.87478421
3692,191110,80370,Trib. West Middle Fork Little Pudding River,CREEK,ACT,66-454,72e38da8-1dd7-450e-a0a3-1e47b539a981,1,438.0378905
3693,191109,191110,Trib. West Middle Fork Little Pudding River,CREEK,ACT,66-454,0e75be3f-3789-4adc-8531-dce8c8e7ccf7,1,20.69767854
3694,80370,80371,Trib. West Middle Fork Little Pudding River,CREEK,ACT,66-456,93ebf85e-b182-452e-9d99-f924ec50a223,1,28.6882489
3695,80055,80054,Trib. West Middle Fork Little Pudding River,CREEK,ACT,66-458,edfc5a01-1d4a-44f3-9edc-68e7fa568c47,1,64.14718234
3696,80053,80052,Trib. West Middle Fork Little Pudding River,CREEK,ACT,66-458,7b7bf3ed-c604-4283-977a-9fb117f844b5,1,90.26216105
3697,82404,80051,Trib. West Middle Fork Little Pudding River,CREEK,ACT,66-458,31e0162d-3cd5-4043-ac20-0a4683912a4a,1,139.4075964
3698,37385,38309,Trib. West Middle Fork Little Pudding River,CREEK,ACT,66-460,9b1b096b-0a4e-4fce-ae41-ce0c8a6d6a1c,1,95.28138666
3699,26469,26455,Trib. West Middle Fork Little Pudding River,CREEK,ACT,66-460,1bbd8c53-0bba-4d7d-b9db-d955f56204ae,1,46.55451644
3700,25777,25506,Trib. West Middle Fork Little Pudding River,CREEK,ACT,63-460,26833ee2-c0f0-47cf-bd7d-8b37335fc7d7,1,386.7928097
3701,25506,25427,Trib. West Middle Fork Little Pudding River,CREEK,ACT,63-460,854ef9cf-e77f-477a-8b51-18d4023fc956,1,131.6994442
3702,26052,25777,Trib. West Middle Fork Little Pudding River,CREEK,ACT,66-460,3716783a-134b-4cf3-a83d-25e0945356eb,1,416.6081663
3703,26219,26052,Trib. West Middle Fork Little Pudding River,CREEK,ACT,66-460,bc95cee6-02e2-4ec6-8119-5974d2a181d6,1,329.5298861
3704,26455,26219,Trib. West Middle Fork Little Pudding River,CREEK,ACT,66-460,b2e660ed-6864-41a7-b022-4027cdaa1160,1,401.2582995
3705,25427,191111,Trib. West Middle Fork Little Pudding River,CREEK,ACT,63-462,7549715d-8265-4fbe-86d0-0f30ab0db3d8,1,101.3134594
3706,191111,191112,Trib. West Middle Fork Little Pudding River,CREEK,ACT,63-462,b7b20077-351d-4995-9656-ba4d93918e60,1,23.80398211
3707,191112,191113,Trib. West Middle Fork Little Pudding River,CREEK,ACT,63-462,87c60173-a5c4-4500-8f1a-9f9524b0eb00,1,109.5322249
3708,191113,191114,Trib. West Middle Fork Little Pudding River,CREEK,ACT,63-462,90630307-00bb-4632-ae0d-3572fe86aa61,1,26.83482504
3709,191114,191115,Trib. West Middle Fork Little Pudding River,CREEK,ACT,63-462,f47f4b04-b385-41c3-aef4-8b3876a5214c,1,112.2849683
3710,191115,191116,Trib. West Middle Fork Little Pudding River,CREEK,ACT,63-462,09063034-3e65-40ff-8679-5dffd8dd73b1,1,31.35729854
3711,191122,191123,Trib. West Middle Fork Little Pudding River,CREEK,ACT,63-462,33111694-4847-4840-9822-efa8c7c11cb5,1,203.7704858
3712,191119,191120,Trib. West Middle Fork Little Pudding River,CREEK,ACT,63-462,cbcdcdc9-8043-46c1-a914-54a859d2bdcf,1,26.414637
3713,191120,191121,Trib. West Middle Fork Little Pudding River,CREEK,ACT,63-462,2f25b22b-405c-4220-b1d3-bce2bba34b69,1,6.247569334
3714,191121,191122,Trib. West Middle Fork Little Pudding River,CREEK,ACT,63-462,abcfdfec-4de2-4217-a145-4551b158a003,1,25.68424454
3715,191124,24963,Trib. West Middle Fork Little Pudding River,CREEK,ACT,63-462,ca9b8c71-c9a4-40c0-b0fe-f059803eb182,1,44.05830997
3716,191123,191124,Trib. West Middle Fork Little Pudding River,CREEK,ACT,63-462,d161b5c2-9781-4e74-bda2-c84d826b0c4a,1,35.30728171
3717,24963,191125,Trib. West Middle Fork Little Pudding River,CREEK,ACT,63-462,821bf67d-a1cb-4f57-9782-d1c98b8e22f8,1,289.8479407
3718,191125,191126,Trib. West Middle Fork Little Pudding River,CREEK,ACT,63-462,85269313-3bb9-4b70-81a0-0e254835aabe,1,16.30133076
3719,191126,191127,Trib. West Middle Fork Little Pudding River,CREEK,ACT,63-462,2f4d7b11-f8ee-405f-86d9-d6c05ce6d686,1,588.115759
3720,191127,191128,Trib. West Middle Fork Little Pudding River,CREEK,ACT,63-462,aa7cc781-8d44-49f0-8f32-739da2cc511d,1,18.67183781
3721,79412,79413,Trib. West Middle Fork Little Pudding River,CREEK,ACT,63-462,f13be18c-7565-40a3-aacf-fd9a3609490e,1,26.40077083
3722,36731,37655,Trib. West Middle Fork Little Pudding River,CREEK,ACT,63-462,158ca79b-b9af-48b5-b110-a0b4ca509aaa,1,26.74713122
3723,23061,22888,Trib. West Middle Fork Little Pudding River,CREEK,ACT,63-462,f56885c9-923c-4ffb-b071-3eea069258a3,1,98.49702861
3724,79411,79410,Trib. West Middle Fork Little Pudding River,CREEK,ACT,63-464,117630bb-d59c-43e0-9bf2-8b68c0380041,1,97.88497244
3725,38097,37173,Trib. West Middle Fork Little Pudding River,CREEK,ACT,63-464,af1493da-33cb-47fd-a87d-97fad75a759e,1,52.81667075
3726,191129,191130,Trib. West Middle Fork Little Pudding River,CREEK,ACT,66-460,db0fa49e-4870-48f8-9128-12549aa66d1c,1,224.8638765
3727,191130,191131,Trib. West Middle Fork Little Pudding River,CREEK,ACT,66-460,2e54f499-40c0-4ce4-8e53-4fe0168568dd,1,19.36532016
3728,191131,191132,Trib. West Middle Fork Little Pudding River,CREEK,ACT,66-460,83eabc9a-6331-41e5-9596-9a62a29bb76b,1,213.115079
3729,191132,191133,Trib. West Middle Fork Little Pudding River,CREEK,ACT,66-460,1aa7a011-1ff1-4194-8637-7690a0c8f6f7,1,11.22511167
3730,191133,191134,Trib. West Middle Fork Little Pudding River,CREEK,ACT,66-460,551ad122-9100-482b-849f-e7afea149aee,1,21.32804298
3731,191134,191135,Trib. West Middle Fork Little Pudding River,CREEK,ACT,66-460,8c59e2f3-d1b8-4980-95d8-adc7e54e5a69,1,12.02271806
3732,191135,191136,Trib. West Middle Fork Little Pudding River,CREEK,ACT,66-460,62a4730b-217f-412d-8466-cdc6b60f2ed9,1,166.8293475
3733,191136,191137,Trib. West Middle Fork Little Pudding River,CREEK,ACT,66-460,9b8b80d9-8deb-40af-92de-97eec1223db8,1,21.90751916
3734,55097,191138,Trib. West Middle Fork Little Pudding River,CREEK,ACT,66-460,d1674d91-3a65-4f41-b91b-ab7e9bda5033,1,8.102827596
3735,191140,55095,Trib. West Middle Fork Little Pudding River,CREEK,ACT,66-460,642d06da-3e1e-4787-80df-396b7355c255,1,52.66336121
3736,191139,191140,Trib. West Middle Fork Little Pudding River,CREEK,ACT,66-460,bc94dbd9-3095-4155-8697-7b39f0067e13,1,21.54491005
3737,55095,55096,Trib. West Middle Fork Little Pudding River,CREEK,ACT,66-460,b3d20ded-3d7b-44a5-9a7f-3fd88c55e130,1,64.13487997
3738,191142,55098,Trib. West Middle Fork Little Pudding River,CREEK,ACT,66-462,d194294e-bdb1-4107-9d84-edb5554fa3cd,1,328.0016931
3739,191141,191142,Trib. West Middle Fork Little Pudding River,CREEK,ACT,66-462,c0581139-14c6-4de6-a2f3-020e38e5af53,1,20.64502006
3740,55098,191144,Trib. West Middle Fork Little Pudding River,CREEK,ACT,66-462,ebe4f73e-d467-4e2a-ae9b-57b88ba1b5f3,1,47.47549348
3741,36725,22116,Trib. West Middle Fork Little Pudding River,CREEK,ACT,63-464,9b1ba6eb-4397-4bc7-a603-325820245ebe,1,471.0164907
3742,108856,23752,West Middle Fork Little Pudding River,CREEK,ACT,63-462,20d4fc81-7ebf-4e80-878c-73b7b72ac131,1,174.904024
3743,23981,23752,Trib. West Middle Fork Little Pudding River,CREEK,ACT,60-462,f2736652-950c-45b5-ad32-117c1fb437f8,1,832.6963502
3744,191108,37647,West Middle Fork Little Pudding River,CREEK,ACT,63-462,ccfc6e6a-54bc-446d-b5d8-30a1c40de50a,1,1332.558855
3745,190813,190814,Labish Ditch (Trib. Willamette R.),CREEK,ACT,57-498,e3d908fd-46b9-442f-91a0-731bec02b8a0,1,1620.021599
3746,46156,137332,West Middle Fork Little Pudding River,CREEK,ACT,63-460,a2445e45-9c4f-4a3b-bdce-16758521d8c6,1,22.28620749
3747,137333,191104,West Middle Fork Little Pudding River,CREEK,ACT,63-462,7868cb69-43a3-461e-9933-5b7a24f4b9b6,1,1362.137253
3748,191099,64050,Claggett Creek (Trib. Willamette R.),CREEK,ACT,45-500,07ac4775-da35-4e65-acc2-e780ea40e119,1,7376.677813
3749,191137,55097,Trib. West Middle Fork Little Pudding River,CREEK,ACT,66-460,9689918a-9129-4438-8c50-70f45c541124,1,227.4915642
3750,55096,191141,Trib. West Middle Fork Little Pudding River,CREEK,ACT,66-462,01ac09fa-9027-407b-a1cc-f3e1de586d7f,1,487.1865646
3751,191138,191139,Trib. West Middle Fork Little Pudding River,CREEK,ACT,66-460,1d1129a3-2938-4196-a5de-6f8147cc89fb,1,655.3115668
3752,191144,191145,Trib. West Middle Fork Little Pudding River,CREEK,ACT,66-462,b1ab1fb2-533d-4d66-bef6-b7a017c13638,1,104.7466173
3753,191097,63737,Labish Ditch (Trib. Willamette R.),CREEK,ACT,45-500,b77264e6-dabc-4a7a-80b6-867e3549f1bd,1,656.0756993
3754,63740,63739,Labish Ditch (Trib. Willamette R.),CREEK,ACT,48-500,1dbd42c4-7970-4294-89cd-71568d3105c9,1,5754.613302
3755,191440,8920,West Fork Little Pudding River,CREEK,ACT,60-478,f03d48d5-05af-4718-ae69-7a2f9af782f3,1,1023.10746
3757,38126,74934,East Fork Little Pudding River,CREEK,ACT,63-482,5de49ab4-c96d-464a-9a13-13cf59ec47b3,1,261.4881034
3758,74939,57342,East Fork Little Pudding River,CREEK,ACT,63-482,b5f7137f-6801-46cf-94d3-cb1009dbf25c,1,153.9343336
3759,57344,57345,West Fork Little Pudding River,CREEK,ACT,63-484,daf9ab4a-7af0-4733-880c-4c0d86cf7c65,1,386.2772564
3760,57651,57652,Trib. West Middle Fork Pringle Creek,CREEK,ACT,63-484,aa9566eb-cbdc-4255-92d9-92b31edffc5b,1,820.5016197
3761,38272,13362,West Fork Little Pudding River,CREEK,ACT,57-476,4e8a22f0-9910-4a53-b5dc-c78d1d6ee69d,1,12.79605898
3762,68869,13362,West Fork Little Pudding River,CREEK,ACT,57-476,72f7db88-190b-4b46-bbf5-745864fa4f26,1,13.15042343
3763,68866,37348,West Fork Little Pudding River,CREEK,ACT,57-476,7f5be317-be7a-4d27-9bcc-02e6e8c0df75,1,14.89346756
3764,74619,36711,East Fork Little Pudding River,CREEK,ACT,60-474,622e33ec-ea4d-4559-b733-6105390a2a1b,1,148.6593949
3765,125173,191451,East Fork Little Pudding River,CREEK,ACT,60-478,62283184-7f5d-481e-b4a9-70a1d01f7ca8,1,361.7091651
3766,74620,10466,East Fork Little Pudding River,CREEK,ACT,60-478,a9a14161-b67f-4047-88f8-cd061b62a2a1,1,9.724543496
3767,8764,74622,East Fork Little Pudding River,CREEK,ACT,60-478,a46c3379-6a6c-4e8e-8c88-9a783f810bcc,1,4.818208953
3768,36995,8666,East Fork Little Pudding River,CREEK,ACT,60-478,739c6669-8616-4afd-a3a6-970e6bb1087a,1,8.742194636
3769,37920,8666,East Fork Little Pudding River,CREEK,ACT,60-478,0971f50d-dc15-471a-bcb9-05d1834a59e6,1,6.682616185
3770,74932,74930,East Fork Little Pudding River,CREEK,ACT,60-480,1d5eedf0-af2b-410b-bf85-12d2874a86fa,1,11.42138088
3771,38289,74933,East Fork Little Pudding River,CREEK,ACT,60-480,e3b4e1af-92ba-4352-bc43-685ef42e8a8a,1,9.764291595
3772,74931,74933,East Fork Little Pudding River,CREEK,ACT,60-480,af5fcb26-83dd-426f-bf5c-08a61b0840b5,1,10.40964951
3773,74934,5549,East Fork Little Pudding River,CREEK,ACT,63-482,53f8598b-e29b-4798-8478-bd9671023b2e,1,10.72092168
3774,4981,74935,East Fork Little Pudding River,CREEK,ACT,60-482,6c296bd3-f498-4ac7-bc31-22aabaf06825,1,13.99731803
3775,4982,74935,East Fork Little Pudding River,CREEK,ACT,60-482,95054a70-710e-4641-82d7-c6d100171b09,1,16.59578096
3776,77505,77502,West Fork Little Pudding River,CREEK,ACT,57-470,9a64b7c2-23c5-47f7-b4ba-bf94aea3b2bb,1,11.17718633
3777,77506,77502,West Fork Little Pudding River,CREEK,ACT,57-470,71e6e23b-6fa0-47a3-a89c-ff23c32ff4e8,1,10.33093227
3778,77507,77503,West Fork Little Pudding River,CREEK,ACT,57-470,af5d64a6-71b5-4b08-ba7b-700ac061cf08,1,10.18997323
3779,78450,78451,Trib. Davidson Creek (Trib. W Fork Little Pudding R.),CREEK,ACT,60-470,56234679-0923-481d-b7c3-ef8a67253d7a,1,172.6999278
3780,78145,78141,Trib. Davidson Creek (Trib. W Fork Little Pudding R.),CREEK,ACT,63-472,3d7063a8-2552-4354-aecd-1af59b34ca4b,1,7.353353127
3781,79423,79425,Trib. West Middle Fork Little Pudding River,CREEK,ACT,60-464,db5b7c65-e4f7-47ed-adf0-b5e83f91b47e,1,8.409181256
3782,79424,79425,Trib. West Middle Fork Little Pudding River,CREEK,ACT,60-464,c98b454b-737f-42fe-84ae-8c1e79d4d63a,1,8.753465815
3784,80377,80378,West Fork Little Pudding River,CREEK,ACT,60-480,e1ba82bc-def9-4b28-a660-37ab78910e25,1,10.75766743
3785,191425,191426,Trib. West Middle Fork Little Pudding River,CREEK,ACT,60-464,976db95c-fff3-4305-8fa8-8516264e0922,1,640.1974933
3787,79425,79426,Trib. West Middle Fork Little Pudding River,CREEK,ACT,60-464,8e1ccd11-a924-44f6-ac84-5e35de75e7b3,1,164.059516
3788,79427,43614,Trib. West Middle Fork Little Pudding River,CREEK,ACT,60-464,379429e6-f8f3-44f8-aad3-29f24417587f,1,590.8553569
3789,43614,79421,Trib. West Middle Fork Little Pudding River,CREEK,ACT,60-464,3964c582-58a2-40f9-801e-d0f855ef1585,1,6.669421946
3790,166133,79427,Trib. West Middle Fork Little Pudding River,CREEK,ACT,60-464,cf8d665b-4ddb-4e9e-bdda-7c9b6a15660b,1,432.7976707
3791,79433,166132,Trib. West Middle Fork Little Pudding River,CREEK,ACT,60-464,d739a730-b366-43b9-a6ed-3561e5d2e9a6,1,106.7274708
3792,79434,191410,Trib. West Middle Fork Little Pudding River,CREEK,ACT,60-462,095cb879-9210-4114-9ce2-f20ab680d079,1,488.553451
3793,38282,80379,West Fork Little Pudding River,CREEK,ACT,60-480,5fe95ff3-4586-4070-ac4b-4e642ebc14cf,1,23.3127805
3794,80379,80372,West Fork Little Pudding River,CREEK,ACT,60-480,442a204b-2907-4e8a-aaf1-00adf57a7aae,1,7.993844344
3795,80375,80378,West Fork Little Pudding River,CREEK,ACT,60-480,da4299d8-4768-474c-ae94-f855f9f9fca9,1,8.607248052
3796,80376,80378,West Fork Little Pudding River,CREEK,ACT,60-480,a61229ef-7346-4865-8f71-2eb4caf6ec3c,1,8.544945225
3797,74938,37360,East Fork Little Pudding River,CREEK,ACT,63-482,923819aa-5c28-42cc-9495-73346bbbd0eb,1,10.92025816
3798,38284,74939,East Fork Little Pudding River,CREEK,ACT,63-482,10a54eab-f66e-4cb0-b606-2004c21f6c98,1,16.1265972
3799,74937,74939,East Fork Little Pudding River,CREEK,ACT,63-482,050743e2-ece4-4159-be77-3ba2c89dd56b,1,12.81585367
3800,74943,74948,West Fork Little Pudding River,CREEK,ACT,60-482,295be40b-e8c4-4257-a7d0-fed1ae02f585,1,18.57864824
3801,74942,74948,West Fork Little Pudding River,CREEK,ACT,60-482,d1e61591-eedc-4988-be98-7cac0ba40f5e,1,17.44893693
3802,74941,74948,West Fork Little Pudding River,CREEK,ACT,60-482,f1f0a793-f807-4904-be51-888ab0877c01,1,17.69205354
3803,74940,74948,West Fork Little Pudding River,CREEK,ACT,60-482,bff53bf6-a10a-4cfa-8b79-ea720566fe39,1,18.61207735
3804,74949,74946,West Fork Little Pudding River,CREEK,ACT,60-482,72f6acc7-bb14-47ca-8aa9-b471266a81fd,1,25.19016445
3805,74950,74949,West Fork Little Pudding River,CREEK,ACT,60-482,b5e7f07b-843c-49de-bdbe-e323c7aefbbc,1,722.5913134
3806,4942,74952,West Fork Little Pudding River,CREEK,ACT,60-482,07545ce1-c050-40df-8930-3a7c4a84edec,1,18.33028489
3807,74955,74950,West Fork Little Pudding River,CREEK,ACT,60-482,3b45cae9-4a65-4fb5-b5f5-1344db968649,1,16.23211097
3808,74956,74950,West Fork Little Pudding River,CREEK,ACT,60-482,b87f3c89-510e-4a37-83e8-9490186f56fa,1,17.93737622
3809,74954,74950,West Fork Little Pudding River,CREEK,ACT,60-482,183a4a44-c277-4a15-a42d-af815000737e,1,18.14905832
3810,37620,4942,West Fork Little Pudding River,CREEK,ACT,60-482,2a9c3ae7-4768-46da-bccd-ed0efb279be5,1,284.5622445
3811,38067,77490,West Fork Little Pudding River,CREEK,ACT,57-472,332ecb54-18e0-4c63-8540-0dbcd6afe2b5,1,13.90567054
3812,16649,77490,West Fork Little Pudding River,CREEK,ACT,57-472,792a8533-9f16-48de-9a18-89604c116c3a,1,14.66263161
3813,77490,37636,West Fork Little Pudding River,CREEK,ACT,57-472,309081fb-78b8-4d48-a7b1-5d572637d71d,1,47.53840405
3814,77492,77491,West Fork Little Pudding River,CREEK,ACT,57-472,a786bdf6-54fb-426f-a834-0b15ae2d0934,1,1186.231393
3815,77491,16652,West Fork Little Pudding River,CREEK,ACT,57-472,2dcd2b6d-bf69-4fc8-ae4d-90e89e8a80d2,1,18.16485177
3816,114935,77493,West Fork Little Pudding River,CREEK,ACT,57-472,4b058e4a-6e4b-42d9-8e18-533c93b433da,1,763.263649
3817,77499,77500,West Fork Little Pudding River,CREEK,ACT,57-470,d7dc59c3-ca67-4216-aff1-8fcf01ca3933,1,12.49702042
3818,77497,77500,West Fork Little Pudding River,CREEK,ACT,57-470,8604551b-c1b3-4917-942b-18149d1a4b51,1,11.75622722
3819,77501,77496,West Fork Little Pudding River,CREEK,ACT,57-470,fbd106ed-f587-4a8f-9e34-5a69daa5d979,1,7.622885498
3820,77502,77501,West Fork Little Pudding River,CREEK,ACT,57-470,3764ea8e-62ac-43a3-90d5-f9adcedaefb0,1,54.59571258
3821,36710,68866,West Fork Little Pudding River,CREEK,ACT,57-474,dff53f26-7b28-4aa3-b06c-d7a4b5c08481,1,525.8929684
3822,36712,37634,West Fork Little Pudding River,CREEK,ACT,57-474,cfbe4936-95d9-4793-91cf-b32348446864,1,1704.616324
3824,16663,74618,East Fork Little Pudding River,CREEK,ACT,60-472,19197496-c19c-4ee7-bb2d-2b3d9368f83c,1,534.5965995
3825,37635,11801,East Fork Little Pudding River,CREEK,ACT,60-476,a8cf1aa1-c463-4bc6-819b-395c5be8fa5e,1,3509.641528
3826,74935,74938,East Fork Little Pudding River,CREEK,ACT,63-482,d1e00b5f-6e25-4714-a079-99c9c2d9e39a,1,1025.878907
3827,6814,37621,East Fork Little Pudding River,CREEK,ACT,63-480,14641581-989e-4fe6-bbda-b46220fbfadb,1,762.7050662
3829,191446,191447,West Fork Little Pudding River,CREEK,ACT,60-480,1b5be339-703f-4831-b41e-547fec8de44d,1,742.7228118
3830,13518,13362,West Fork Little Pudding River,CREEK,ACT,57-476,1ef6253a-cf25-4ad6-924c-8b47be16aba3,1,12.10476945
3831,17136,16763,East Fork Little Pudding River,CREEK,ACT,60-472,86685a0a-560d-4088-8634-38f963878032,1,736.1423412
3832,191448,5443,West Fork Little Pudding River,CREEK,ACT,60-482,1183ccf7-20b7-4be1-a8ff-925e64b1f0f1,1,315.5020194
3833,191444,6632,West Fork Little Pudding River,CREEK,ACT,60-480,80662ca9-48f8-4a03-95dd-0455f8c4ceaf,1,1277.073391
3834,5378,36696,West Fork Little Pudding River,CREEK,ACT,60-482,5f262a4c-06af-410b-8829-2011c5fad5a9,1,267.8812455
3835,36697,37202,East Fork Little Pudding River,CREEK,ACT,63-480,cc754a5d-026f-42d5-859e-3f8426642570,1,442.4574851
3836,10325,8764,East Fork Little Pudding River,CREEK,ACT,60-478,09bdf097-a45b-49ca-9288-c2d90cef5545,1,1300.128549
3837,8666,37364,East Fork Little Pudding River,CREEK,ACT,60-478,f60726b1-013b-4b58-b7ee-22cfa6867c7a,1,358.8846808
3838,38288,74932,East Fork Little Pudding River,CREEK,ACT,60-478,c9322d1b-79c3-4352-bcf7-df1b39465a6f,1,834.8023277
3839,74933,6939,East Fork Little Pudding River,CREEK,ACT,60-480,c59a94cd-a05b-4caf-9487-ee9975af2afb,1,742.2537421
3840,11692,125174,East Fork Little Pudding River,CREEK,ACT,60-476,01ca476a-09ff-4d75-be4b-648bcabc0e24,1,681.2530962
3841,191442,37358,West Fork Little Pudding River,CREEK,ACT,60-478,649f1797-3dbf-4c76-84f6-047eaa00fafd,1,623.9104649
3842,141490,120371,Trib. Davidson Creek (Trib. W Fork Little Pudding R.),CREEK,ACT,63-472,169509cf-5c83-46e7-baab-ef04be8bb6e8,1,740.6027284
3843,78143,93816,Trib. Davidson Creek (Trib. W Fork Little Pudding R.),CREEK,ACT,63-472,22e53f9e-03f1-4573-ba08-ff50e7c2ebbb,1,9.307691913
3844,78144,93816,Trib. Davidson Creek (Trib. W Fork Little Pudding R.),CREEK,ACT,63-472,c0efbefc-51df-4f0b-afcf-30c0c85705f5,1,9.535857544
3845,77495,114936,West Fork Little Pudding River,CREEK,ACT,57-470,1bb05cb5-c259-4fc0-b151-5e07140f8ee1,1,339.2283395
3846,114934,114935,West Fork Little Pudding River,CREEK,ACT,57-472,6eac608e-168a-43ea-bdb2-3758113a2220,1,10.16344884
3847,114933,114935,West Fork Little Pudding River,CREEK,ACT,57-472,959ec97b-6ec7-4b33-a343-3d6a4ec97b6d,1,8.019120266
3848,114936,114932,West Fork Little Pudding River,CREEK,ACT,57-470,40838e19-75cf-4931-9cb2-a9d261aab3c5,1,5.997467971
3849,38287,125173,East Fork Little Pudding River,CREEK,ACT,60-476,c2abba91-12e6-4325-8ba8-e1bd1b654ed1,1,8.664551011
3850,125172,125173,East Fork Little Pudding River,CREEK,ACT,60-476,bad6fc01-1775-4720-9687-21e7e1175706,1,8.838735205
3851,125174,37363,East Fork Little Pudding River,CREEK,ACT,60-476,2125eaf4-1cda-49ad-b179-7a03495c1c6e,1,7.589498466
3852,127098,128052,West Fork Little Pudding River,CREEK,ACT,57-468,ce2686fa-47b2-491e-b533-d99c7a58f427,1,863.6184351
3853,128053,128054,West Fork Little Pudding River,CREEK,ACT,57-468,226b2015-bc97-45ec-bed8-57bfb33bd802,1,780.5889465
3854,128055,128056,West Fork Little Pudding River,CREEK,ACT,57-470,2b62b7be-f068-4065-8886-15bae8b399f6,1,319.1389553
3855,128057,128058,West Fork Little Pudding River,CREEK,ACT,57-470,4c75b948-8c94-4e8b-8061-45d4baf71cd1,1,240.8008788
3856,93816,141490,Trib. Davidson Creek (Trib. W Fork Little Pudding R.),CREEK,ACT,63-472,e64cbfd5-c0b8-4e9c-93c7-7162d96971d4,1,575.6637137
3859,166132,79429,Trib. West Middle Fork Little Pudding River,CREEK,ACT,60-464,34f8cf53-77fc-40fe-9fe1-208191d722eb,1,4.481551656
3860,166131,166133,Trib. West Middle Fork Little Pudding River,CREEK,ACT,60-464,3b8b0739-f252-4865-945a-7831f18a26df,1,6.111859237
3861,79428,166133,Trib. West Middle Fork Little Pudding River,CREEK,ACT,60-464,fdd526bc-9168-4c91-bb15-4ca2ab90398d,1,4.958310055
3862,191163,86808,West Middle Fork Little Pudding River,CREEK,ACT,63-468,8179ec73-4593-4836-97d5-21cc846d3a71,1,2061.441343
3863,147250,79434,Trib. West Middle Fork Little Pudding River,CREEK,ACT,60-462,444df4b0-56b7-4f9f-b3b6-45bcea6b6b89,1,98.81199071
3864,191411,79432,Trib. West Middle Fork Little Pudding River,CREEK,ACT,60-462,42e4bc97-b570-4604-a6cc-83666339f46d,1,60.65084317
3865,191410,191411,Trib. West Middle Fork Little Pudding River,CREEK,ACT,60-462,f414e401-5316-4628-8855-a296bd1b4c74,1,18.86892484
3866,79432,79433,Trib. West Middle Fork Little Pudding River,CREEK,ACT,60-464,478bc9d6-9127-4142-a67e-6df1107803c7,1,21.11742921
3867,79429,79428,Trib. West Middle Fork Little Pudding River,CREEK,ACT,60-464,252cffc0-0fb2-4bf5-90f0-1bb5570b6a11,1,24.72457279
3868,166130,166131,Trib. West Middle Fork Little Pudding River,CREEK,ACT,60-464,1da7c8e0-0139-446a-aae9-1529214189ba,1,23.79697543
3869,79422,79424,Trib. West Middle Fork Little Pudding River,CREEK,ACT,60-464,937d24d8-27cd-40d1-9058-8d93e7702b99,1,60.7792524
3870,79426,191412,Trib. West Middle Fork Little Pudding River,CREEK,ACT,60-464,bdc1564e-30f9-4b0d-9a24-f7c1d9990c17,1,466.639494
3871,191412,191413,Trib. West Middle Fork Little Pudding River,CREEK,ACT,60-464,d8cbb574-99ca-4995-83bf-b304da5e4f1c,1,15.5874822
3872,191413,191414,Trib. West Middle Fork Little Pudding River,CREEK,ACT,60-464,32c8ff6e-ea6a-4209-b64c-1d15d1639d86,1,216.3322028
3873,191414,191415,Trib. West Middle Fork Little Pudding River,CREEK,ACT,60-464,6d5e2aae-ae85-4540-928e-e39edbe78bb8,1,11.61993563
3874,191415,191416,Trib. West Middle Fork Little Pudding River,CREEK,ACT,60-464,8a60ff9a-e190-4189-a838-ee4316eaf95b,1,503.3214535
3875,191416,191417,Trib. West Middle Fork Little Pudding River,CREEK,ACT,60-464,19456c8e-f6fd-42d0-8e9a-e4f056421f62,1,76.20655824
3876,191417,191418,Trib. West Middle Fork Little Pudding River,CREEK,ACT,60-464,325bc45e-9e23-4c41-9d80-969fe9fb880c,1,1002.808048
3877,191418,191419,Trib. West Middle Fork Little Pudding River,CREEK,ACT,60-464,6b7823a2-b169-4204-a968-83a49fd5ed5d,1,228.838358
3878,191419,191420,Trib. West Middle Fork Little Pudding River,CREEK,ACT,60-464,5cb48477-1051-4022-b82d-013c37462d8e,1,581.672521
3879,191420,191421,Trib. West Middle Fork Little Pudding River,CREEK,ACT,60-464,49a212d1-dbe9-4df0-9778-0c556c895ace,1,76.43824165
3880,191421,191422,Trib. West Middle Fork Little Pudding River,CREEK,ACT,60-464,f23ea23f-ca98-468f-942d-547893ed01ff,1,358.4923345
3881,191422,191423,Trib. West Middle Fork Little Pudding River,CREEK,ACT,60-464,2278b8c0-2bfe-460a-b1f5-cb0107cc233c,1,104.0192684
3882,191423,191424,Trib. West Middle Fork Little Pudding River,CREEK,ACT,60-464,b14f8f9d-98e2-4e6b-84a6-cecc4f9cc0ea,1,906.9336307
3883,191424,191425,Trib. West Middle Fork Little Pudding River,CREEK,ACT,60-464,dbb29c3a-110a-4781-85cb-7398524cce5e,1,31.85867041
3884,191427,86808,Trib. West Middle Fork Little Pudding River,CREEK,ACT,60-464,8e129a0e-fb99-46c1-8d71-7aa048ca7505,1,464.5698978
3885,191426,191427,Trib. West Middle Fork Little Pudding River,CREEK,ACT,60-464,2fe5224a-a4ab-403f-9202-d8d4244376c3,1,24.38029436
3886,78451,191428,Trib. Davidson Creek (Trib. W Fork Little Pudding R.),CREEK,ACT,60-470,98e9ef58-25a0-4742-96c5-06a5aa373b98,1,282.6954441
3887,191428,191429,Trib. Davidson Creek (Trib. W Fork Little Pudding R.),CREEK,ACT,60-470,51167b01-5ec2-4f8f-b3d9-f8d28de0a3d2,1,42.08436648
3888,191429,191431,Trib. Davidson Creek (Trib. W Fork Little Pudding R.),CREEK,ACT,60-470,055bc73f-283f-4577-90e1-581c6030d36d,1,364.0552219
3889,191431,191430,Trib. Davidson Creek (Trib. W Fork Little Pudding R.),CREEK,ACT,60-470,225c2ff0-df75-4567-bda2-86f7eda040c9,1,23.52235908
3890,191430,191432,Trib. Davidson Creek (Trib. W Fork Little Pudding R.),CREEK,ACT,60-470,86c7021e-71ed-4135-b4d4-10c531eec110,1,80.40779081
3891,191432,191433,Trib. Davidson Creek (Trib. W Fork Little Pudding R.),CREEK,ACT,60-470,5630e91a-df78-466a-a3da-fda5c82b87c3,1,94.9848259
3892,137666,137667,Trib. Davidson Creek (Trib. W Fork Little Pudding R.),CREEK,ACT,60-472,eb5cfa06-14d1-4c68-bcd8-4c1ecc314691,1,36.55135888
3893,16839,191434,Trib. Davidson Creek (Trib. W Fork Little Pudding R.),CREEK,ACT,63-472,a3b9cb30-c48b-4329-8b2a-1b39544c5015,1,151.2757416
3894,128052,128053,West Fork Little Pudding River,CREEK,ACT,57-468,fdbe6e49-2a09-4c73-8865-854330cd2858,1,48.34584969
3895,128054,128055,West Fork Little Pudding River,CREEK,ACT,57-468,e56faf1b-c3a9-470e-8ad3-a7f99c19d5c1,1,78.91377762
3896,128056,128057,West Fork Little Pudding River,CREEK,ACT,57-470,dcc52f8e-3822-4783-b939-060666cc6eb4,1,132.6488115
3897,128058,128059,West Fork Little Pudding River,CREEK,ACT,57-470,ed96a8b3-1a84-4885-92a9-109bcd5f732f,1,54.45171186
3898,77504,77506,West Fork Little Pudding River,CREEK,ACT,57-470,a3b65a94-97b5-4d11-8458-f411f4bbd48e,1,90.56351293
3899,77503,77505,West Fork Little Pudding River,CREEK,ACT,57-470,6f18e297-4512-480d-a495-4f70a6b03320,1,91.11622878
3900,77498,77499,West Fork Little Pudding River,CREEK,ACT,57-470,26cd3059-f255-4edb-b01a-87d98fe881f3,1,76.284969
3901,77496,77497,West Fork Little Pudding River,CREEK,ACT,57-470,c9f91bc2-d496-453b-be9a-da98377eb1d5,1,77.26189743
3902,77494,77495,West Fork Little Pudding River,CREEK,ACT,57-470,4919cddb-754f-4092-a19a-3cf2ee179c25,1,68.62522986
3903,114931,114933,West Fork Little Pudding River,CREEK,ACT,57-470,276fe4b7-1315-445a-adf5-cafff0629938,1,227.9822974
3904,114932,114934,West Fork Little Pudding River,CREEK,ACT,57-470,762697e5-600b-42d3-82e6-11a2329829c2,1,227.8925689
3905,77493,77492,West Fork Little Pudding River,CREEK,ACT,57-472,ded6d776-31f5-4e05-8e9e-f878fd04faf5,1,108.1531334
3906,16652,16649,West Fork Little Pudding River,CREEK,ACT,57-472,4f832904-01b3-48f3-ae33-f521426de45e,1,106.2712722
3907,37143,38067,West Fork Little Pudding River,CREEK,ACT,57-472,9510ee85-7735-445e-ab59-e59313227fb7,1,106.3314652
3908,37636,36712,West Fork Little Pudding River,CREEK,ACT,57-472,c80dc3d2-5a3b-47d6-95c1-45ab225e3f9c,1,53.37987201
3909,37634,36710,West Fork Little Pudding River,CREEK,ACT,57-474,68d1c965-27d2-4dcf-bb2d-8098bbe2138e,1,43.72646005
3910,68867,13518,West Fork Little Pudding River,CREEK,ACT,57-476,c5a91790-97fa-4850-afdb-36f4816aaa34,1,62.09428292
3911,11494,11388,West Fork Little Pudding River,CREEK,ACT,57-476,30f59e20-0720-4ded-bd68-b154a9208c65,1,136.9876949
3912,11377,191435,West Fork Little Pudding River,CREEK,ACT,60-478,505a6cb5-7e6c-4018-b578-d0c0643438ac,1,530.618642
3913,191435,191436,West Fork Little Pudding River,CREEK,ACT,60-478,0e749b2e-a7fd-474d-8800-1348da1fe4b1,1,4.446719934
3914,191436,191437,West Fork Little Pudding River,CREEK,ACT,60-478,797266dd-8255-4e2e-907c-0557914df9f7,1,153.7669523
3915,191437,191438,West Fork Little Pudding River,CREEK,ACT,60-478,02c81c9b-0845-4efd-b0e2-b821fdd3e654,1,10.16459181
3916,191438,191439,West Fork Little Pudding River,CREEK,ACT,60-478,073410d4-4cfb-4ac9-b138-56d964236dc3,1,601.343388
3917,191439,191440,West Fork Little Pudding River,CREEK,ACT,60-478,cc01d56d-65dc-4a0f-bc7e-0a7874b84f9e,1,21.06953779
3918,8920,8754,West Fork Little Pudding River,CREEK,ACT,60-478,9a953789-b545-4815-b78c-cdae9162af3e,1,140.5473922
3919,8754,191441,West Fork Little Pudding River,CREEK,ACT,60-478,a51ac9b6-be79-4405-aa3a-db5eea9c4540,1,341.8038289
3920,191441,191442,West Fork Little Pudding River,CREEK,ACT,60-478,063b6173-6697-42d9-b248-6b7e0f38a72b,1,37.54231126
3921,37358,38282,West Fork Little Pudding River,CREEK,ACT,60-480,c14b8a80-c666-4808-80f5-6343ae45dff2,1,60.57432492
3922,80372,80375,West Fork Little Pudding River,CREEK,ACT,60-480,575262b8-965a-4029-96ec-edcea511b01a,1,42.22794887
3923,80373,80376,West Fork Little Pudding River,CREEK,ACT,60-480,68cf8698-9dfa-43df-b433-a25a13d9eb8e,1,43.454909
3924,80374,80377,West Fork Little Pudding River,CREEK,ACT,60-480,0465d1d5-01a2-4e23-b6a3-971d9260081f,1,43.58500643
3925,80378,191443,West Fork Little Pudding River,CREEK,ACT,60-480,c483a91f-d869-40c2-9fd1-092f9bf68f50,1,529.0795268
3926,191443,191444,West Fork Little Pudding River,CREEK,ACT,60-480,aa6788a1-c86d-48d3-b885-fe4f097c935c,1,7.225314817
3927,6632,6570,West Fork Little Pudding River,CREEK,ACT,60-480,08b71479-a734-4749-9cc9-859ae1d19a1a,1,47.44272704
3928,6570,191445,West Fork Little Pudding River,CREEK,ACT,60-480,60fa1dda-5816-418e-9ba0-0dc266ad504c,1,128.1464889
3929,191445,191446,West Fork Little Pudding River,CREEK,ACT,60-480,24ca7b9c-a88d-40d5-8437-65f9d56773ad,1,5.518779578
3930,191447,163891,West Fork Little Pudding River,CREEK,ACT,60-482,606c9aad-9b2a-4590-b91a-84378688736c,1,13.95363026
3931,163890,163892,West Fork Little Pudding River,CREEK,ACT,60-482,1c949731-a680-43f8-9393-dab5af7bdc8d,1,76.92880206
3932,37361,38285,West Fork Little Pudding River,CREEK,ACT,60-482,64be4162-2406-47a2-94e5-f598dfdcc9b5,1,78.17860461
3933,163891,5700,West Fork Little Pudding River,CREEK,ACT,60-482,91d70ff6-6eac-4a40-836c-5a51fb2a507e,1,77.45988795
3934,5443,5378,West Fork Little Pudding River,CREEK,ACT,60-482,1c70179b-1957-4733-8635-53d63a300fbe,1,57.81675576
3935,36696,37620,West Fork Little Pudding River,CREEK,ACT,60-482,d98a5f88-6475-4cfc-9df2-f57e6778cc86,1,53.37648195
3936,74952,74955,West Fork Little Pudding River,CREEK,ACT,60-482,c5b46095-0295-499d-b1ee-706791f894d6,1,60.94971818
3937,74951,74954,West Fork Little Pudding River,CREEK,ACT,60-482,cfaadd61-2206-4c1d-86cf-8341c8bbc2bf,1,61.08084293
3938,74953,74956,West Fork Little Pudding River,CREEK,ACT,60-482,cb7bd941-d10f-4897-a4ea-06b720fa9a45,1,62.56775935
3939,74946,74942,West Fork Little Pudding River,CREEK,ACT,60-482,76bc693f-463d-475a-b648-d9d6d31c13ee,1,59.53461046
3940,74945,74941,West Fork Little Pudding River,CREEK,ACT,60-482,efcc771f-7789-4f32-8f56-d8192dbeb062,1,59.19288748
3941,74947,74943,West Fork Little Pudding River,CREEK,ACT,60-482,10f50e17-d431-4830-aa60-0f56a3cd0c01,1,60.21016967
3942,74944,74940,West Fork Little Pudding River,CREEK,ACT,60-482,e0d583d5-7129-4ad2-97ae-8b64cbeb3bfb,1,59.60006381
3943,57343,57344,West Fork Little Pudding River,CREEK,ACT,63-484,9366178e-6999-402b-b906-29fe6d302c92,1,80.53205406
3944,16763,16680,East Fork Little Pudding River,CREEK,ACT,60-472,b960474b-5a6d-482b-b1f5-b63c1dda3ab7,1,66.33542809
3945,74618,74619,East Fork Little Pudding River,CREEK,ACT,60-474,ca37742d-6149-4e7a-97db-91a09e53ab88,1,24.5065654
3946,36711,37635,East Fork Little Pudding River,CREEK,ACT,60-474,767fa1f9-8407-4715-b55f-2d29a52f4805,1,147.6299624
3947,11801,11692,East Fork Little Pudding River,CREEK,ACT,60-476,03c139e6-98ae-4d6b-9e92-4a1bc6213a33,1,93.29957235
3948,125171,125172,East Fork Little Pudding River,CREEK,ACT,60-476,42ebde0e-dc4f-476d-95e8-eca1a0dfdbdd,1,71.91530832
3949,37363,38287,East Fork Little Pudding River,CREEK,ACT,60-476,56d87839-95aa-442d-bdcd-3efa8706cdf7,1,72.33245342
3950,191452,74620,East Fork Little Pudding River,CREEK,ACT,60-478,44f3bef4-6dfe-4de5-a5e8-e3ddd3cc8e8b,1,187.338573
3951,191451,191452,East Fork Little Pudding River,CREEK,ACT,60-478,d1912847-5b52-40cc-a82a-3d6b5d9352f5,1,57.91884492
3952,10466,10325,East Fork Little Pudding River,CREEK,ACT,60-478,6cf41edc-6f64-49e6-ac17-e8f8bf04de69,1,136.8832143
3953,74622,37920,East Fork Little Pudding River,CREEK,ACT,60-478,23b0bd08-b7be-4af5-9713-45ca9e170cfa,1,67.63405538
3954,37919,36995,East Fork Little Pudding River,CREEK,ACT,60-478,3814ff53-28c8-49fd-8823-dcbc4c84bfdf,1,66.90257681
3955,37364,38288,East Fork Little Pudding River,CREEK,ACT,60-478,26b4b6e8-da0a-48ef-a78e-f88dd87ac5ba,1,59.32763598
3956,37365,38289,East Fork Little Pudding River,CREEK,ACT,60-480,30bab13e-5588-459f-ac91-e994d7869ada,1,25.99228812
3957,74930,74931,East Fork Little Pudding River,CREEK,ACT,60-480,6ea0cfb3-7e0c-4777-a81c-24337b395db9,1,25.25048129
3958,6939,6814,East Fork Little Pudding River,CREEK,ACT,63-480,6fd74a95-4d7e-4093-9cca-c62d399b98bf,1,212.6545662
3959,37621,36697,East Fork Little Pudding River,CREEK,ACT,63-480,0ceea624-3ab6-4541-a504-dddff704e4e4,1,81.86881209
3960,37202,38126,East Fork Little Pudding River,CREEK,ACT,63-482,84baae0c-7125-4905-bfd5-227c8e821af5,1,81.4467551
3961,5077,4982,East Fork Little Pudding River,CREEK,ACT,60-482,139ba251-30dd-420b-8560-45801d7ab843,1,116.5660366
3962,5078,4981,East Fork Little Pudding River,CREEK,ACT,60-482,13af2766-946e-4913-a0ec-5f571ef7b54b,1,117.0849046
3963,5549,5410,East Fork Little Pudding River,CREEK,ACT,63-482,9052207d-b207-490e-b9c1-55e0e198145f,1,278.6629431
3964,5410,5078,East Fork Little Pudding River,CREEK,ACT,60-482,0ea2eac1-e7e9-4169-993d-8f1ab5946160,1,460.4152306
3965,5409,5077,East Fork Little Pudding River,CREEK,ACT,60-482,ae93df55-d827-4484-b11f-29d91741a96e,1,460.4260999
3966,5548,5409,East Fork Little Pudding River,CREEK,ACT,63-482,a89eac91-df13-48c1-b101-1755e38a2b60,1,287.636484
3967,37360,38284,East Fork Little Pudding River,CREEK,ACT,63-482,3ef6dbae-6681-4ccc-acfa-9ba0333d37b1,1,54.59213663
3968,57345,57650,West Fork Little Pudding River,CREEK,ACT,63-484,24aebb29-4bec-48e4-99a3-d7bda9c80b64,1,27.77398634
3969,191778,191779,North Fork Little Pudding River,CREEK,ACT,66-500,781fb29b-5132-428e-9a32-f1bcd082a6f6,1,23.84631957
3970,191779,191780,North Fork Little Pudding River,CREEK,ACT,66-500,578ce85d-d49f-48ef-9838-738aea319079,1,299.4702942
3971,191780,191781,North Fork Little Pudding River,CREEK,ACT,66-500,0f38db5f-6d35-4043-90c5-f040d5ee7d9f,1,15.91928919
3972,191781,191782,North Fork Little Pudding River,CREEK,ACT,66-500,55b23995-b4df-4577-acb5-64245d4fb260,1,1464.50176
3973,191782,191783,North Fork Little Pudding River,CREEK,ACT,66-500,96554af3-9006-4539-a07c-01eca15df6d6,1,46.30265986
3974,37357,38281,North Fork Little Pudding River,CREEK,ACT,60-494,83a3a156-4d9b-4264-8e59-c4747daee576,1,79.97476609
3975,38346,38344,North Fork Little Pudding River,CREEKEPH,ACT,60-494,6c8303f7-b6d0-483a-b599-342a935a5e61,1,22.02828778
3976,38341,38346,North Fork Little Pudding River,CREEK,ACT,60-494,aa5b7dce-4b07-42b8-a15d-e10fe94c2c5d,1,31.93681252
3977,38353,38347,North Fork Little Pudding River,CREEK,ACT,60-494,8f3fa1f6-2322-4ed8-bc0e-fe402817afe7,1,32.48701013
3978,38340,38349,North Fork Little Pudding River,CREEK,ACT,60-494,023f7099-adb7-46f9-ae23-f597d12d68fd,1,70.03598091
3979,38356,38348,North Fork Little Pudding River,CREEK,ACT,60-494,c3581fab-1708-419e-943f-6b3985d45047,1,70.5707552
3980,38350,38342,North Fork Little Pudding River,CREEK,REM,63-494,67446130-102a-452b-a820-a7086bbdc52c,1,827.2413648
3981,191755,191760,North Fork Little Pudding River,CREEKEPH,ACT,60-492,4e4e896c-b9ad-496f-93b0-b00df6829c0d,1,100.1656705
3982,191760,191761,North Fork Little Pudding River,CREEKEPH,ACT,60-492,306633c2-8077-4ba8-906c-a8aa14b7ed43,1,9.400891146
3983,191761,191756,North Fork Little Pudding River,CREEKEPH,ACT,60-492,8e34e321-2bea-490a-bd87-6150ad3fff81,1,14.50498111
3984,191756,191757,North Fork Little Pudding River,CREEKEPH,ACT,60-492,fcaf5b7a-bf78-46a6-ad88-4bc1dc214579,1,17.39587181
3985,191757,191758,North Fork Little Pudding River,CREEKEPH,ACT,60-492,880ad291-2ea3-49f4-bcf3-b7cd41a39d36,1,42.79020124
3986,191758,191759,North Fork Little Pudding River,CREEKEPH,ACT,60-492,a3cf70db-d678-48c7-8693-bdbcce11a9eb,1,9.503832321
3987,81040,81041,North Fork Little Pudding River,CREEK,ACT,60-494,66fec8ea-e44c-4656-9b9c-1144b902812a,1,78.60584865
3988,191762,191763,North Fork Little Pudding River,CREEKEPH,ACT,63-494,58c56858-775a-49b2-9e85-f8c0147512b6,1,13.01566188
3989,38167,37243,North Fork Little Pudding River,CREEK,ACT,63-496,11df383e-8e09-48a4-b382-26dd0b83a92d,1,115.6741972
3990,37243,191764,North Fork Little Pudding River,CREEK,ACT,66-500,f71299c7-c596-4e39-a514-f2a13460a035,1,175.1295361
3991,191764,191765,North Fork Little Pudding River,CREEK,ACT,66-500,f202333e-51d3-46c5-a5f9-7a1147fea5b7,1,34.48788651
3992,191765,191766,North Fork Little Pudding River,CREEK,ACT,66-500,c50b1a55-f742-40ac-8523-e6a17aff5d4f,1,97.46632771
3993,191766,191767,North Fork Little Pudding River,CREEK,ACT,66-500,ffc952ef-69e0-42da-ae1f-335aa35758da,1,82.08429855
3994,191767,191768,North Fork Little Pudding River,CREEK,ACT,66-500,2b6d345b-8d67-42ef-9acf-480e749b62f5,1,541.0548554
3995,191768,191769,North Fork Little Pudding River,CREEK,ACT,66-500,b283ae6b-1844-4179-abd5-06ac2a8678c6,1,48.70280499
3996,191769,191770,North Fork Little Pudding River,CREEK,ACT,66-500,499a23ec-efa0-4114-9262-e9907eb7f2b8,1,316.1683642
3997,191770,191771,North Fork Little Pudding River,CREEK,ACT,66-500,1c1ca094-63be-485e-b5fc-5c4452e3529b,1,34.81848101
3998,191771,191772,North Fork Little Pudding River,CREEK,ACT,66-500,4e978b20-ea7c-479f-b346-ba12d33d5d2f,1,428.5828409
3999,191772,191773,North Fork Little Pudding River,CREEK,ACT,66-500,76e0a3af-cc4e-4cde-99d0-e46a4416394f,1,35.48509499
4000,191773,191774,North Fork Little Pudding River,CREEK,ACT,66-500,8cb63ad9-0608-4759-92c9-31a858ab168b,1,553.6144671
4001,191774,191775,North Fork Little Pudding River,CREEK,ACT,66-500,3b1e621e-7304-4736-a3ed-cc8497ba50de,1,45.41274048
4002,191775,191776,North Fork Little Pudding River,CREEK,ACT,66-500,f2f4d564-3659-4ed1-9c8c-3d507e18148f,1,332.6390081
4003,191776,191777,North Fork Little Pudding River,CREEK,ACT,66-500,c346726e-7582-4327-9208-a8258c6d0e1c,1,23.88464843
4004,191777,191778,North Fork Little Pudding River,CREEK,ACT,66-500,3b74a877-8493-408b-a1fb-87ef99e5932e,1,1339.459341
4005,191735,57657,West Fork Little Pudding River,CREEK,ACT,63-486,42242b8c-5615-4e8a-86a2-890067a5cfa8,1,1599.900605
4006,57988,37021,West Fork Little Pudding River,CREEK,ACT,63-488,23c8c3ed-e46b-46d1-956d-063ce968abbd,1,123.0398257
4007,191737,100850,West Fork Little Pudding River,CREEK,ACT,63-488,bbd3a3a9-ae78-4e3c-8b22-8d1af25fae03,1,1098.513656
4008,191783,68901,North Fork Little Pudding River,CREEK,ACT,66-500,b3ebc2a9-d977-4c2f-aa43-4f25e88a1d00,1,10656.90567
4009,191759,68902,North Fork Little Pudding River,CREEKEPH,ACT,60-492,822d0820-d52c-472c-ab45-dc79e4d48efd,1,45.82883615
4011,81037,38167,North Fork Little Pudding River,CREEKEPH,ACT,63-496,eb87a0fc-7174-47e9-b707-5f11f3d35a79,1,147.4218794
4012,191763,81038,North Fork Little Pudding River,CREEKEPH,ACT,63-494,1e481ec9-f9b8-4ae6-88a0-c6b22f9dd6f0,1,404.4408217
4013,81041,81039,North Fork Little Pudding River,CREEK,ACT,60-494,b06a9cbf-c818-4455-9ac5-3d11cb98869d,1,12.90640135
4014,38281,81039,North Fork Little Pudding River,CREEK,ACT,60-494,dfbc8ec7-8e88-47f5-a278-c09c7541e6e3,1,11.55389543
4015,81346,81040,North Fork Little Pudding River,CREEK,ACT,60-494,4ba80eb7-ac5f-4955-9e25-46059c9c82e5,1,12.12138459
4016,68902,630,North Fork Little Pudding River,CREEK,ACT,60-492,4e61f80a-fcec-4ffd-8151-88808e5d8565,1,146.2896034
4017,635,81346,North Fork Little Pudding River,CREEK,ACT,60-494,6cb7332a-845b-4782-a020-147563e85f35,1,1141.120222
4018,38344,38436,North Fork Little Pudding River,CREEKEPH,ACT,60-494,eba16474-65ae-4c0e-bcc8-0da671ce3c59,1,138.4355007
4019,38436,38356,North Fork Little Pudding River,CREEKEPH,ACT,60-494,707a8248-b67f-4f18-b18c-9ec2f6fc9320,1,10.29279127
4020,38348,38434,North Fork Little Pudding River,CREEKEPH,ACT,63-494,a01ddebe-ec7b-43a5-abcd-5c6d963c5df6,1,7.409542168
4021,38349,38434,North Fork Little Pudding River,CREEKEPH,ACT,60-494,3d980d9d-6b99-4576-aa34-484424738dfc,1,13.39034557
4022,81038,81037,North Fork Little Pudding River,CREEKEPH,ACT,63-496,2943086d-ae74-4757-acf5-b14cb68280ea,1,1375.78013
4023,55092,191743,Davidson Creek (Trib. West Fork Little Pudding R.),CREEK,ACT,66-460,e9e55c76-e4e1-49cf-bb0b-1651a9ada50a,1,17.12962618
4024,100856,100857,West Fork Little Pudding River,CREEK,ACT,63-490,b00b6983-e80b-447d-b554-23e696181d47,1,413.7345792
4025,191739,191740,West Fork Little Pudding River,CREEK,ACT,63-490,7966c8bd-358f-4328-b624-389b06e3f6dc,1,547.3048098
4026,191741,191742,West Fork Little Pudding River,CREEK,ACT,66-490,1bf24895-c51d-44f6-92b0-de52a9be9578,1,6789.014606
4027,57653,57654,West Fork Little Pudding River,CREEK,ACT,63-484,a3cad4a9-8253-4285-99c2-b9a43551fd99,1,101.678771
4028,57655,57656,West Fork Little Pudding River,CREEK,ACT,63-484,22632e62-dfc1-4898-966a-117285fa0a7b,1,133.0884982
4029,57656,191453,West Fork Little Pudding River,CREEK,ACT,63-486,03dfed70-d646-4e95-a8e5-d0f73f9ef595,1,406.9701028
4030,191453,191454,West Fork Little Pudding River,CREEK,ACT,63-486,fe3d2ed8-8bcf-41be-9c9b-bf7b0b4636a4,1,29.3153197
4031,191454,191455,West Fork Little Pudding River,CREEK,ACT,63-486,8589996b-eb2b-41fc-8006-7e5724cefe00,1,568.5524566
4032,191455,191456,West Fork Little Pudding River,CREEK,ACT,63-486,690455d4-1014-4c25-88a4-2dfbbf5bfed7,1,16.1245155
4033,191456,191457,West Fork Little Pudding River,CREEK,ACT,63-486,13e081ee-8c7f-4bbe-9cf6-7bb65dfd2b09,1,414.1354851
4034,191457,191732,West Fork Little Pudding River,CREEK,ACT,63-486,4295a788-5574-4ed3-bb85-7aa12bb3e526,1,18.59841749
4035,191732,191731,West Fork Little Pudding River,CREEK,ACT,63-486,b3f252b0-cf61-4b2b-94b8-4ca83d645697,1,75.64405636
4036,191731,191733,West Fork Little Pudding River,CREEK,ACT,63-486,a1e0a067-6c2d-4fb9-9e66-6dfb6facf196,1,17.6719497
4037,191733,191734,West Fork Little Pudding River,CREEK,ACT,63-486,6a7c3d32-8d6b-46db-bc48-3e6f243e2889,1,641.6986301
4038,191734,191735,West Fork Little Pudding River,CREEK,ACT,63-486,fa728332-4f16-4ec5-9e14-a3446a88f7b6,1,26.05754011
4039,57657,57658,West Fork Little Pudding River,CREEK,ACT,63-488,24ff00fb-8b19-487b-b000-8ab5c75e8d9c,1,22.81701798
4040,57989,57988,West Fork Little Pudding River,CREEK,ACT,63-488,7aee950c-3d9c-487a-9813-758821c2cc20,1,40.05705617
4041,37021,37945,West Fork Little Pudding River,CREEK,ACT,63-488,4ed596df-7c0a-4e65-9466-fd264cd476cc,1,57.41618565
4042,37945,191736,West Fork Little Pudding River,CREEK,ACT,63-488,91c5ba1c-dd7f-4630-af43-3a8a05637c9d,1,547.5015094
4043,191736,191737,West Fork Little Pudding River,CREEK,ACT,63-488,80817fe8-ec21-41a0-b638-fe7bc935abf9,1,13.09101454
4044,100851,100852,Trib. West Fork Little Pudding River,CREEK,ACT,63-490,3b9b2571-dac8-402f-b691-7b5fc02c86b8,1,84.01525248
4045,100850,100856,West Fork Little Pudding River,CREEK,ACT,63-490,f118626b-686b-439f-bfdf-f6fc0aa9e958,1,27.25161976
4046,100857,100858,West Fork Little Pudding River,CREEK,ACT,63-490,62c9ff0a-c779-419e-8e6d-32a18210ef22,1,29.09844522
4047,100858,191738,West Fork Little Pudding River,CREEK,ACT,63-490,5362d029-1dc4-44d1-b3ed-52adac1a4353,1,251.6147163
4048,191738,191739,West Fork Little Pudding River,CREEK,ACT,63-490,f50cb0f6-63ea-4219-bb70-8aaa05c943f9,1,41.68259789
4049,191740,191741,West Fork Little Pudding River,CREEK,ACT,63-490,ac4b62b8-0b62-41a8-8d61-b5775825daa1,1,32.29768761
4050,55091,55092,Davidson Creek (Trib. West Fork Little Pudding R.),CREEK,ACT,66-460,06de7676-6e5e-4cf0-88f3-faba59ae03ff,1,39.55052893
4051,101174,191744,North Fork Little Pudding River,CREEKEPH,ACT,60-492,89dd58e4-177a-49b7-87f9-59fdd87634a9,1,181.0104642
4052,191744,191746,North Fork Little Pudding River,CREEKEPH,ACT,60-492,3d920f4c-132e-4071-aa4b-f01913074457,1,70.82685539
4053,191746,191745,North Fork Little Pudding River,CREEKEPH,ACT,60-492,69bf3f64-9f0a-4bae-a87d-35eeaa786c3f,1,277.3381827
4054,191745,191747,North Fork Little Pudding River,CREEKEPH,ACT,60-492,3e79b36e-a0d7-4fbd-9735-d8d3bf4f0504,1,53.54486535
4055,191747,191748,North Fork Little Pudding River,CREEKEPH,ACT,60-492,76df69ee-c4fb-4583-887c-36d7abf14549,1,477.6623161
4056,191748,191749,North Fork Little Pudding River,CREEKEPH,ACT,60-492,e6bce088-87a5-45c0-a9e8-6b5c6f94809a,1,55.48393541
4057,191749,191750,North Fork Little Pudding River,CREEKEPH,ACT,60-492,6d5286c2-c0a4-4239-9790-a9b072bc11b5,1,299.4251105
4058,191750,191751,North Fork Little Pudding River,CREEKEPH,ACT,60-492,97f60ac7-85f7-4453-ae9b-a13431858bd9,1,17.34534731
4059,191751,191752,North Fork Little Pudding River,CREEKEPH,ACT,60-492,928e0bff-39de-4c8d-acaf-7a792eddd9f7,1,173.6875416
4060,191752,191753,North Fork Little Pudding River,CREEKEPH,ACT,60-492,8afefc23-2fd6-49fa-9a66-7654a2687e24,1,16.0820442
4061,191753,191754,North Fork Little Pudding River,CREEKEPH,ACT,60-492,e7697d85-ecf0-4728-9a3c-26211e96468a,1,163.3835532
4062,191754,191755,North Fork Little Pudding River,CREEKEPH,ACT,60-492,5d5f9653-2164-449d-9e47-f7478e831eb0,1,27.39178534
4066,27436,129050,West Middle Fork Little Pudding River,CREEK,ACT,63-458,0de0bf28-c560-4a5b-8486-195e9a0fd5b5,1,666.9702885
4067,129050,26809,West Middle Fork Little Pudding River,CREEK,ACT,63-458,e0f9759d-702a-4e3e-9c1a-9e7b42c64137,1,612.0095594
4068,185657,185658,Croisan Creek,CREEK,ACT,24-448,e36063bd-8152-49a6-a966-242767952b84,1,1258.068162
4069,185658,185659,Croisan Creek,CREEK,ACT,24-448,a10e7681-5a6b-4874-a444-7b5fd25733ec,1,22.81550999
4070,185699,192050,Croisan Creek,CREEK,ACT,33-458,6a55630d-cb37-472e-9c45-0f93dd3a5379,1,541.3879835
4071,183097,88742,South Fork Battle Creek,CREEK,ACT,33-444,46e6eac6-dcc6-4633-8e27-f584ac0a04bc,1,1508.674902
4072,192051,185701,Croisan Creek,CREEK,ACT,33-458,ed543b9b-28b3-428f-9100-069d550237d9,1,1611.589041
4073,185701,26366,Croisan Creek,CREEK,ACT,33-458,f7c4c24e-16ed-4999-9789-f2c20fdad4a8,1,16.37307924
4074,192050,192051,Croisan Creek,CREEK,ACT,33-458,b6912528-1f61-403d-82dc-f3e4b56e438b,1,28.73202943
4075,185704,185705,Croisan Creek,CREEK,ACT,33-462,aa2baae8-7d1b-4352-b7f9-e7e6fcef3de6,1,22.53813343
4076,185705,185707,Croisan Creek,CREEK,ACT,33-462,7f25339b-112f-477f-b83a-bdcc5174377c,1,155.8686159
4077,185707,185706,Croisan Creek,CREEK,ACT,33-462,e63fb526-3711-47f7-95c0-464547b3bdd6,1,13.39630264
4078,24103,185710,Trib. Croisan Creek,CREEKINT,ACT,33-462,581919c0-c35f-48e3-97bb-fcab47006121,1,265.1897979
4079,185710,185711,Trib. Croisan Creek,CREEKINT,ACT,33-462,01ff679c-bdfe-4aba-9704-d97c92039e68,1,34.40823501
4080,37773,185712,Croisan Creek,CREEK,ACT,33-462,00ad18eb-4708-412b-a561-3d7095d1e6c9,1,127.5223223
4081,36849,37773,Croisan Creek,CREEK,ACT,33-462,ecb96eee-6335-4e8d-b6e7-2354a96f94e9,1,48.48582675
4082,185712,185713,Croisan Creek,CREEK,ACT,33-462,f61466ee-327c-4957-a85e-dade43798209,1,15.1877301
4083,92194,192053,Croisan Creek,CREEK,ACT,33-462,123b55d7-1871-4467-bac1-34c101b380d0,1,139.8875234
4084,192054,36845,Croisan Creek,CREEK,ACT,33-462,eb34a4fa-25ad-4f63-89ba-bad3cc687084,1,290.8434168
4085,192053,192054,Croisan Creek,CREEK,ACT,33-462,98d03cd8-425d-4528-b056-d0c222085b8e,1,17.43317588
4086,37334,38258,Croisan Creek,CREEK,ACT,33-464,9c44a96f-cc08-41df-b44e-4021e3f17fba,1,48.66182417
4087,38258,36852,Croisan Creek,CREEK,ACT,33-464,9a591d53-bddf-42de-9f75-7463823d4766,1,549.4318486
4089,38252,37328,Powell Creek (Trib. Battle Creek),CREEK,ACT,42-446,cc8c3fd8-a9ac-4200-82b2-c90da1a60b74,1,69.0073531
4090,39432,137022,Turnage Brook (Trib Willamette R.),CREEK,ACT,33-472,def3034e-a6c7-41a9-b9d8-0d2baa4f8db6,1,871.5544015
4091,37380,1825,Claggett Creek (Trib. Willamette R.),CREEK,ACT,54-488,773affbf-24a5-4efb-8165-fa74b1ef4e4c,1,171.4343511
4092,21613,21463,Trib. Croisan Creek,CREEK,ACT,33-464,b30645d6-8e96-45c2-b4c2-7b3866c6f6b3,1,178.6404029
4093,21698,21685,Trib. Croisan Creek,CREEK,ACT,33-464,8298c855-aa2b-4371-9703-b669a4d18837,1,46.97719798
4094,22412,36851,Trib. Croisan Creek,CREEK,ACT,33-464,14c82c0c-4d0e-422f-a599-79b7ab71d297,1,969.1171062
4095,24528,24519,Pettyjohn Creek (Trib. Willamette R.),CREEK,ACT,27-462,8a087043-a494-4abc-82d1-8e09f2e1f14a,1,11.13996953
4096,24533,24519,Pettyjohn Creek (Trib. Willamette R.),CREEK,ACT,27-462,72a4fff1-c18a-4d4a-b1ff-fbe16652a906,1,15.51125959
4097,37198,147250,,CREEK,ACT,60-462,e0a8b075-30e2-4dad-bb7d-cc19b081ffcc,1,1194.246716
4098,39433,77508,Turnage Brook (Trib Willamette R.),CREEK,ACT,30-476,799cea42-817b-42bf-8d73-2cb2111eabc4,1,152.348783
4099,42936,42943,Tanglewood Brook (Trib. Pringle Creek),CREEK,ACT,51-450,bcc3f038-a6ac-47b8-bb37-382c46ba24b6,1,697.2707866
4100,42938,186633,Tanglewood Brook (Trib. Pringle Creek),CREEK,ACT,54-450,5b2d4026-bcac-4e6e-a4d5-269bd71789e3,1,384.5983728
4101,13720,188852,Turnage Brook (Trib Willamette R.),CREEK,ACT,30-476,0a9532e7-7aa4-4bee-b9c9-791d773671ba,1,445.5427419
4102,47423,50715,Archer Brook,CREEK,ACT,27-482,9f32e66e-7d3f-494a-9f36-b786515f3d52,1,1740.259664
4103,37882,37232,Gibson Creek (Trib. Glenn Creek),CREEK,ACT,33-486,ce6d9fde-3a57-46c0-8618-18bc3f697696,1,204.3648528
4104,37921,38304,Claggett Creek (Trib. Willamette R.),CREEK,ACT,54-488,7049c369-a583-4183-b232-69b0eee96766,1,142.7036539
4105,37418,36997,Claggett Creek (Trib. Willamette R.),CREEK,ACT,54-488,c8298140-fa78-4671-a937-b1c5e85be10f,1,30.20817818
4106,66301,66303,East Fork Pringle Creek,CREEK,ACT,54-450,e43d5c14-25d9-46b7-9117-bb0fd5f51bd8,1,1852.794847
4107,42954,66308,East Fork Pringle Creek,CREEK,ACT,54-452,df7d9771-a9c2-43fb-bab7-3e61a6064dce,1,178.6659837
4108,10275,74621,East Fork Little Pudding River,CREEK,ACT,60-478,7313f7b4-20db-493b-9f21-795abdc7adf1,1,6.924303266
4109,88379,88378,Trib. Mill Creek,CREEK,ACT,54-462,b6f5ae17-de75-4769-a743-596cd7789248,1,22.22040471
4110,88380,88381,Trib. Mill Creek,CREEK,ACT,54-462,f3ade2a0-80ea-4e30-8584-38772d699df5,1,158.1119266
4111,88381,88382,Trib. Mill Creek,CREEK,ACT,54-462,72c13dcb-47f2-4626-b5d7-84de419d7baf,1,57.44767866
4112,37775,21698,Trib. Croisan Creek,CREEK,ACT,33-464,1b016a90-0096-47d4-a497-e8d78907c9fa,1,13.35637247
4113,115250,28755,Joplin Brook (Trib. Croisan Creek),CREEK,ACT,30-456,5528316e-f5a8-4fdc-b967-e50eed49a431,1,6.041205823
4114,136053,136052,Trib. Claggett Creek (Trib. Willamette R.),CREEKINT,REM,57-482,7274bcfc-d7aa-481a-a8c1-4606f16fb73a,1,551.4451021
4115,103058,36240,Cinnamon Creek (Trib Battle Creek),CREEK,ACT,45-444,231dab13-9857-41e6-a956-45ecd30f1410,1,81.57863902
4116,183741,183742,McKinney Creek,CREEK,ACT,,45d77824-37b5-47ad-8b73-7e59da55e05b,1,336.9114411
4117,183742,183743,McKinney Creek (Trib. Battle Creek),CREEK,ACT,,8b37c2b8-d3fe-42c7-bd65-e9fc5f6aaa82,1,27.50078913
4118,183743,183744,McKinney Creek,CREEK,ACT,,58f81484-9695-45de-bff5-a93618f910cb,1,6564.17047
4119,183744,183745,McKinney Creek (Trib. Battle Creek),CREEK,ACT,,42a9e47a-45eb-43f2-b487-c46d8506a17c,1,30.94487134
4120,183745,184370,McKinney Creek,CREEK,ACT,60-434,f2b95a61-4bf9-4b2b-97c0-4de6e4943349,1,4429.044161
4121,184370,56076,McKinney Creek (Trib. Battle Creek),CREEK,ACT,60-434,310ad74f-b0ac-4ab1-9244-d3dcd110fd62,1,28.67315245
4122,185702,185703,Croisan Creek,CREEK,ACT,33-460,58334dbf-03fe-4a0a-a79a-aa632c964963,1,5.778480762
4123,27299,27278,Alderbrook Swale (Trib. West Fork Pringle Creek),CREEK,ACT,42-458,8bfa61f9-698e-4fd6-a2e8-a616f215f493,1,20.82714643
4124,185983,185984,West Fork Pringle Creek,CREEK,ACT,39-454,8bf62f61-23fa-481b-9292-e7a01062dddb,1,4.52305927
4125,186618,186617,Wiltsey Swale,CREEK,ACT,54-450,9e60a64b-ca32-4e99-baee-c3925735d4dc,1,17.27169727
4126,66303,66304,East Fork Pringle Creek,CREEK,ACT,54-452,711d1a1e-7226-4707-85ea-ff00cdf02dfc,1,47.1956205
4127,66305,66306,East Fork Pringle Creek,CREEK,ACT,54-452,4287cdc1-41ed-4583-94ac-04562fc93ef3,1,46.53820857
4128,42943,42937,Tanglewood Brook (Trib. Pringle Creek),CREEK,ACT,51-450,cfe91e5b-208d-4832-a288-43daf659c9b4,1,171.4803218
4129,186634,42940,Tanglewood Brook (Trib. Pringle Creek),CREEK,ACT,54-450,afcc09cf-fed1-4ea5-9838-a23774d0f76a,1,440.4046058
4130,42946,42947,East Fork Pringle Creek,CREEK,ACT,54-452,3defdc92-b0f8-4a4f-8b86-8749c4df4ced,1,31.31665577
4131,51255,188601,Gibson Creek (Trib. Glenn Creek),CREEK,ACT,33-486,19f5ec81-86c2-42ee-8dc5-158140a63417,1,184.3244645
4132,188862,188863,Laurel Creek (Trib. Willamette R.),CREEK,ACT,27-462,bd44482d-a6a6-4676-82f7-384e9bddf249,1,68.53660062
4133,188863,188865,Laurel Creek (Trib. Willamette R.),CREEK,ACT,27-462,ad9bb091-5db9-415f-9dae-d58a6aea3a53,1,87.56248774
4134,188853,39434,Turnage Brook (Trib Willamette R.),CREEK,ACT,30-476,30f39c92-2d59-4809-adb1-119bfb95a854,1,49.04728545
4135,39434,39433,Turnage Brook (Trib Willamette R.),CREEK,ACT,30-476,1cc1b536-98f9-4d2e-b329-8940dd16def7,1,58.509645
4136,13885,14101,Turnage Brook (Trib Willamette R.),CREEK,ACT,30-474,5b5586fe-5131-49f1-a282-4931bdd7d630,1,132.007287
4137,13774,13875,Turnage Brook (Trib Willamette R.),CREEK,ACT,30-474,f7d73041-f57d-4680-8eda-6e476237086f,1,77.14051545
4138,41746,13774,Turnage Brook (Trib Willamette R.),CREEK,ACT,30-476,2d38fea8-8be8-4f2e-b0b7-40fa75d4aa28,1,73.50011916
4139,14101,14106,Turnage Brook (Trib Willamette R.),CREEK,ACT,30-474,0e418226-2593-41b3-8c72-a0ae2abb7328,1,61.95489441
4140,13875,13885,Turnage Brook (Trib Willamette R.),CREEK,ACT,30-474,91c7ced7-a73d-40bd-ad57-00339458ac7a,1,130.9898396
4141,14106,14141,Turnage Brook (Trib Willamette R.),CREEK,ACT,30-474,4315c00a-9bb6-45f2-b5ab-dcd3197978d5,1,204.1889923
4142,14141,14192,Turnage Brook (Trib Willamette R.),CREEK,ACT,30-474,f792d92b-1c2f-48a5-9445-c686d2fb5660,1,15.8238643
4143,24601,24593,Pettyjohn Creek (Trib. Willamette R.),CREEK,ACT,27-462,30bb0e6d-1471-4e4f-932a-10e8f51e8715,1,11.60766098
4144,40056,40057,Pettyjohn Creek (Trib. Willamette R.),CREEK,ACT,27-462,93272380-5f8c-4575-9f78-93414552083f,1,48.36585422
4145,40052,189201,Willamette Slough,CREEK,ACT,30-466,58ee39f9-16db-47e1-b2c6-7458a8a8f652,1,1089.236002
4146,189201,189202,Willamette Slough,CREEK,ACT,30-466,d729b00d-eb8f-4f12-9065-b0421b4a38e1,1,52.86210845
4147,36494,37418,Claggett Creek (Trib. Willamette R.),CREEK,ACT,54-488,9ae8bb7d-06e2-45bf-9cfc-b535f4c66dfc,1,225.1023284
4148,37419,190169,Claggett Creek (Trib. Willamette R.),CREEK,ACT,54-486,921281eb-c373-4b52-885f-1f80c6d1fe34,1,580.508387
4149,190169,190170,Claggett Creek (Trib. Willamette R.),CREEK,ACT,54-486,003b788f-9d5f-4ff3-a86f-759c9a04e0cc,1,77.85266832
4150,139218,138900,West Middle Fork Little Pudding River,CREEK,ACT,63-458,5078d18c-b44d-4172-bd35-f421e83f3b4e,1,334.4760528
4151,46155,46156,West Middle Fork Little Pudding River,CREEK,ACT,63-460,407e52bb-4617-4bca-aa64-15631871c61d,1,126.7919585
4152,37401,38325,West Middle Fork Little Pudding River,CREEK,ACT,63-462,e42402dc-1d57-456e-8ac2-cec533571f30,1,110.5742801
4153,37402,38326,West Middle Fork Little Pudding River,CREEK,ACT,63-462,24c4edeb-2dd6-40cb-ab9d-7f5cd699b5e6,1,109.0370803
4154,191154,37356,West Middle Fork Little Pudding River,CREEK,ACT,63-464,c1f5af5f-4cb9-47a3-98b1-60d541e39828,1,106.1297611
4155,191153,125496,West Middle Fork Little Pudding River,CREEK,ACT,63-464,e55351d2-c474-416f-be69-a15910ca3aa0,1,102.2137986
4156,630,635,North Fork Little Pudding River,CREEK,ACT,60-492,f10eba68-0900-4a4e-b00c-3ce92804aff3,1,174.1419323
4157,13362,11494,West Fork Little Pudding River,CREEK,ACT,57-476,fc22a506-960c-417a-8737-490610d9a6b7,1,1604.862613
4158,22342,125498,West Middle Fork Little Pudding River,CREEK,ACT,63-464,349ba88f-2384-42ac-a895-38c333d5537c,1,1836.354814
4159,3410,2759,Wilark Brook,CREEK,ACT,33-484,86c01c46-1b70-442e-b607-08e6dc2fdaa9,1,1293.676818
4160,17793,187575,Mill Race (Trib. Pringle Creek),CREEK,ACT,48-472,fd19d4fd-2ae2-42ac-9cc6-72fedea93463,1,73.07032364
4161,190170,36989,Claggett Creek (Trib. Willamette R.),CREEK,ACT,54-486,7530eb69-6e0e-42ce-a66c-1085d5183ced,1,1483.906376
4162,24700,24563,Laurel Creek (Trib. Willamette R.),CREEK,ACT,27-462,b8a73dcb-4bfe-4eaf-a0e7-a8fcdcb323a8,1,213.7867017
4163,36955,39431,Turnage Brook (Trib Willamette R.),CREEK,ACT,33-474,1388f823-abb7-497d-afb3-57b86a60c4ad,1,273.2770549
4164,1825,36495,Claggett Creek (Trib. Willamette R.),CREEK,ACT,54-486,81ecd159-e9d7-4cb8-ae02-5eb13c134b46,1,939.5511392
4165,16680,16663,East Fork Little Pudding River,CREEK,ACT,60-472,609a46fe-944f-4dfc-8123-c532b48acffa,1,64.79832008
4167,26040,26029,Clark Creek (Trib. Pringle Creek),CREEK,ACT,39-460,bff3ace7-d11d-4e30-940e-7c97aa5c1130,1,20.72302732
4168,185974,27535,Alderbrook Swale (Trib. West Fork Pringle Creek),CREEK,ACT,39-458,61c63f39-fd6c-4017-aa2b-6c67ba57e646,1,145.5735227
4171,28342,28129,,CREEK,TOBEREMOVE,48-456,9da4e4a1-436a-4bec-97a2-7bbd67ad8bdd,1,332.8524832
4183,27779,27562,West Middle Fork Pringle Creek,CREEK,ACT,48-458,16022a8c-2128-429c-89e5-f64226687cf4,1,310.5692751
4186,32310,32060,West Middle Fork Pringle Creek,CREEK,ACT,48-452,19642e52-83a8-43f4-9993-fd60675fb740,1,390.0353313
4187,32060,31954,West Middle Fork Pringle Creek,CREEK,ACT,48-452,ce641f07-08a9-4135-8fe8-69cad6272a5a,1,133.6850114
4189,198138,78145,Trib. Davidson Creek (Trib. W Fork Little Pudding R.),CREEK,ACT,63-472,a7aba32e-2a36-4c72-950c-9d0e756322c4,1,383.9869141
4190,137667,198139,Trib. Davidson Creek (Trib. W Fork Little Pudding R.),CREEK,ACT,60-472,fc9cc040-c766-4f76-aa03-aed7240fefac,1,112.0698255
4191,198139,198138,Trib. Davidson Creek (Trib. W Fork Little Pudding R.),CREEK,ACT,60-472,1df7aacc-22bb-47d3-9330-417960977241,1,36.38066808
4193,78141,78143,Trib. Davidson Creek (Trib. W Fork Little Pudding R.),CREEK,ACT,63-472,9a6f4487-865b-4d8f-8929-2deae43503a4,1,39.04630875
4194,57028,32713,West Middle Fork Pringle Creek,CREEK,ACT,48-450,891ef224-aed2-4d3f-a363-6589d654f2b0,1,306.8937855
4195,21422,36970,Clark Creek (Trib. Pringle Creek),CREEK,ACT,45-464,1d290997-e5e3-4bcf-893d-ae1d80da4b6e,1,73.83503171
4196,21490,21422,Clark Creek (Trib. Pringle Creek),CREEK,ACT,45-464,002762b9-b098-4abc-a643-1dfb8efc9c92,1,86.70098188
4197,32432,32300,West Middle Fork Pringle Creek,CREEK,ACT,48-452,9b009420-fbee-4003-950f-3643ae69c8a0,1,119.7153477
4198,32713,32432,West Middle Fork Pringle Creek,CREEK,ACT,48-452,53b34dff-54a7-49d6-a9cf-7d3b8256ed51,1,457.3364497
4202,88069,88066,Mill Creek,CREEK,ACT,48-474,2b6db6fe-ad00-47aa-81ab-233bc6274809,1,1481.733626
4203,198133,137666,Trib. Davidson Creek (Trib. W Fork Little Pudding R.),CREEK,ACT,60-470,b2cd571e-f704-413f-8d63-5b6d99cf07e9,1,807.6537257
4204,35030,35072,Waln Creek (Trib. Battle Creek),CREEK,ACT,45-448,56525213-253d-417b-b529-be38f9314ca9,1,69.34559846
4209,35072,37504,Waln Creek (Trib. Battle Creek),CREEK,ACT,45-446,8e0a801b-e39e-4441-b5af-a408b283f8eb,1,797.4897973
4214,88084,88081,Mill Creek,CREEK,ACT,48-472,a736dc18-09b5-4e0b-b7b2-904bc70280d7,1,519.2327831
4216,32860,33439,,CREEK,ACT,42-450,e33823b1-92c0-4d8e-a357-ab01410fa02b,1,631.614782
4218,23793,23370,Laurel Creek (Trib. Willamette R.),CREEK,ACT,27-462,e9412a37-46a4-4262-9e17-c50fa2a6d4ef,1,416.1405245
4219,23907,23793,Laurel Creek (Trib. Willamette R.),CREEK,ACT,27-462,62b03375-20db-445a-9604-d749c159b216,1,85.1350748
4220,6508,6512,Trib. Claggett Creek (Trib. Willamette R.),CREEK,ACT,57-480,7e87a7e6-b433-4c8a-8eb6-19d0b4efda0c,1,112.0829593
4226,187252,187253,Pringle Creek,CREEK,ACT,42-470,4edc39a5-ac87-4ceb-9a49-79fce2d2d744,1,65.30244717
4227,198132,198133,Trib. Davidson Creek (Trib. W Fork Little Pudding R.),CREEK,ACT,60-470,3bdde589-9975-47c4-bbc3-57bb963b19fc,1,55.52432043
4228,191433,198132,Trib. Davidson Creek (Trib. W Fork Little Pudding R.),CREEK,ACT,60-470,178dc999-a291-439a-83b1-3711518d6238,1,277.7271279
4230,24808,24703,Clark Creek (Trib. Pringle Creek),CREEK,ACT,39-462,f25b3a40-b77a-4cf7-8ebe-00421d10768b,1,154.2458184
4231,24703,47707,Clark Creek (Trib. Pringle Creek),CREEK,ACT,39-462,a10449a9-3467-49bc-a332-4453af85162d,1,353.4152073
4232,38434,38350,North Fork Little Pudding River,CREEKEPH,ACT,63-494,31930dd3-001a-4476-9c93-6ffc11c150e5,1,1094.339548
4233,38342,191762,North Fork Little Pudding River,CREEKEPH,ACT,63-494,136cd1ab-e1ed-447f-9799-d81d09c8627a,1,254.468732
4235,177939,123573,,CREEK,ACT,48-452,bcd28527-6682-47d3-a72a-90029cfe1f3f,1,1940.643294
4236,6714,6507,Trib. Claggett Creek (Trib. Willamette R.),CREEK,ACT,57-480,46bb3b29-2efc-48a1-9818-b42de04ba14f,1,208.6107263
4237,6744,6714,Trib. Claggett Creek (Trib. Willamette R.),CREEK,ACT,57-480,676362ee-c7c5-4901-87d9-008d549b2926,1,32.31446673
4238,8154,7334,Trib. Claggett Creek (Trib. Willamette R.),CREEK,ACT,57-480,4f2a86a9-3069-4376-9b2f-15d214646c92,1,819.1882213
4239,7334,6744,Trib. Claggett Creek (Trib. Willamette R.),CREEK,ACT,57-480,3cfba52e-9584-439c-ade5-d48a1ca73913,1,546.6727226
4249,73650,38271,Scotch Creek (Trib. Battle Creek),CREEK,ACT,45-442,04a3cb67-4539-4616-a3d9-b91dbb21a1d0,1,932.8624009
4258,4,28400,Trib. West Middle Fork Pringle Creek,CREEK,ACT,45-456,0623ac1c-6eb2-49f4-a1af-1d3032ceded9,1,1869.00973
4259,9,41984,Golf Creek (Trib. Croisan Creek),CREEK,ACT,33-464,99846581-f946-4276-b9d8-1596c2042cb9,1,760.758762
4260,38093,11,Mill Creek,CREEK,ACT,60-448,7184dbda-888d-45d3-9239-552ef9fb2bab,1,869.1961813
4261,8,88742,Battle Creek,CREEK,ACT,33-444,adcde966-e5e4-4655-b111-9875f75a8a5d,1,2923.5597
4262,89014,2,Battle Creek,CREEK,ACT,,17db7d9f-0c83-43eb-a9cf-5964b408d4ae,1,213.7511117
4263,2,8,North Fork Battle Creek,CREEK,ACT,,0b7bd67f-f0d7-4095-8440-677a6b8f41c5,1,28.5096643
4264,42610,9,Golf Creek,CREEK,,33-464,91279ea6-efba-436a-9cc8-768dcad91671,1,348.0159845
4265,29155,4,,CREEK,ACT,45-456,2596f174-a670-4de4-a176-c6a5cdcd5862,1,510.3414979
4275,209351,6,West Fork Little Pudding River,CREEK,ACT,66-458,1907092c-b73b-4876-8a9b-2c1c32e59cc4,1,3764.910744
4276,191743,209350,West Fork Little Pudding River,CREEK,ACT,66-472,8ac5888e-2e1a-44ba-968e-a1b031463ad7,1,17001.53015
4277,209660,55090,West Fork Little Pudding River,CREEK,ACT,66-460,b033b56f-c84f-4f60-8a81-21626ef072cb,1,922.0066535
4287,187904,122899,Mill Race (Trib. Pringle Creek),CREEK,ACT,42-472,c2a878bb-dfa7-41b6-9260-9bebc544ddcb,1,201.7353776
4288,122899,37995,Mill Race (Trib. Pringle Creek),CREEK,ACT,42-472,b9e96147-b095-470c-8132-7850565b0da0,1,94.48954313
4294,36143,36128,Champion Swale (Trib. Battle Creek),CREEK,ACT,39-444,a1a994bf-b81b-4d8c-b807-4e292d8ef055,1,124.3772136
4295,36152,21057CW,Champion Swale (Trib. Battle Creek),CREEK,ACT,39-444,bfc3f4c0-e21b-458d-bb72-d5a226c6a1c6,1,102.8927518
4297,76229,36152,Champion Swale (Trib. Battle Creek),CREEK,ACT,39-444,27a4cd81-0a68-453e-b4c4-17d627310de5,1,1351.578708
4298,21057CW,36143,Champion Swale (Trib. Battle Creek),CREEK,ACT,39-444,cf607b52-0d2d-4067-8e21-235201feb8ea,1,62.42082052
4299,192146,33324,West Middle Fork Pringle Creek,CREEK,ACT,48-450,cea83539-4a06-4724-b579-6187cb11ea1f,1,477.4041783
4301,4196,3871,,CREEK,ACT,48-484,1b3d7122-ef0e-4c50-958f-d84f9a720f26,1,1093.811386
4306,33324,33323,West Middle Fork Pringle Creek,CREEK,ACT,48-450,a6ca4092-945a-44b4-b73b-7e6986d870b1,1,27.27055939
4307,33323,33193,West Middle Fork Pringle Creek,CREEK,ACT,48-450,cf1712e7-984f-4418-915d-185681ee748e,1,152.7690097
4308,33331,33323,West Middle Fork Pringle Creek,CREEK,ACT,48-450,8d94a10c-4023-4764-9c16-6160b5a5cf39,1,13.61330066
4323,37335,38259,Croisan Creek,CREEK,ACT,33-460,61dc1fdb-179c-4e04-8a21-f71b5122d49c,1,49.47904648
4334,33732,192146,West Middle Fork Pringle Creek,CREEK,ACT,48-450,23bdb3c7-4444-45a1-ab06-afa1034a4388,1,38.50524477
4335,34484,33732,West Middle Fork Pringle Creek,CREEK,ACT,48-448,5744864a-8411-4ce1-ad7d-26ffd9130640,1,968.0600305
4336,33828,33732,West Middle Fork Pringle Creek,CREEK,,45-450,5918b33e-bb9f-468d-906f-580494923009,1,291.7863473
4340,37377,78458,Trib. Mill Creek,CREEK,ACT,57-454,2c044ff6-df3a-42ca-8ae2-c168b00eadec,1,619.0725173
4342,36947,37871,Glenn Creek,CREEK,ACT,30-478,2fae9526-e907-4444-a867-529af93fda2a,1,58.80244819
4347,50307,50306,Powell Creek (Trib. Battle Creek),CREEK,ACT,42-446,3fc6c262-06c9-41f6-a820-2c248d8e56dd,1,27.34770129
4348,50309,50311,Scotch Creek (Trib. Battle Creek),CREEK,ACT,45-444,3f47c539-d10f-4c98-a42e-99002d24dc5e,1,79.72497687
4349,187285,187286,Mill Creek,CREEK,ACT,57-448,3e234d5c-7bb2-44a5-85a3-77777c7bf6f7,1,17.17960678
4352,22774,22701,Trib. West Middle Fork Little Pudding River,CREEK,ACT,63-464,059d1bdf-1893-4948-9d76-38bd771681f8,1,183.3442452
4353,37642,36718,Trib. West Middle Fork Little Pudding River,CREEK,ACT,63-464,6d575325-b9ec-423d-8c91-08e00078431a,1,107.3063824
4355,22701,37642,Trib. West Middle Fork Little Pudding River,CREEK,ACT,63-464,2d2e33eb-3705-45e6-a9f0-c224cf760c0f,1,496.5840072
4356,191449,191450,East Fork Little Pudding River,CREEK,ACT,60-472,4d13d087-46bc-4c6e-88f3-ffdd0036e8f0,1,256.1803383
4362,76232,76231,Powell Creek (Trib. Battle Creek),CREEK,ACT,39-442,1df568ca-bd92-4313-8b36-00fa351e3858,1,34.86941825
4364,88097,88096,Mill Creek,CREEK,ACT,51-468,6e434ae2-3187-43b8-bce9-7e0dc8503fd1,1,1614.976452
4366,6075,5694,Claggett Creek ,CREEK,ACT,54-480,cb497663-a4bc-4039-9822-b3c6e70602d2,1,567.9671644
4367,186932,23560,East Fork Pringle Creek,CREEK,ACT,51-460,808527ad-e134-46a5-96a8-27347ae166de,1,896.9430749
4369,28027,27984,Trib. West Fork Pringle Creek,CREEK,ACT,45-458,1016d10e-9099-4c6a-9377-0e247b8f751b,1,89.22013362
4374,79421,79423,,CREEK,ACT,60-464,3b45ee9a-e834-40c3-8ebf-7cb98d747e01,1,64.77532047
4375,37397,38321,Clark Creek (Trib. Pringle Creek),CREEK,ACT,42-466,e29ec149-c28b-4ac4-84f2-4e81f38b2c08,1,54.67547303
4376,99607,99608,West Middle Fork Pringle Creek,CREEK,ACT,48-458,14447ae9-637c-4abd-bc48-43f0b6b9d3c3,1,311.1847115
4377,168371,168370,Glenn Creek,CREEK,ACT,30-478,235682b5-56f8-45b6-8220-8654ef1d5d2e,1,58.80244819
4378,43583,43584,Trib. Mill Creek,CREEK,ACT,51-470,4900a8ef-6cf3-463c-af1d-28726c6bce56,1,363.3635114
4380,78142,78144,Trib. Davidson Creek (Trib. W Fork Little Pudding R.),CREEK,ACT,63-472,3c89e0e8-97e6-46dc-809a-d303c9e13d73,1,39.00887253
4381,68868,68869,West Fork Little Pudding River,CREEK,ACT,57-476,3d756cb4-fae8-4c8b-98c4-828a2ee6da37,1,61.68370343
4382,37348,38272,West Fork Little Pudding River,CREEK,ACT,57-476,df01d3cc-da66-42ae-9350-75ec6880032f,1,61.59813685
4383,74936,74937,East Fork Little Pudding River,CREEK,ACT,63-482,cf7534ef-20b8-4cdc-ae57-e393434321f7,1,54.339975
4384,11724,47432,Belvedere Brook (Trib. Glenn Creek),CREEK,ACT,24-476,3b2f2a82-5157-4b5d-bc4e-da28d653207f,1,103.4564635
4393,10846,9228,Trib. Claggett Creek (Trib. Willamette R.),CREEK,ACT,57-476,f80f8c99-ea66-4098-9c82-4471d1cb062f,1,1257.842734
4413,57658,57989,West Fork Little Pudding River,CREEK,ACT,63-488,f37c6bb1-49e4-47a8-87ed-7805e4cb96fb,1,616.1651397
4430,23413,186933,East Fork Pringle Creek,CREEK,ACT,48-462,380560bf-48e1-4f01-91af-077580271df3,1,516.5164391
4431,186945,187250,Pringle Creek,CREEK,ACT,42-468,ebd4225c-955b-439f-894a-4c492083a0f3,1,801.3191168
4432,71438,37005,East Fork Pringle Creek,CREEK,ACT,54-456,e26fa7d0-3744-42f4-ab1e-f4ff13398250,1,2757.976737
4433,37338,186641,East Fork Pringle Creek,CREEK,ACT,51-460,5c7457ef-d378-4e88-8789-e571d345d2b8,1,2803.689812
4434,26902,25608,Middle Fork Pringle Creek,CREEK,ACT,51-460,b058ffd8-c4ba-41fa-8e52-d619671292e3,1,2425.986159
4436,38265,36973,East Fork Pringle Creek,CREEK,ACT,48-464,7f667d86-81d2-444d-8f17-27e38e058424,1,837.4224902
4437,22621,37341,East Fork Pringle Creek,CREEK,ACT,48-464,c33159b5-a319-4709-a706-2b5b8c8d013c,1,728.5584085
4438,88733,20586,East Fork Pringle Creek,CREEK,ACT,45-464,24769797-8441-4f4b-ad4a-c32316ec7ade,1,1140.819889
4439,129043,129044,West Middle Fork Little Pudding River,CREEK,ACT,66-456,57234223-5c5e-4650-8fa4-b85b77ec0d32,1,418.5509617
4440,31954,31516,West Middle Fork Pringle Creek,CREEK,ACT,48-452,4e65f29e-b5be-44f7-9d67-1facc017d513,1,489.2061436
4520,182130,182134,Croisan Creek,CREEK,ACT,21-446,dd9c6d13-a24f-47b9-8060-e12b322986f0,1,3561.113581
4521,182134,182133,Croisan Creek,CREEK,ACT,21-446,1ab92916-15b2-4fc7-9290-f63c875c57f6,1,62.35185154
4522,182136,182132,Croisan Creek,CREEK,ACT,24-448,4528e662-1363-4368-966c-c632f9756acf,1,20.99644596
4523,182142,182137,Croisan Creek,CREEK,ACT,24-448,c908cb07-5733-4793-915e-ca5eacd219ca,1,228.3199292
4524,182132,182139,Croisan Creek,CREEK,ACT,24-448,112ac051-1301-48e3-ba24-3fa1a2427e08,1,153.6933758
4525,182139,182140,Croisan Creek,CREEK,ACT,24-448,5fc3e9e2-fe4d-4add-9a56-00022de4a21d,1,9.959710481
4526,182140,182141,Croisan Creek,CREEK,ACT,24-448,9148be03-54b4-4f22-bab6-8db53b3492e6,1,108.4398133
4527,182141,182142,Croisan Creek,CREEK,ACT,24-448,2f1de800-2948-4bb9-b0ac-3fa1435589f5,1,7.10192293
4528,182137,182138,Croisan Creek,CREEK,ACT,24-448,098c9f28-0399-491f-9ac3-39a088b04d01,1,11.90083657
4529,182770,182771,Cole Brook (Trib. S Fork Battle Creek) ,CREEK,ACT,,c593a8b4-5d95-409d-b57a-03dc4ad5f5b3,1,1251.093233
4530,181813,182789,Trib. Battle Creek,CREEK,ACT,,19412528-b8a1-4df3-acbf-7085e193f01d,1,1799.792879
4531,182789,182790,Trib. Battle Creek,CREEK,ACT,,d65cd64a-caba-4a8d-a717-31836c2d022e,1,43.5833592
4532,44236CW,37169,,CREEK,ACT,60-448,045f8a29-8162-48d8-a998-39d0886544df,1,347.3389748
4533,182790,182791,Trib. Battle Creek,CREEK,ACT,,ed6e8a03-16e1-4672-88a3-0ab4ed244c6e,1,919.4817713
4534,182791,182792,Trib. Battle Creek,CREEK,ACT,,19a2bb2e-f112-45fe-95e8-cecdb2add79c,1,36.75312997
4535,183093,183108,Jory Creek (Trib. Battle Creek),CREEK,ACT,30-448,01ad6f05-5d00-47c0-b175-680f6acadf6b,1,75.96290733
4536,183108,183109,Jory Creek (Trib. Battle Creek),CREEK,ACT,30-448,dc047431-8fe1-4f12-9030-1b00125dc545,1,24.67801151
4537,183109,183110,Jory Creek (Trib. Battle Creek),CREEK,ACT,30-448,31fbfc07-73ee-4aa5-851a-1d47d0e428c5,1,572.5091723
4538,183110,183111,Jory Creek (Trib. Battle Creek),CREEK,ACT,30-448,7d602696-e25f-4bd8-8f7e-78e5fb3bc5a7,1,175.7596438
4539,183111,183112,Jory Creek (Trib. Battle Creek),CREEK,ACT,30-448,ca2aaa08-9039-4935-86e3-dbc3d92521cc,1,85.00347502
4540,183112,183113,Jory Creek (Trib. Battle Creek),CREEK,ACT,30-448,81889b5d-0c46-4048-a934-3f9a5b566e3a,1,48.56279575
4541,76230,183137,Powell Creek (Trib. Battle Creek),CREEK,ACT,42-442,24c15daf-3f0e-4380-82bc-30804b6f0568,1,896.0538317
4542,183137,183410,Powell Creek (Trib. Battle Creek),CREEK,ACT,42-442,ceb92191-dbbf-4c8a-a698-5e12fb7d54a2,1,29.57137271
4543,38253,37329,Powell Creek (Trib. Battle Creek),CREEK,ACT,42-446,3dc4d437-9d33-4464-8d22-1165edf18793,1,55.88778923
4544,183411,183415,Scotch Creek (Trib. Battle Creek),CREEK,ACT,42-442,9e15ecd9-d33f-4776-8f93-e0043f56f6b0,1,366.2401132
4546,183416,183412,Scotch Creek (Trib. Battle Creek),CREEK,ACT,42-442,82ba39ff-7d91-436f-a95b-abf76681fdaf,1,160.7847151
4547,183412,183413,Scotch Creek (Trib. Battle Creek),CREEK,ACT,42-442,8cb4cc48-268f-4409-989a-f56371d9b10b,1,134.8960412
4548,183413,183414,Scotch Creek (Trib. Battle Creek),CREEK,ACT,42-442,f7842d78-8d7c-4c98-a3cd-d65e98449e23,1,1040.52825
4549,37022,37946,Waln Creek (Trib. Battle Creek),CREEK,ACT,33-450,b095474e-48dd-407f-a184-136cfc9e06d9,1,18.87886116
4550,36128,36110,Champion Swale (Trib. Battle Creek),CREEK,ACT,39-444,f8e61dd0-d281-4a6b-8575-daddde84c38f,1,330.9693145
4551,33111,37015,Waln Creek (Trib. Battle Creek),CREEK,ACT,36-450,2d2c6a6c-cb61-43ba-a8c0-66db9bf9575d,1,391.2034429
4552,88723,52551,Waln Creek (Trib. Battle Creek),CREEK,ACT,45-446,8dd1a450-6874-4ec3-a326-50bb72573a75,1,1161.052814
4553,48393,48390,Jory Creek (Trib. Battle Creek),CREEK,ACT,36-446,037291d2-b669-4230-8b0e-4aed1d0827ed,1,4478.466255
4554,183113,48394,Jory Creek (Trib. Battle Creek),CREEK,ACT,30-448,d686ebf7-2835-4560-9570-504be4ba3348,1,487.859628
4555,50938,50939,Claggett Creek (Trib. Willamette R.),CREEK,ACT,51-488,223cf2ce-4f43-4186-a7b1-dc0a94a6390c,1,33.7736956
4556,37525,33305,Waln Creek (Trib. Battle Creek),CREEK,ACT,39-450,16ac722e-64e0-473c-b44f-16c89b5fb266,1,240.9101427
4557,37939,52214,Waln Creek (Trib. Battle Creek),CREEK,ACT,36-450,7653d2e1-a4fd-45a8-8512-4bf04e1b9d21,1,322.3290362
4558,37931,37346,Waln Creek (Trib. Battle Creek),CREEK,ACT,45-450,c8cffd95-3783-436f-b5c1-b5abadc7aa2c,1,462.8001232
4559,183425,36600,Waln Creek (Trib. Battle Creek),CREEK,ACT,36-450,580ad3ce-2ac2-44fd-b119-82ca4a98259f,1,214.7602718
4560,184389,184390,Mill Creek,CREEK,ACT,,3be0aafb-2b4c-47c2-970c-cc0b3f84f9b5,1,27.59592323
4561,184391,184392,Mill Creek,CREEK,ACT,69-436,e44052fa-1dd0-4a90-81e4-e100fc77c6a2,1,32.48091677
4562,184392,184393,Mill Creek,CREEK,ACT,69-436,db012aa8-4b12-4440-b091-920736bae9f1,1,1625.253493
4563,184393,184394,Mill Creek,CREEK,ACT,69-436,6544d07c-3bc5-42ea-a573-ac590cb224c9,1,39.32234018
4564,184395,184396,Mill Creek,CREEK,ACT,66-434,6e16fff4-41ec-477b-b559-1a926082f4d5,1,45.57760261
4565,184385,184386,Trib. Mill Creek,CREEK,ACT,60-438,fd848240-eace-4c06-bca6-9bb16eb4cd4b,1,1238.545873
4566,183129,88740,Battle Creek,CREEK,ACT,42-446,34747771-c17e-46d1-a089-42c6f2207c71,1,2031.80315
4567,46455,46454,Mill Creek,CREEK,ACT,60-440,9216e400-4f2a-4695-9a40-128ce4d74b6b,1,692.774437
4568,182133,182136,Croisan Creek,CREEK,ACT,21-448,34caee40-81b2-4d74-ab46-d8ed9559cb25,1,1840.007739
4569,37804,20660,Clark Creek (Trib. Pringle Creek),CREEK,ACT,42-466,1c7b4b2c-6210-48ea-9266-374056612f52,1,395.2848135
4570,67252,36880,Clark Creek (Trib. Pringle Creek),CREEK,ACT,42-466,b0dca943-a819-4165-bdf1-2e0e2c58f8e1,1,1277.732061
4571,62131,29790,Trib. West Middle Fork Pringle Creek,CREEK,ACT,48-454,211052ee-c152-4cfc-afb7-77323b10555b,1,286.8669246
4572,26340,69500,Trib. Middle Fork Pringle Creek,CREEK,ACT,45-460,1497329f-865d-4aff-8f99-5bc77f7fa55b,1,614.9147121
4573,27312,186311,West Fork Pringle Creek,CREEK,ACT,42-458,0027fcad-9cfa-4337-aea2-a5751583b706,1,1134.553672
4574,186325,186326,West Fork Pringle Creek,CREEK,ACT,45-458,878375d3-98f2-4a7f-9b5a-e21f905c0e73,1,1019.74937
4576,186312,186313,West Fork Pringle Creek,CREEK,ACT,42-458,d2d3ce70-7da8-4cee-9105-f51ba336d7c5,1,81.84447384
4577,37891,186324,West Fork Pringle Creek,CREEK,ACT,45-458,6177a52f-2659-4a49-b2d1-3e18ffaee030,1,539.1023251
4578,184698,187285,Mill Creek,CREEK,ACT,57-448,a8dc9bb7-b58f-41b0-8b36-614460328445,1,5449.53482
4579,37808,38269,West Fork Pringle Creek,CREEK,ACT,45-460,4c25f14e-f909-449d-b8d1-8d89b63f7dad,1,1394.725528
4580,185973,21490,Clark Creek (Trib. Pringle Creek),CREEK,ACT,45-464,12fdc3a7-7205-482f-95b5-29f037094372,1,973.9278671
4581,38270,35030,Waln Creek (Trib. Battle Creek),CREEK,ACT,45-448,6e2d693a-d717-4c40-a8c9-ea6acf7149a1,1,1523.028576
4583,56067,35454CW,Trib. West Middle Fork Pringle Creek,CREEK,ACT,45-454,f782bf33-10c7-4059-be3e-62189275880d,1,146.1646998
4584,37897,88734,East Fork Pringle Creek,CREEK,ACT,45-464,010db63d-5636-4525-b2ea-dbf962b64fbb,1,655.3672376
4585,3,209349,West Fork Little Pudding River,CREEK,ACT,66-458,4201f1f7-2135-44f6-aa95-5753313b0bb5,1,873.0591562
4586,6,3,West Fork Little Pudding River,CREEK,ACT,66-458,1e1d38d2-a617-46bf-afbe-2fabc3509c09,1,79.12398883
4608,88690,88691,Shelton Ditch (Trib. Pringle Creek),CREEK,ACT,42-472,2d46507a-6d17-44a7-9e4c-7e61a878c722,1,971.5166717
4609,88699,88701,Shelton Ditch (Trib. Pringle Creek),CREEK,ACT,45-470,f53bd171-499d-4f30-b6a8-92a0226752d8,1,552.3358778
4613,54456,187252,Pringle Creek,CREEK,ACT,42-468,95941b8a-4ec2-478c-b482-a7728e552233,1,1499.030082
4614,88373,19883,Mill Creek,CREEK,ACT,54-456,eaef1cca-ac68-4589-b78f-5da88393f891,1,1501.504081
4618,187572,88411,Shelton Ditch (Trib. Pringle Creek),CREEK,ACT,51-468,89f73678-d062-41f3-b12c-6d21fa9f6130,1,456.3824536
4692,4340,26465,Trib. Croisan Creek,CREEK,ACT,33-458,ef1277f9-fc42-47d4-9170-53fff789f3d5,1,979.1152114
4693,4341,36972,West Middle Fork Pringle Creek,CREEK,ACT,48-458,eea5b31d-0fb1-486e-8d8e-9944caadb7b9,1,10.70302664
4696,4342,99607,West Middle Fork Pringle Creek,CREEK,ACT,48-458,f34945eb-a5e4-4976-b3d5-bb73a4b70f2d,1,22.1963976
4697,4343,127416,Clark Creek (Trib. Pringle Creek),CREEK,ACT,39-460,e44cb1cd-4feb-43fc-8639-ddddd0f7d709,1,6.275066027
4698,4344,37319,Clark Creek (Trib. Pringle Creek),CREEK,ACT,39-460,4d3a8124-604f-4a1c-aa68-cba2b1c577d5,1,8.008678143
4699,4345,54454,Clark Creek (Trib. Pringle Creek),CREEK,ACT,39-460,c1a39400-a597-4007-82ac-cf51c2e76369,1,8.659146649
4700,4346,26070,Clark Creek (Trib. Pringle Creek),CREEK,ACT,39-460,89a9a987-a2fd-44f8-aa74-e23b6923492b,1,27.41472221
4701,4347,37559,Trib. West Middle Fork Pringle Creek,CREEK,ACT,45-454,07198141-0f5b-4fa1-a5f7-32cf71ddd28e,1,367.1383826
4703,4349,67251,Clark Creek (Trib. Pringle Creek),CREEK,ACT,42-466,575589ba-1383-4af3-b98c-955379dd3d47,1,14.28721298
4704,4350,69496,Alderbrook Swale (Trib. West Fork Pringle Creek),CREEK,ACT,45-460,ada35f0f-6abe-4f83-ab97-ad6a9f293bc8,1,22.54817511
4705,4351,71428,East Fork Pringle Creek,CREEK,ACT,54-448,64bf83a4-2ce5-4f2f-838a-755db0198bd0,1,1305.397268
4706,4352,72050,Clark Creek (Trib. Pringle Creek),CREEK,ACT,42-468,cb23694e-7039-4683-9ece-4c39e0677f95,1,13.36397399
4707,4353,28027,Trib. West Fork Pringle Creek,CREEK,ACT,45-458,a95797e6-2192-4bda-bd96-40b79effdb23,1,8.328632467
4708,4354,29472,West Fork Pringle Creek,CREEK,ACT,36-454,68db66ca-77ca-4ebe-815b-687cefe28925,1,17.332782
4710,4355,36791,Middle Fork Pringle Creek,CREEK,ACT,48-462,289aee72-0e44-440c-ab8e-5e5240449ce5,1,35.80010649
4711,4356,71436,East Fork Pringle Creek,CREEK,ACT,54-454,14d503ce-598c-408c-b537-9b68f2c45910,1,13.34067546
4712,4357,38249,West Fork Pringle Creek,CREEK,ACT,39-454,5d9615c6-ac50-4576-8922-2916b65febc8,1,9.787039088
4713,4358,38248,West Fork Pringle Creek,CREEK,ACT,39-454,2a7da53b-b434-4af4-ac10-3d8d69b75026,1,7.765490659
4714,4359,133811,East Fork Pringle Creek,CREEK,ACT,54-452,a0144a34-9a36-4b06-ac45-035d8774f101,1,19.21395779
4715,4360,133812,East Fork Pringle Creek,CREEK,ACT,54-452,09b5de8c-a5d2-4513-9b7f-5c7d9240dd39,1,18.93418642
4716,4361,138290,West Fork Pringle Creek,CREEK,ACT,45-462,1c6dbe03-5676-4599-b40e-96e61947d950,1,16.82097133
4717,4362,78455,Trib. Mill Creek,CREEK,ACT,57-454,88766bf0-594e-49e1-9b2f-ca6f3d68245e,1,8.753506622
4719,4364,81347,Trib. Mill Creek,CREEK,ACT,60-446,06519d5e-c4dd-4bba-9718-e0ca363e921c,1,5.732474108
4720,4365,81354,Trib. Mill Creek,CREEK,ACT,60-446,9070c7e8-7956-407e-940d-a2012844e5a3,1,1715.525778
4721,4366,114731,Glenn Creek,CREEK,ACT,27-478,fa530b3f-bddb-4d5a-a2ce-2de22881b15d,1,5.381560789
4722,4367,37314,Glenn Creek,CREEK,ACT,30-478,8a41472d-be4e-4040-b3f5-12aac01a4a76,1,14.16367382
4723,4368,107253,Glenn Creek,CREEK,ACT,36-482,bdf3a2ff-7350-4a83-a96e-7d0cb197c7b5,1,4.561854498
4724,4369,36947,Glenn Creek,CREEK,ACT,30-478,0ecabfcc-7f85-403e-8e97-b1a52bee66fd,1,7.253349855
4726,4371,188531,Winslow Creek,CREEK,ACT,21-482,3cb4a05b-2bfe-47fb-b002-87ad6cd6b3cf,1,148.5088285
4727,4372,68532,Brush College Brook (Trib. Glenn Creek),CREEK,ACT,27-488,1805c79c-9681-49de-baaf-b5c08c48d323,1,25.53692949
4728,4373,,,CREEK,ACT,39-482,ec9515f8-9437-4aca-8469-2267cf4a9896,1,1134.785861
4731,4376,79101,Pettyjohn Creek,CREEK,ACT,27-464,43192df2-f134-4b19-aaa0-86461de82086,1,7.217821829
4732,4377,37311,Pettyjohn Creek (Trib. Willamette R.),CREEK,ACT,27-464,67555565-10c9-40e9-b5d1-fc1a622487d8,1,8.559069024
4733,4378,79104,Pettyjohn Creek (Trib. Willamette R.),CREEK,ACT,27-464,491102d3-bed1-4c3f-b172-f9c470d68ac5,1,12.52098083
4734,4379,54151,Goldcrest Brook (Trib. Glenn Creek),CREEK,ACT,36-482,e3de984d-2d3c-41df-9a85-021cee0d8e92,1,7.238688092
4735,4380,98931,Trib. Claggett Creek (Trib. Willamette R.),CREEK,ACT,57-484,7522d6ec-5b7d-48a3-b5b1-1e6bbaf3cfda,1,7.718449882
4736,4381,191154,West Middle Fork Little Pudding River,CREEK,ACT,63-464,7e986fc2-4471-46a3-a6e7-2a1a043f240c,1,5.872097811
4737,4382,191165,West Middle Fork Little Pudding River,CREEK,ACT,63-466,4b8e86b9-ecb3-497e-bf8c-1e01adb72b2d,1,14.34444888
4738,88702,88704,Shelton Ditch (Trib. Pringle Creek),CREEK,ACT,42-472,6da0a31d-2b00-4e97-8ca6-45cfd0867ac5,1,721.4554627
4739,88703,88706,Shelton Ditch (Trib. Pringle Creek),CREEK,ACT,42-472,3eed539d-2139-4703-a341-53f52de1ff89,1,666.3582842
4740,88707,88710,Shelton Ditch (Trib. Pringle Creek),CREEK,ACT,42-472,e7cdee09-bb90-40d5-9b80-cc6b70a66120,1,531.6773314
4758,38319,36884,West Fork Pringle Creek,CREEK,ACT,45-460,110c1c1b-e65d-4378-b67b-d0540d0a6a08,1,1013.574353
4759,88412,88414,Shelton Ditch (Trib. Pringle Creek),CREEK,ACT,42-472,a3a33a9d-e133-48bc-b2b1-34eac17a228f,1,1815.688338
4760,88693,88696,Shelton Ditch (Trib. Pringle Creek),CREEK,ACT,42-472,34b8bd79-1ccb-4bd3-9821-531ae26175f7,1,928.7959386
4778,4318,123581,,CREEK,ACT,48-452,134095f1-382d-4c88-83f5-5171f5cad8fb,1,10.20558461
4779,4319,123890,,CREEK,ACT,48-452,c6ab710f-2b3f-47c8-9a14-f04393b7ef4f,1,6.502885815
4780,4320,123896,,CREEK,ACT,48-452,a8c1e4ac-49c9-4f3f-9c91-cee1928633f1,1,12.09630178
4783,36639,37563,West Fork Pringle Creek,CREEK,ACT,39-454,70d9623e-cb5d-44eb-81ed-db371535e210,1,27.38236198
4784,29332,186296,West Fork Pringle Creek,CREEK,ACT,39-454,8bae3a37-e631-4493-8eb1-56560b5b1162,1,550.4815336
4785,37316,38240,Glenn Creek,CREEK,ACT,30-478,6a1185cb-84c4-45b3-a40e-50a5f39f189b,1,90.02719765
4786,38240,168376,Glenn Creek,CREEK,ACT,30-478,290e28e7-ccde-4c8d-9641-a3778b463ad3,1,522.6091708
4787,128061,77507,West Fork Little Pudding River,CREEK,ACT,57-470,3eac3448-8340-42a6-ba2d-0fe0973a1a40,1,312.5210777
4788,128059,128060,West Fork Little Pudding River,CREEK,ACT,57-470,28ff663b-13f1-4d79-902d-cf53c869dccf,1,776.7006703
4805,4334,36378,Scotch Creek (Trib. Battle Creek),CREEK,ACT,45-442,81e80bc2-59b6-4bd7-9f37-44b5e3f49b83,1,6.435164723
4806,4335,127445,Waln Creek (Trib. Battle Creek),CREEK,ACT,36-450,57f81ac3-ef27-416b-8421-5b629072a915,1,10.68962673
4807,4337,183092,Ruggles Swale (Trib. Battle Creek),CREEK,ACT,30-446,452fcf17-b1b1-43b6-b440-a245cbd374fc,1,7.11879515
4808,4338,127412,Clark Creek (Trib. Pringle Creek),CREEK,ACT,39-460,eb853f4d-528d-4509-a381-a1cb7c913633,1,4.115902396
4809,4339,127415,Clark Creek (Trib. Pringle Creek),CREEK,REM,39-460,9ba58966-17b7-418f-b270-600b4cd36b9b,1,360.8595268
4812,4281,94450,,CREEK,ACT,60-462,697f97de-4045-4062-8bbf-64b8c3b85c0a,1,114.8178028
4820,4439,5944,,CREEK,ACT,57-482,a361353f-301d-4f2b-b027-89bee7ec4168,1,8.619813039
4826,99609,36789,West Middle Fork Pringle Creek,CREEK,ACT,48-458,7ac99c1c-3bb9-426a-b5fb-2cf2c3e22741,1,2608.872265
4828,186941,36896,West Fork Pringle Creek,CREEK,ACT,45-464,4089403a-0e74-4998-b9a7-74d2d63c11e6,1,2457.427346
4835,38266,23549,Middle Fork Pringle Creek,CREEK,ACT,48-462,3cb231ed-18d3-4cbe-8546-df47f5748d9f,1,1126.060598
4838,37713,25608,West Middle Fork Pringle Creek,CREEK,ACT,48-460,18e5e273-15b6-449e-b829-7ca78470050e,1,1092.336758
4861,29785,186334,West Middle Fork Pringle Creek,CREEK,ACT,48-458,0da330a8-2330-49b8-ab0c-deb189ee6ad5,1,2783.378164
4864,186293,186294,West Fork Pringle Creek,CREEK,ACT,39-454,a5fea1e5-9ed6-48e9-8139-32290c6b46e7,1,458.0941504
4873,186295,36639,West Fork Pringle Creek,CREEK,ACT,39-454,702ae54c-e46b-46e1-80c0-f4d3470b3845,1,568.8866584
4879,29414,29473,West Fork Pringle Creek,CREEK,ACT,36-454,a72e5a48-9a85-43c7-b067-79b8393a19d9,1,1328.17088
4882,1262,1189,Michigan Swale (Trib. Glenn Creek),CREEK,ACT,33-490,bd17ab74-96ca-4901-932b-176dabc2d4c7,1,409.377363
4888,73657,36906,,CREEK,ACT,48-484,c8ab3216-47fd-4d42-9631-e98630581849,1,394.8874257
4889,185971,23208,Clark Creek (Trib. Pringle Creek),CREEK,ACT,42-462,b73f6cdd-08f5-49f1-8930-da884842488c,1,435.0661068
4890,4383,79412,Trib. West Middle Fork Little Pudding River,CREEK,ACT,63-462,c5b855ef-6b5e-465b-b84f-c86bb89f28d9,1,6.061699933
4891,4384,23061,Trib. West Middle Fork Little Pudding River,CREEK,ACT,63-464,f784bebb-d78b-4b6f-a126-66ea14efbe89,1,2.986974807
4892,4385,79418,Trib. West Middle Fork Little Pudding River,CREEK,ACT,63-464,cba1933d-5442-4e2d-b7c3-9bd42ff96720,1,5.979205733
4893,4386,37661,West Middle Fork Little Pudding River,CREEK,ACT,63-462,155e0904-a2a4-4811-a9e3-49de728afaae,1,13.11119141
4895,4388,137330,West Middle Fork Little Pudding River,CREEK,ACT,63-460,e424bf0e-ecf5-4b8e-9c87-08991247ff83,1,10.88790501
4896,4455,129044,West Middle Fork Little Pudding River,CREEK,ACT,66-456,971dc5df-3128-47a6-83cc-77f0d79c35c0,1,418.5509617
4897,4389,36737,West Middle Fork Little Pudding River,CREEK,ACT,63-462,ad4605e9-4fc6-4753-b759-efa40549e106,1,90.31013718
4898,4390,37401,West Middle Fork Little Pudding River,CREEK,ACT,63-462,b1e50208-0ff0-4203-b418-ff3c66151c14,1,36.7482456
4899,4391,37647,West Middle Fork Little Pudding River,CREEK,ACT,63-464,fdd3379a-24ad-400b-a385-bae9d8a0adfb,1,70.9319517
4902,4394,68868,West Fork Little Pudding River,CREEK,ACT,57-476,ac53ee91-2e3c-4a0f-8f43-4b1dd5ee7d24,1,14.51303742
4903,4395,68867,West Fork Little Pudding River,CREEK,ACT,57-476,c8b7fcd9-17d6-49f7-8217-a698afb12bc8,1,13.51755854
4904,4396,10493,East Fork Little Pudding River,CREEK,ACT,60-478,0286d0ce-cbcb-46e5-b622-aa2c376831a7,1,9.570770029
4905,4397,37919,East Fork Little Pudding River,CREEK,ACT,60-478,aa4af897-5c86-4d4a-9124-3080ac5c5839,1,5.193597299
4906,4398,37365,East Fork Little Pudding River,CREEK,ACT,60-480,515b2e58-3e35-433c-b7fe-45492bc52bac,1,11.03331959
4907,4399,77504,West Fork Little Pudding River,CREEK,ACT,57-470,92bb83ca-c10e-47fe-98a3-f9a487da4baf,1,12.05310016
4908,4400,78142,Trib. Davidson Creek (Trib. W Fork Little Pudding R.),CREEK,ACT,63-472,2c253b74-a8b1-4acf-83a6-ef4ef272d2b9,1,6.363664796
4909,4401,79422,Trib. West Middle Fork Little Pudding River,CREEK,ACT,60-464,9fb3892e-6357-4d95-9ebf-f564436aeb69,1,9.598920343
4910,4402,80373,West Fork Little Pudding River,CREEK,ACT,60-480,cce70d31-5cd7-4a49-a132-4cf18d444be8,1,4.815706264
4911,4403,80374,West Fork Little Pudding River,CREEK,ACT,60-480,1798810b-f8fe-4a9a-b193-e72a8288a629,1,5.754665601
4912,4404,74936,East Fork Little Pudding River,CREEK,ACT,63-482,8b1f7a58-2316-44a1-b594-e41a8d36a283,1,14.17559105
4913,4405,74947,West Fork Little Pudding River,CREEK,ACT,60-482,e3247966-3aad-4083-ae0a-dc6bea06579f,1,25.0569872
4914,4406,74945,West Fork Little Pudding River,CREEK,ACT,60-482,25668b47-641f-4ced-904c-a966d24fba33,1,26.29435207
4915,4407,74944,West Fork Little Pudding River,CREEK,ACT,60-482,06941b89-50f5-4a27-befe-673e4e125cf1,1,28.26053655
4916,4408,74953,West Fork Little Pudding River,CREEK,ACT,60-482,9d2a3599-9705-4cb1-8f0b-5a0285bffcf1,1,19.51949637
4917,4409,74951,West Fork Little Pudding River,CREEK,ACT,60-482,a2be7b23-cddf-4c2c-ba1f-d09e7e6d24e9,1,18.91093609
4918,4410,37143,West Fork Little Pudding River,CREEK,ACT,57-472,5fd2fd22-c14e-4abf-b755-1c56492145b6,1,18.25735934
4919,4411,77498,West Fork Little Pudding River,CREEK,ACT,57-470,08342002-71f7-43b7-ac9c-952f3ee4482d,1,9.712655236
4920,4412,5548,East Fork Little Pudding River,CREEK,ACT,63-482,2078809b-71af-4885-aa87-2cdcdd71cb0f,1,8.940344955
4921,4413,114931,West Fork Little Pudding River,CREEK,ACT,57-470,9a4e0cac-4bd9-4155-bf8e-3d1b05ee4884,1,6.601359753
4923,4414,125171,East Fork Little Pudding River,CREEK,ACT,60-476,11de413f-c3d4-4552-aef9-ca477ad487b5,1,7.115941442
4926,6051,51629,,CREEK,ACT,57-480,5fdb18e5-bfbf-4587-81cc-09a34898a8d6,1,16.7073621
4927,6049,51629,,CREEK,ACT,57-480,da54267f-25ba-4af5-a077-19a400494d9f,1,14.02960813
4928,51629,51630,,CREEK,ACT,57-480,a6c6bd0b-d989-4bed-9275-a678b340ce3d,1,60.26593738
4929,51630,5941,,CREEK,ACT,57-482,7e703a2b-5c35-4934-af12-786e23818a97,1,9.207960207
4935,4415,166130,Trib. West Middle Fork Little Pudding River,CREEK,ACT,60-464,3adcfe28-2dd1-44a8-a044-e1c5d6f74dc9,1,4.594002547
4943,183410,36106,Powell Creek (Trib. Battle Creek),CREEK,ACT,42-442,b8537b48-fd79-41dc-a1f0-1ac4fca63a09,1,1499.205879
4944,88739,52212,Battle Creek,CREEK,ACT,42-446,b53fe3f1-f24d-4ca9-9a4b-a7c235ab42c2,1,846.0339663
4945,36840,24624,Croisan Creek,CREEK,ACT,33-462,aec5b5fd-3bbb-4e25-a7f3-4d5d2a136082,1,40.26787865
4946,24624,185708,Croisan Creek,CREEK,ACT,33-462,97476c1d-1f67-4578-8613-8b20b286278b,1,900.8230567
4947,21179,53816,Croisan Creek,CREEK,ACT,36-466,7b508b33-5e27-40b7-9c55-1acd4179f876,1,344.5535146
4948,88370,88097,Mill Creek,CREEK,ACT,45-472,6018b0af-363e-4803-a7a0-30b6154b4d69,1,5.729269494
4950,87731,87733,Mill Creek,CREEK,ACT,42-478,a560e3f4-73bb-4926-acaa-d8302c476af9,1,425.2153465
4951,87733,87730,Mill Creek,CREEK,ACT,42-478,5ee2e3f3-e862-412b-bbd7-599546d6ee3f,1,48.67713524
4956,184374,184375,Trib. Mill Creek,CREEK,ACT,63-434,dc4dff2a-ef6b-4c08-a1ef-aec62b6a8514,1,28.42363034
4957,184376,184377,Trib. Mill Creek,CREEK,ACT,63-436,6a85a03b-b459-448e-af3f-5c2487e58329,1,30.95129428
4958,41984,41983,Golf Creek (Trib. Croisan Creek),CREEK,ACT,33-464,1c0b3117-a12b-4b54-b284-72f5cc7bec05,1,35.4667538
4959,184375,184376,Trib. Mill Creek,CREEK,ACT,63-436,88be17c1-3906-4ecc-8f14-c4effa0d9ed6,1,3284.614622
4960,41983,20651,Golf Creek (Trib. Croisan Creek),CREEK,ACT,33-464,fdc65b72-ebb9-4f50-a984-337fa7220614,1,5645.540232
4961,53817,41982,Croisan Creek,CREEK,ACT,36-466,1099e820-4ff8-4c41-b6aa-31fe69883705,1,1763.693709
4962,158132,69539,Croisan Creek,CREEK,ACT,27-448,d4dd17b7-eeb6-49de-8c5a-71917f3bfe76,1,3014.558953
4963,185666,158132,Croisan Creek,CREEK,ACT,27-448,19bc6e79-5d86-4f9d-98c4-26f5832287ef,1,19.65059971
4964,89671,69539,,CREEK,ACT,30-452,b94c84b0-701b-49df-a650-b7b781353443,1,948.5490185
4965,69539,69540,Croisan Creek,CREEK,ACT,30-452,447a6162-6e81-4825-990d-21f631416ad6,1,1001.448596
4969,4416,37361,West Fork Little Pudding River,CREEK,ACT,60-482,068ebd70-3293-4ba6-bccf-0a0fdd99264a,1,12.63172484
4970,4417,163890,West Fork Little Pudding River,CREEK,ACT,60-482,170aa20e-848a-46b1-bcf4-2c08b6ab814e,1,14.988428
4971,4418,5700,West Fork Little Pudding River,CREEK,ACT,60-482,659fe8c3-e3ba-4adf-9f51-50115823ef59,1,14.43883891
4972,4419,38285,West Fork Little Pudding River,CREEK,ACT,60-482,86078714-ec06-4389-aa39-a57360c0a423,1,13.24229183
4973,4420,163892,West Fork Little Pudding River,CREEK,ACT,60-482,63504eb4-1905-4f4d-9b3e-85e75a6072c0,1,15.09644039
4974,4421,38353,North Fork Little Pudding River,CREEKEPH,ACT,60-494,ee8c7f99-0a23-4a05-9fcb-45cd285b2112,1,20.0577413
4975,4422,38341,North Fork Little Pudding River,CREEKEPH,ACT,60-494,a8bd946a-6e6e-4343-a61f-79d2080e6694,1,22.71107218
4976,4423,38342,North Fork Little Pudding River,CREEK,REM,63-494,bdba3206-6bf4-4408-9f34-52a806886a39,1,827.2413648
4977,4424,38342,North Fork Little Pudding River,CREEK,REM,63-494,383a4700-f324-4536-8e5c-a218cb54cfcd,1,827.2413648
4978,4425,37357,North Fork Little Pudding River,CREEK,ACT,60-494,0aded92c-8fe7-4171-9e6d-0bbf652ceb23,1,13.25790263
4979,4426,38344,North Fork Little Pudding River,CREEKEPH,ACT,60-494,19b3192b-25b8-4f0a-9c89-c90209f86470,1,24.99564022
4980,4427,38344,North Fork Little Pudding River,CREEKEPH,ACT,60-494,1725d59e-e099-4759-873f-740c0ac0d8dd,1,22.02828778
4981,4428,38340,North Fork Little Pudding River,CREEKEPH,ACT,60-494,81311115-755c-4f4c-82c9-4087b2d60b9c,1,7.414282469
4982,4429,191743,Davidson Creek (Trib. West Fork Little Pudding R.),CREEK,ACT,66-460,a6e1701d-fcf9-4df5-8f57-f2da8c318472,1,17.12962618
4983,4430,88371,Shelton Ditch (Trib. Pringle Creek),CREEK,ACT,51-468,a0076967-face-4b1f-b0b0-cf19f1468906,1,87.59344417
4984,4431,137019,Turnage Brook (Trib Willamette R.),CREEK,ACT,33-472,8d60f66e-f511-4408-8ce6-c6ce9f8b0ebd,1,16.56540609
4985,4432,24590,Pettyjohn Creek (Trib. Willamette R.),CREEK,ACT,27-462,feded45b-e3e4-4f38-b875-872d4fb951b6,1,12.06679287
4986,4433,147250,Trib. West Middle Fork Little Pudding River,CREEK,ACT,60-462,9ab7119a-9b82-4787-833d-9ea7db4feeb4,1,200.8897354
4987,4434,24563,Laurel Creek (Trib. Willamette R.),CREEK,ACT,27-462,0e010df0-3e69-4cfd-a2a5-697712fa332d,1,251.2420154
4990,4438,62131,Trib. West Middle Fork Pringle Creek,CREEK,ACT,48-454,0ca9855d-2580-4320-acc8-ae8c5085ea5a,1,47.95225784
4993,4437,189188,Willamette Slough,CREEK,ACT,27-466,2f9a5381-d7f0-482f-ba2b-082bc1092b2b,1,274.8390309
4999,182792,182464,Trib. Battle Creek,CREEK,ACT,27-442,e1fc9276-05af-4429-84b3-0280e37ce866,1,1733.562246
5000,36224,36213,Scotch Creek (Trib. Battle Creek),CREEK,ACT,45-444,c870c526-be3d-4261-8d40-84be79be0b05,1,55.67056093
5001,50308,50309,Scotch Creek (Trib. Battle Creek),CREEK,ACT,45-444,bba830f6-4030-4f0f-b3fc-dfb6073c32e8,1,25.87452127
5002,182463,182464,Battle Creek,CREEK,ACT,27-442,8419e2c7-3cd9-4572-8ba6-75bceda98b49,1,127.9151672
5003,36213,50308,Scotch Creek (Trib. Battle Creek),CREEK,ACT,45-444,61dd3502-5d59-452b-80ff-8bacd85bbc68,1,317.244955
5004,35507,88722,Waln Creek (Trib. Battle Creek),CREEK,ACT,45-446,f8de5127-841f-4962-9155-76bbe58a6a03,1,756.285169
5005,88722,88723,Waln Creek (Trib. Battle Creek),CREEK,ACT,45-446,58dd698c-b804-41ac-8988-e6fb4e33f6c9,1,50.78560098
5006,37504,35507,Waln Creek (Trib. Battle Creek),CREEK,ACT,45-446,2535a95e-751c-40ae-88bb-fb5380c36117,1,59.47125084
5007,184380,184381,Trib. Mill Creek,CREEK,ACT,63-436,77ce7183-491c-4198-94ca-7287b6458843,1,20.27590849
5008,184381,184382,Trib. Mill Creek,CREEK,ACT,63-436,29e5fabf-bcd2-4a87-8151-5141dca4151b,1,311.3063673
5009,184382,184383,Trib. Mill Creek,CREEK,ACT,63-436,8e32d9c3-d4ef-497b-b571-d01c3e368f17,1,6.614208289
5010,182464,89015,Battle Creek,CREEK,ACT,27-444,f27cd639-d03f-4a88-9ebc-ab1452a4f6a5,1,2401.085992
5011,89015,182827,Battle Creek,CREEK,ACT,27-444,b020009c-1113-41aa-92af-b9816af9fd83,1,118.262618
5012,183094,89015,Trib. Battle Creek,CREEK,ACT,27-444,7b57cebf-a731-4357-bc63-af7d4bfe4fc5,1,1766.172742
5013,36845,37769,Croisan Creek,CREEK,ACT,33-462,916eb29e-00ba-4b99-b25a-3f837f8a6d9f,1,59.90572267
5014,184692,184693,Mill Creek,CREEK,ACT,57-448,f42ebf29-254c-4f1d-941c-93af207da06a,1,1823.07637
5015,185650,185651,Battle Creek,CREEK,ACT,60-436,96169ce9-9edd-4696-afe3-d6dd99f2e3fe,1,30.63730145
5016,185669,185670,Ballyntyne Brook (Trib. Croisan Creek),CREEK,ACT,24-452,56e489ab-1302-4d8d-8ac3-3cf17a3cb617,1,30.05070337
5017,185670,185672,Ballyntyne Brook (Trib. Croisan Creek),CREEK,ACT,24-452,60979ffb-7742-4ed4-b706-348709c8731e,1,2216.571772
5018,185672,185671,Ballyntyne Brook (Trib. Croisan Creek),CREEK,ACT,27-452,9e855318-ea06-4cfa-be60-06c64559cbdf,1,43.82617686
5020,185651,43255,Battle Creek,CREEK,ACT,60-436,fc5f83bf-6c19-4635-ba19-abf791f1ba03,1,13628.01486
5021,187920,187921,Glenn Creek,CREEK,ACT,21-478,4cf85a4b-c973-4c6d-9977-e486e68f102c,1,31.05346031
5022,187923,187920,Glenn Creek,CREEK,ACT,21-478,1a3568c1-307c-4a12-8b40-4a8a73118e00,1,2305.113118
5023,187922,187923,Glenn Creek,CREEK,ACT,,5e9db56f-294d-4371-a12e-c39465c813ba,1,33.39783569
5024,187921,9822,Glenn Creek,CREEK,ACT,21-478,506f9ea9-300b-4c1c-a101-710ae846ac53,1,1554.585573
5025,187924,10317,Bonnie Swale (Trib. Glenn Creek),CREEK,ACT,24-478,f32fa247-8e00-4e2c-9acf-289621500135,1,572.7316715
5026,47424,10675,Belvedere Brook (Trib. Glenn Creek),CREEK,ACT,24-476,6022b2a4-a324-4e40-bc04-4a38eb846a83,1,648.6189303
5027,10317,10675,Glenn Creek,CREEK,ACT,24-478,451c4634-dae8-4e25-a500-4e0639573dab,1,1661.445594
5028,10675,36962,Glenn Creek,CREEK,ACT,24-476,cb4759db-a809-461f-8fc4-84081ff4049d,1,708.343426
5029,37932,37008,Glenn Creek,CREEK,ACT,30-478,cca576b7-a8be-47be-b9dc-9cfaf46e7aa2,1,12.54131859
5030,36957,37881,Glenn Creek,CREEK,ACT,33-478,f6f74ab0-b8b5-42c4-83a5-08ff9b041c9a,1,80.73773801
5031,37008,36957,Glenn Creek,CREEK,ACT,30-478,7f5c39df-9536-4f8a-adfe-3d00b9ee87f1,1,1973.242634
5032,37769,22975,Croisan Creek,CREEK,ACT,33-462,b8c29aa5-545f-476a-9f0b-debec9205a6e,1,186.043094
5033,22975,37334,Croisan Creek,CREEK,ACT,33-464,76993132-afee-4b2d-bf3d-03d15aecae52,1,1039.222775
5034,9822,10317,Glenn Creek,CREEK,ACT,24-478,30556a80-5e98-4d95-84f1-e82b45f9a0e9,1,824.3395832
5035,37776,53814,Croisan Creek,CREEK,ACT,33-464,fc7454fd-2823-4c00-8c91-03d28dc9f299,1,2037.264571
5036,36852,37776,Croisan Creek,CREEK,ACT,33-464,97943ec4-6b5c-4060-b643-a0be9df9ed45,1,43.01475848
5037,53814,53815,Croisan Creek,CREEK,ACT,36-466,7b08ac43-6460-4781-a822-d86026bb0fd5,1,45.02246592
5040,186938,27523,Middle Fork Pringle Creek,CREEK,ACT,51-458,462a1686-d0d2-4bbc-a76b-7e0246ac91c0,1,3107.188877
5041,27523,26902,Middle Fork Pringle Creek,CREEK,ACT,51-458,69bd9be0-91b7-4349-ae54-5b66882371e2,1,1264.738701
5042,62778,27523,,CREEK,ACT,51-458,f4205013-4446-4332-82ef-45a82c3ed778,1,35.82799863
5043,186937,186938,Middle Fork Pringle Creek,CREEK,ACT,54-456,aba27ffe-f162-42b3-8c6a-6fc5cfd6b130,1,157.5422713
5055,37301,30733,,CREEK,ACT,51-454,4d016837-ed5a-49d0-9246-02a246fb418c,1,776.6474873
5327,559CW,,McKinney Creek,CREEK,ACT,,099d2041-5fc1-4387-8152-afa9de57f727,1,9136.590516
5328,560CW,,McKinney Creek,CREEK,ACT,,60f249fc-c1c8-44b7-aaca-7e7d36b26c66,1,14017.36166
5332,561CW,,Mill Creek,CREEK,ACT,,16ab3c61-b804-41c8-bdc7-cc78a1c585b7,1,19965.50305
5333,562CW,,Mill Creek,CREEK,ACT,,56474894-e4ec-436d-ad74-d98647b94d74,1,891.942197
5334,563CW,,Mill Creek,CREEK,ACT,,d17d15b9-ccf3-4bec-9ed1-a1473c920342,1,4192.651342
5335,564CW,,Mill Creek,CREEK,ACT,,c02a4895-e679-44ae-b053-dacebfd3220c,1,3803.124502
5336,565CW,,Mill Creek,CREEK,ACT,,c9d41fa9-4839-41dd-ac46-e1f6d414986f,1,7494.245155
5337,566CW,,Mill Creek,CREEK,ACT,,efe0031f-6dd3-438c-b239-ce23abf4b2e9,1,2516.159571
5338,567CW,,Mill Creek,CREEK,ACT,,38267d20-0e9a-46c8-921a-ef6e065951af,1,16442.97487
5339,568CW,,Beaver Creek,CREEK,ACT,69-436,8de26e87-494b-4561-9733-2ba0c9c53a29,1,3070.099817
5340,569CW,,Beaver Creek,CREEK,ACT,,607a11f0-8541-4a37-8781-c72a7d65a745,1,8049.382104
5341,570CW,,Beaver Creek,CREEK,ACT,,8df7b5db-a99e-41fb-9962-593a0a3d287a,1,3409.320011
5342,571CW,,Beaver Creek,CREEK,ACT,,24f5853e-21d2-4a28-97bf-3586f7b5e079,1,3653.553284
5343,572CW,,Beaver Creek,CREEK,ACT,,1416b101-a340-43a6-8c1c-fb98af32d4c0,1,4858.258773
5344,573CW,,Beaver Creek,CREEK,ACT,,298c8678-2e90-4de2-a9c5-feb25ab173b8,1,3783.622374
5345,574CW,,Beaver Creek,CREEK,ACT,,2196a200-dbc6-4238-8bd1-ad34ad96e52e,1,5706.460401
5346,575CW,,Beaver Creek,CREEK,ACT,,0a7c8f0e-89bb-45d0-82f5-c92b2ad30535,1,4328.950425
5347,576CW,,Beaver Creek,CREEK,ACT,,d71b2961-f65c-4da9-88f5-f8a2eaeec476,1,788.1149065
5348,577CW,,Beaver Creek,CREEK,ACT,,1a3e05d6-2846-498e-baad-21f31f82554d,1,29746.73002
5349,578CW,,Mill Creek,CREEK,ACT,,64682404-d42e-4958-835e-9888348555eb,1,9326.013222
5350,579CW,,Little Pudding River,CREEK,ACT,,d67c5ad5-e6aa-4b8e-ad18-7bf37892fc44,1,14974.99277
5351,580CW,,Little Pudding River,CREEK,ACT,66-478,0c4eb1a8-8f49-473f-804f-702fd0dbc4b3,1,21740.63131
5352,581CW,,Little Pudding River,CREEK,ACT,,145e7079-8630-4626-9269-b8043fa36749,1,13320.86106
5353,582CW,,Little Pudding River,CREEK,ACT,,15e1a55b-a8dc-40f1-819d-7c7bca9526f2,1,8526.91
